race,class,formGroup,form,mastery,tier,strForm,skpForm,pwrForm,eneForm,vitForm,resForm,liveMelee,liveStrike,liveKi,formBoost,softOffense,liveOffense,inherit,mobDmg,mobHp,hitsToKill,hitFracPlayer,hitCapFrac,softHp,liveHp
ancient_saiyan,cleric,base,Base,m0,1,1.0,1.0,1.0,1.0,1.0,1.0,600.0,650.0,2080.0,1.0,1648.2,1648.2,1.0,346.1,1149.3,0.55,0.041,0.06,8420.0,8420.0
ancient_saiyan,cleric,base,Base,m0,3,1.0,1.0,1.0,1.0,1.0,1.0,600.0,650.0,2080.0,1.0,1648.2,1648.2,1.0,833.6,3557.5,1.71,0.099,0.099,8420.0,8420.0
ancient_saiyan,cleric,base,Base,m0,5,1.0,1.0,1.0,1.0,1.0,1.0,600.0,650.0,2080.0,1.0,1648.2,1648.2,1.0,1389.3,7388.6,3.55,0.165,0.165,8420.0,8420.0
ancient_saiyan,cleric,base,Base,m0,7,1.0,1.0,1.0,1.0,1.0,1.0,600.0,650.0,2080.0,1.0,1648.2,1648.2,1.0,1759.8,10946.0,5.26,0.209,0.209,8420.0,8420.0
ancient_saiyan,cleric,primalssj,primal_ssj,m0,1,2.0,2.0,2.0,1.0,1.0,2.0,1200.0,1300.0,4160.0,2.0,2413.3,3166.8,0.762,506.8,1149.3,0.28,0.06,0.062,8420.0,8420.0
ancient_saiyan,cleric,primalssj,primal_ssj,m0,3,2.0,2.0,2.0,1.0,1.0,2.0,1200.0,1300.0,4160.0,2.0,2635.3,3166.8,0.832,941.5,3557.5,0.86,0.112,0.112,8420.0,8420.0
ancient_saiyan,cleric,primalssj,primal_ssj,m0,5,2.0,2.0,2.0,1.0,1.0,2.0,1200.0,1300.0,4160.0,2.0,2149.4,3166.8,0.679,1569.1,7388.6,1.78,0.186,0.186,8420.0,8420.0
ancient_saiyan,cleric,primalssj,primal_ssj,m0,7,2.0,2.0,2.0,1.0,1.0,2.0,1200.0,1300.0,4160.0,2.0,2149.4,3166.8,0.679,1987.5,10946.0,2.63,0.236,0.236,8420.0,8420.0
ancient_saiyan,cleric,primalssj,primal_ssj,m100,1,40.0,40.0,40.0,1.0,1.0,40.0,24000.0,26000.0,83200.0,40.0,4295.0,60874.6,0.071,782.1,1149.3,0.01,0.093,0.093,8420.0,8420.0
ancient_saiyan,cleric,primalssj,primal_ssj,m100,3,40.0,40.0,40.0,1.0,1.0,40.0,24000.0,26000.0,83200.0,40.0,4112.1,60874.6,0.068,1407.7,3557.5,0.04,0.167,0.167,8420.0,8420.0
ancient_saiyan,cleric,primalssj,primal_ssj,m100,5,40.0,40.0,40.0,1.0,1.0,40.0,24000.0,26000.0,83200.0,40.0,3645.9,60874.6,0.06,2346.2,7388.6,0.09,0.279,0.279,8420.0,8420.0
ancient_saiyan,cleric,primalssj,primal_ssj,m100,7,40.0,40.0,40.0,1.0,1.0,40.0,24000.0,26000.0,83200.0,40.0,3645.9,60874.6,0.06,2971.8,10946.0,0.13,0.353,0.353,8420.0,8420.0
ancient_saiyan,cleric,primalssj,primal_ssj2,m0,1,3.0,3.0,3.0,1.0,1.0,3.0,1800.0,1950.0,6240.0,3.0,2934.9,4685.5,0.626,558.1,1149.3,0.18,0.066,0.066,8420.0,8420.0
ancient_saiyan,cleric,primalssj,primal_ssj2,m0,3,3.0,3.0,3.0,1.0,1.0,3.0,1800.0,1950.0,6240.0,3.0,3308.3,4685.5,0.706,1004.6,3557.5,0.57,0.119,0.119,8420.0,8420.0
ancient_saiyan,cleric,primalssj,primal_ssj2,m0,5,3.0,3.0,3.0,1.0,1.0,3.0,1800.0,1950.0,6240.0,3.0,2491.0,4685.5,0.532,1674.3,7388.6,1.18,0.199,0.199,8420.0,8420.0
ancient_saiyan,cleric,primalssj,primal_ssj2,m0,7,3.0,3.0,3.0,1.0,1.0,3.0,1800.0,1950.0,6240.0,3.0,2491.0,4685.5,0.532,2120.8,10946.0,1.75,0.252,0.252,8420.0,8420.0
ancient_saiyan,cleric,primalssj,primal_ssj2,m100,1,60.0,60.0,60.0,1.0,1.0,60.0,36000.0,39000.0,124800.0,60.0,4322.1,91247.1,0.047,817.1,1149.3,0.01,0.097,0.097,8420.0,8420.0
ancient_saiyan,cleric,primalssj,primal_ssj2,m100,3,60.0,60.0,60.0,1.0,1.0,60.0,36000.0,39000.0,124800.0,60.0,4282.5,91247.1,0.047,1470.8,3557.5,0.03,0.175,0.175,8420.0,8420.0
ancient_saiyan,cleric,primalssj,primal_ssj2,m100,5,60.0,60.0,60.0,1.0,1.0,60.0,36000.0,39000.0,124800.0,60.0,3784.2,91247.1,0.041,2451.4,7388.6,0.06,0.291,0.291,8420.0,8420.0
ancient_saiyan,cleric,primalssj,primal_ssj2,m100,7,60.0,60.0,60.0,1.0,1.0,60.0,36000.0,39000.0,124800.0,60.0,3784.2,91247.1,0.041,3105.1,10946.0,0.09,0.369,0.369,8420.0,8420.0
ancient_saiyan,cleric,primalssj,primalgod,m0,1,4.0,4.0,4.0,1.0,1.0,4.0,2400.0,2600.0,8320.0,4.0,3392.2,6204.1,0.547,583.0,1149.3,0.14,0.069,0.069,8420.0,8420.0
ancient_saiyan,cleric,primalssj,primalgod,m0,3,4.0,4.0,4.0,1.0,1.0,4.0,2400.0,2600.0,8320.0,4.0,3898.3,6204.1,0.628,1049.3,3557.5,0.43,0.125,0.125,8420.0,8420.0
ancient_saiyan,cleric,primalssj,primalgod,m0,5,4.0,4.0,4.0,1.0,1.0,4.0,2400.0,2600.0,8320.0,4.0,2790.6,6204.1,0.45,1748.9,7388.6,0.89,0.208,0.208,8420.0,8420.0
ancient_saiyan,cleric,primalssj,primalgod,m0,7,4.0,4.0,4.0,1.0,1.0,4.0,2400.0,2600.0,8320.0,4.0,2790.6,6204.1,0.45,2215.3,10946.0,1.32,0.263,0.263,8420.0,8420.0
ancient_saiyan,cleric,primalssj,primalgod,m100,1,80.0,80.0,80.0,1.0,1.0,80.0,48000.0,52000.0,166400.0,80.0,4304.9,121619.6,0.035,842.0,1149.3,0.01,0.1,0.1,8420.0,8420.0
ancient_saiyan,cleric,primalssj,primalgod,m100,3,80.0,80.0,80.0,1.0,1.0,80.0,48000.0,52000.0,166400.0,80.0,4304.9,121619.6,0.035,1515.6,3557.5,0.02,0.18,0.18,8420.0,8420.0
ancient_saiyan,cleric,primalssj,primalgod,m100,5,80.0,80.0,80.0,1.0,1.0,80.0,48000.0,52000.0,166400.0,80.0,3862.1,121619.6,0.032,2526.0,7388.6,0.04,0.3,0.3,8420.0,8420.0
ancient_saiyan,cleric,primalssj,primalgod,m100,7,80.0,80.0,80.0,1.0,1.0,80.0,48000.0,52000.0,166400.0,80.0,3862.1,121619.6,0.032,3199.6,10946.0,0.07,0.38,0.38,8420.0,8420.0
ancient_saiyan,warrior,base,Base,m0,1,1.0,1.0,1.0,1.0,1.0,1.0,5040.0,1400.0,600.0,1.0,3582.9,3582.9,1.0,663.6,1509.7,0.3,0.06,0.06,11060.0,11060.0
ancient_saiyan,warrior,base,Base,m0,3,1.0,1.0,1.0,1.0,1.0,1.0,5040.0,1400.0,600.0,1.0,3582.9,3582.9,1.0,1094.9,4672.9,0.93,0.099,0.099,11060.0,11060.0
ancient_saiyan,warrior,base,Base,m0,5,1.0,1.0,1.0,1.0,1.0,1.0,5040.0,1400.0,600.0,1.0,3582.9,3582.9,1.0,1824.9,9705.2,1.93,0.165,0.165,11060.0,11060.0
ancient_saiyan,warrior,base,Base,m0,7,1.0,1.0,1.0,1.0,1.0,1.0,5040.0,1400.0,600.0,1.0,3582.9,3582.9,1.0,2311.5,14378.0,2.85,0.209,0.209,11060.0,11060.0
ancient_saiyan,warrior,primalssj,primal_ssj,m0,1,2.0,2.0,2.0,1.0,1.0,2.0,10080.0,2800.0,1200.0,2.0,5378.4,7146.9,0.753,687.0,1509.7,0.15,0.062,0.062,11060.0,11060.0
ancient_saiyan,warrior,primalssj,primal_ssj,m0,3,2.0,2.0,2.0,1.0,1.0,2.0,10080.0,2800.0,1200.0,2.0,5899.5,7146.9,0.825,1236.6,4672.9,0.46,0.112,0.112,11060.0,11060.0
ancient_saiyan,warrior,primalssj,primal_ssj,m0,5,2.0,2.0,2.0,1.0,1.0,2.0,10080.0,2800.0,1200.0,2.0,4759.0,7146.9,0.666,2061.1,9705.2,0.96,0.186,0.186,11060.0,11060.0
ancient_saiyan,warrior,primalssj,primal_ssj,m0,7,2.0,2.0,2.0,1.0,1.0,2.0,10080.0,2800.0,1200.0,2.0,4759.0,7146.9,0.666,2610.7,14378.0,1.43,0.236,0.236,11060.0,11060.0
ancient_saiyan,warrior,primalssj,primal_ssj,m100,1,40.0,40.0,40.0,1.0,1.0,40.0,201600.0,56000.0,24000.0,40.0,9794.4,142578.9,0.069,1027.3,1509.7,0.01,0.093,0.093,11060.0,11060.0
ancient_saiyan,warrior,primalssj,primal_ssj,m100,3,40.0,40.0,40.0,1.0,1.0,40.0,201600.0,56000.0,24000.0,40.0,9365.2,142578.9,0.066,1849.1,4672.9,0.02,0.167,0.167,11060.0,11060.0
ancient_saiyan,warrior,primalssj,primal_ssj,m100,5,40.0,40.0,40.0,1.0,1.0,40.0,201600.0,56000.0,24000.0,40.0,8271.3,142578.9,0.058,3081.8,9705.2,0.05,0.279,0.279,11060.0,11060.0
ancient_saiyan,warrior,primalssj,primal_ssj,m100,7,40.0,40.0,40.0,1.0,1.0,40.0,201600.0,56000.0,24000.0,40.0,8271.3,142578.9,0.058,3903.6,14378.0,0.07,0.353,0.353,11060.0,11060.0
ancient_saiyan,warrior,primalssj,primal_ssj2,m0,1,3.0,3.0,3.0,1.0,1.0,3.0,15120.0,4200.0,1800.0,3.0,6602.6,10710.9,0.616,733.1,1509.7,0.1,0.066,0.066,11060.0,11060.0
ancient_saiyan,warrior,primalssj,primal_ssj2,m0,3,3.0,3.0,3.0,1.0,1.0,3.0,15120.0,4200.0,1800.0,3.0,7478.9,10710.9,0.698,1319.5,4672.9,0.31,0.119,0.119,11060.0,11060.0
ancient_saiyan,warrior,primalssj,primal_ssj2,m0,5,3.0,3.0,3.0,1.0,1.0,3.0,15120.0,4200.0,1800.0,3.0,5560.9,10710.9,0.519,2199.2,9705.2,0.64,0.199,0.199,11060.0,11060.0
ancient_saiyan,warrior,primalssj,primal_ssj2,m0,7,3.0,3.0,3.0,1.0,1.0,3.0,15120.0,4200.0,1800.0,3.0,5560.9,10710.9,0.519,2785.7,14378.0,0.95,0.252,0.252,11060.0,11060.0
ancient_saiyan,warrior,primalssj,primal_ssj2,m100,1,60.0,60.0,60.0,1.0,1.0,60.0,302400.0,84000.0,36000.0,60.0,9858.0,213858.9,0.046,1073.3,1509.7,0.0,0.097,0.097,11060.0,11060.0
ancient_saiyan,warrior,primalssj,primal_ssj2,m100,3,60.0,60.0,60.0,1.0,1.0,60.0,302400.0,84000.0,36000.0,60.0,9765.3,213858.9,0.046,1932.0,4672.9,0.02,0.175,0.175,11060.0,11060.0
ancient_saiyan,warrior,primalssj,primal_ssj2,m100,5,60.0,60.0,60.0,1.0,1.0,60.0,302400.0,84000.0,36000.0,60.0,8595.6,213858.9,0.04,3220.0,9705.2,0.03,0.291,0.291,11060.0,11060.0
ancient_saiyan,warrior,primalssj,primal_ssj2,m100,7,60.0,60.0,60.0,1.0,1.0,60.0,302400.0,84000.0,36000.0,60.0,8595.6,213858.9,0.04,4078.6,14378.0,0.05,0.369,0.369,11060.0,11060.0
ancient_saiyan,warrior,primalssj,primalgod,m0,1,4.0,4.0,4.0,1.0,1.0,4.0,20160.0,5600.0,2400.0,4.0,7675.9,14274.9,0.538,765.8,1509.7,0.07,0.069,0.069,11060.0,11060.0
ancient_saiyan,warrior,primalssj,primalgod,m0,3,4.0,4.0,4.0,1.0,1.0,4.0,20160.0,5600.0,2400.0,4.0,8863.6,14274.9,0.621,1378.4,4672.9,0.23,0.125,0.125,11060.0,11060.0
ancient_saiyan,warrior,primalssj,primalgod,m0,5,4.0,4.0,4.0,1.0,1.0,4.0,20160.0,5600.0,2400.0,4.0,6263.9,14274.9,0.439,2297.3,9705.2,0.48,0.208,0.208,11060.0,11060.0
ancient_saiyan,warrior,primalssj,primalgod,m0,7,4.0,4.0,4.0,1.0,1.0,4.0,20160.0,5600.0,2400.0,4.0,6263.9,14274.9,0.439,2909.9,14378.0,0.71,0.263,0.263,11060.0,11060.0
ancient_saiyan,warrior,primalssj,primalgod,m100,1,80.0,80.0,80.0,1.0,1.0,80.0,403200.0,112000.0,48000.0,80.0,9817.8,285138.9,0.034,1106.0,1509.7,0.0,0.1,0.1,11060.0,11060.0
ancient_saiyan,warrior,primalssj,primalgod,m100,3,80.0,80.0,80.0,1.0,1.0,80.0,403200.0,112000.0,48000.0,80.0,9817.8,285138.9,0.034,1990.8,4672.9,0.01,0.18,0.18,11060.0,11060.0
ancient_saiyan,warrior,primalssj,primalgod,m100,5,80.0,80.0,80.0,1.0,1.0,80.0,403200.0,112000.0,48000.0,80.0,8778.6,285138.9,0.031,3318.0,9705.2,0.02,0.3,0.3,11060.0,11060.0
ancient_saiyan,warrior,primalssj,primalgod,m100,7,80.0,80.0,80.0,1.0,1.0,80.0,403200.0,112000.0,48000.0,80.0,8778.6,285138.9,0.031,4202.8,14378.0,0.04,0.38,0.38,11060.0,11060.0
ancient_saiyan,berserker,base,Base,m0,1,1.0,1.0,1.0,1.0,1.0,1.0,4560.0,1040.0,440.0,1.0,3202.7,3202.7,1.0,672.6,2459.7,0.54,0.037,0.06,18020.0,18020.0
ancient_saiyan,berserker,base,Base,m0,3,1.0,1.0,1.0,1.0,1.0,1.0,4560.0,1040.0,440.0,1.0,3202.7,3202.7,1.0,1784.0,7613.4,1.67,0.099,0.099,18020.0,18020.0
ancient_saiyan,berserker,base,Base,m0,5,1.0,1.0,1.0,1.0,1.0,1.0,4560.0,1040.0,440.0,1.0,3202.7,3202.7,1.0,2973.3,15812.6,3.47,0.165,0.165,18020.0,18020.0
ancient_saiyan,berserker,base,Base,m0,7,1.0,1.0,1.0,1.0,1.0,1.0,4560.0,1040.0,440.0,1.0,3202.7,3202.7,1.0,3766.2,23426.0,5.14,0.209,0.209,18020.0,18020.0
ancient_saiyan,berserker,primalssj,primal_ssj,m0,1,2.0,2.0,2.0,1.0,1.0,2.0,9120.0,2080.0,880.0,2.0,4808.6,6390.2,0.752,1009.8,2459.7,0.27,0.056,0.062,18020.0,18020.0
ancient_saiyan,berserker,primalssj,primal_ssj,m0,3,2.0,2.0,2.0,1.0,1.0,2.0,9120.0,2080.0,880.0,2.0,5274.6,6390.2,0.825,2014.9,7613.4,0.83,0.112,0.112,18020.0,18020.0
ancient_saiyan,berserker,primalssj,primal_ssj,m0,5,2.0,2.0,2.0,1.0,1.0,2.0,9120.0,2080.0,880.0,2.0,4254.6,6390.2,0.666,3358.1,15812.6,1.73,0.186,0.186,18020.0,18020.0
ancient_saiyan,berserker,primalssj,primal_ssj,m0,7,2.0,2.0,2.0,1.0,1.0,2.0,9120.0,2080.0,880.0,2.0,4254.6,6390.2,0.666,4253.6,23426.0,2.57,0.236,0.236,18020.0,18020.0
ancient_saiyan,berserker,primalssj,primal_ssj,m100,1,40.0,40.0,40.0,1.0,1.0,40.0,182400.0,41600.0,17600.0,40.0,8758.0,127515.2,0.069,1673.7,2459.7,0.01,0.093,0.093,18020.0,18020.0
ancient_saiyan,berserker,primalssj,primal_ssj,m100,3,40.0,40.0,40.0,1.0,1.0,40.0,182400.0,41600.0,17600.0,40.0,8374.2,127515.2,0.066,3012.7,7613.4,0.04,0.167,0.167,18020.0,18020.0
ancient_saiyan,berserker,primalssj,primal_ssj,m100,5,40.0,40.0,40.0,1.0,1.0,40.0,182400.0,41600.0,17600.0,40.0,7395.8,127515.2,0.058,5021.2,15812.6,0.09,0.279,0.279,18020.0,18020.0
ancient_saiyan,berserker,primalssj,primal_ssj,m100,7,40.0,40.0,40.0,1.0,1.0,40.0,182400.0,41600.0,17600.0,40.0,7395.8,127515.2,0.058,6360.2,23426.0,0.13,0.353,0.353,18020.0,18020.0
ancient_saiyan,berserker,primalssj,primal_ssj2,m0,1,3.0,3.0,3.0,1.0,1.0,3.0,13680.0,3120.0,1320.0,3.0,5903.4,9577.7,0.616,1194.4,2459.7,0.18,0.066,0.066,18020.0,18020.0
ancient_saiyan,berserker,primalssj,primal_ssj2,m0,3,3.0,3.0,3.0,1.0,1.0,3.0,13680.0,3120.0,1320.0,3.0,6687.2,9577.7,0.698,2149.9,7613.4,0.56,0.119,0.119,18020.0,18020.0
ancient_saiyan,berserker,primalssj,primal_ssj2,m0,5,3.0,3.0,3.0,1.0,1.0,3.0,13680.0,3120.0,1320.0,3.0,4971.7,9577.7,0.519,3583.2,15812.6,1.16,0.199,0.199,18020.0,18020.0
ancient_saiyan,berserker,primalssj,primal_ssj2,m0,7,3.0,3.0,3.0,1.0,1.0,3.0,13680.0,3120.0,1320.0,3.0,4971.7,9577.7,0.519,4538.7,23426.0,1.71,0.252,0.252,18020.0,18020.0
ancient_saiyan,berserker,primalssj,primal_ssj2,m100,1,60.0,60.0,60.0,1.0,1.0,60.0,273600.0,62400.0,26400.0,60.0,8814.9,191265.2,0.046,1748.8,2459.7,0.01,0.097,0.097,18020.0,18020.0
ancient_saiyan,berserker,primalssj,primal_ssj2,m100,3,60.0,60.0,60.0,1.0,1.0,60.0,273600.0,62400.0,26400.0,60.0,8732.0,191265.2,0.046,3147.8,7613.4,0.03,0.175,0.175,18020.0,18020.0
ancient_saiyan,berserker,primalssj,primal_ssj2,m100,5,60.0,60.0,60.0,1.0,1.0,60.0,273600.0,62400.0,26400.0,60.0,7685.9,191265.2,0.04,5246.3,15812.6,0.06,0.291,0.291,18020.0,18020.0
ancient_saiyan,berserker,primalssj,primal_ssj2,m100,7,60.0,60.0,60.0,1.0,1.0,60.0,273600.0,62400.0,26400.0,60.0,7685.9,191265.2,0.04,6645.3,23426.0,0.09,0.369,0.369,18020.0,18020.0
ancient_saiyan,berserker,primalssj,primalgod,m0,1,4.0,4.0,4.0,1.0,1.0,4.0,18240.0,4160.0,1760.0,4.0,6863.3,12765.2,0.538,1247.6,2459.7,0.13,0.069,0.069,18020.0,18020.0
ancient_saiyan,berserker,primalssj,primalgod,m0,3,4.0,4.0,4.0,1.0,1.0,4.0,18240.0,4160.0,1760.0,4.0,7925.6,12765.2,0.621,2245.7,7613.4,0.42,0.125,0.125,18020.0,18020.0
ancient_saiyan,berserker,primalssj,primalgod,m0,5,4.0,4.0,4.0,1.0,1.0,4.0,18240.0,4160.0,1760.0,4.0,5600.5,12765.2,0.439,3742.9,15812.6,0.87,0.208,0.208,18020.0,18020.0
ancient_saiyan,berserker,primalssj,primalgod,m0,7,4.0,4.0,4.0,1.0,1.0,4.0,18240.0,4160.0,1760.0,4.0,5600.5,12765.2,0.439,4741.0,23426.0,1.28,0.263,0.263,18020.0,18020.0
ancient_saiyan,berserker,primalssj,primalgod,m100,1,80.0,80.0,80.0,1.0,1.0,80.0,364800.0,83200.0,35200.0,80.0,8778.9,255015.2,0.034,1802.0,2459.7,0.01,0.1,0.1,18020.0,18020.0
ancient_saiyan,berserker,primalssj,primalgod,m100,3,80.0,80.0,80.0,1.0,1.0,80.0,364800.0,83200.0,35200.0,80.0,8778.9,255015.2,0.034,3243.6,7613.4,0.02,0.18,0.18,18020.0,18020.0
ancient_saiyan,berserker,primalssj,primalgod,m100,5,80.0,80.0,80.0,1.0,1.0,80.0,364800.0,83200.0,35200.0,80.0,7849.5,255015.2,0.031,5406.0,15812.6,0.04,0.3,0.3,18020.0,18020.0
ancient_saiyan,berserker,primalssj,primalgod,m100,7,80.0,80.0,80.0,1.0,1.0,80.0,364800.0,83200.0,35200.0,80.0,7849.5,255015.2,0.031,6847.6,23426.0,0.06,0.38,0.38,18020.0,18020.0
ancient_saiyan,spiritualist,base,Base,m0,1,1.0,1.0,1.0,1.0,1.0,1.0,390.0,700.0,7220.0,1.0,5025.8,5025.8,1.0,450.0,1023.8,0.14,0.06,0.06,7500.0,7500.0
ancient_saiyan,spiritualist,base,Base,m0,3,1.0,1.0,1.0,1.0,1.0,1.0,390.0,700.0,7220.0,1.0,5025.8,5025.8,1.0,742.5,3168.8,0.44,0.099,0.099,7500.0,7500.0
ancient_saiyan,spiritualist,base,Base,m0,5,1.0,1.0,1.0,1.0,1.0,1.0,390.0,700.0,7220.0,1.0,5025.8,5025.8,1.0,1237.5,6581.3,0.91,0.165,0.165,7500.0,7500.0
ancient_saiyan,spiritualist,base,Base,m0,7,1.0,1.0,1.0,1.0,1.0,1.0,390.0,700.0,7220.0,1.0,5025.8,5025.8,1.0,1567.5,9750.0,1.35,0.209,0.209,7500.0,7500.0
ancient_saiyan,spiritualist,primalssj,primal_ssj,m0,1,2.0,2.0,2.0,1.0,1.0,2.0,780.0,1400.0,14440.0,2.0,7497.3,9931.6,0.755,465.9,1023.8,0.07,0.062,0.062,7500.0,7500.0
ancient_saiyan,spiritualist,primalssj,primal_ssj,m0,3,2.0,2.0,2.0,1.0,1.0,2.0,780.0,1400.0,14440.0,2.0,8214.6,9931.6,0.827,838.6,3168.8,0.22,0.112,0.112,7500.0,7500.0
ancient_saiyan,spiritualist,primalssj,primal_ssj,m0,5,2.0,2.0,2.0,1.0,1.0,2.0,780.0,1400.0,14440.0,2.0,6644.7,9931.6,0.669,1397.7,6581.3,0.46,0.186,0.186,7500.0,7500.0
ancient_saiyan,spiritualist,primalssj,primal_ssj,m0,7,2.0,2.0,2.0,1.0,1.0,2.0,780.0,1400.0,14440.0,2.0,6644.7,9931.6,0.669,1770.4,9750.0,0.68,0.236,0.236,7500.0,7500.0
ancient_saiyan,spiritualist,primalssj,primal_ssj,m100,1,40.0,40.0,40.0,1.0,1.0,40.0,15600.0,28000.0,288800.0,40.0,13575.9,196354.9,0.069,696.6,1023.8,0.0,0.093,0.093,7500.0,7500.0
ancient_saiyan,spiritualist,primalssj,primal_ssj,m100,3,40.0,40.0,40.0,1.0,1.0,40.0,15600.0,28000.0,288800.0,40.0,12985.1,196354.9,0.066,1253.9,3168.8,0.01,0.167,0.167,7500.0,7500.0
ancient_saiyan,spiritualist,primalssj,primal_ssj,m100,5,40.0,40.0,40.0,1.0,1.0,40.0,15600.0,28000.0,288800.0,40.0,11479.3,196354.9,0.058,2089.8,6581.3,0.02,0.279,0.279,7500.0,7500.0
ancient_saiyan,spiritualist,primalssj,primal_ssj,m100,7,40.0,40.0,40.0,1.0,1.0,40.0,15600.0,28000.0,288800.0,40.0,11479.3,196354.9,0.058,2647.1,9750.0,0.03,0.353,0.353,7500.0,7500.0
ancient_saiyan,spiritualist,primalssj,primal_ssj2,m0,1,3.0,3.0,3.0,1.0,1.0,3.0,1170.0,2100.0,21660.0,3.0,9182.4,14837.5,0.619,497.1,1023.8,0.05,0.066,0.066,7500.0,7500.0
ancient_saiyan,spiritualist,primalssj,primal_ssj2,m0,3,3.0,3.0,3.0,1.0,1.0,3.0,1170.0,2100.0,21660.0,3.0,10388.7,14837.5,0.7,894.8,3168.8,0.15,0.119,0.119,7500.0,7500.0
ancient_saiyan,spiritualist,primalssj,primal_ssj2,m0,5,3.0,3.0,3.0,1.0,1.0,3.0,1170.0,2100.0,21660.0,3.0,7748.5,14837.5,0.522,1491.3,6581.3,0.3,0.199,0.199,7500.0,7500.0
ancient_saiyan,spiritualist,primalssj,primal_ssj2,m0,7,3.0,3.0,3.0,1.0,1.0,3.0,1170.0,2100.0,21660.0,3.0,7748.5,14837.5,0.522,1889.0,9750.0,0.45,0.252,0.252,7500.0,7500.0
ancient_saiyan,spiritualist,primalssj,primal_ssj2,m100,1,60.0,60.0,60.0,1.0,1.0,60.0,23400.0,42000.0,433200.0,60.0,13663.5,294472.4,0.046,727.8,1025.8,0.0,0.097,0.097,7500.0,7500.0
ancient_saiyan,spiritualist,primalssj,primal_ssj2,m100,3,60.0,60.0,60.0,1.0,1.0,60.0,23400.0,42000.0,433200.0,60.0,13535.9,294472.4,0.046,1310.1,3168.8,0.01,0.175,0.175,7500.0,7500.0
ancient_saiyan,spiritualist,primalssj,primal_ssj2,m100,5,60.0,60.0,60.0,1.0,1.0,60.0,23400.0,42000.0,433200.0,60.0,11925.8,294472.4,0.04,2183.5,6581.3,0.02,0.291,0.291,7500.0,7500.0
ancient_saiyan,spiritualist,primalssj,primal_ssj2,m100,7,60.0,60.0,60.0,1.0,1.0,60.0,23400.0,42000.0,433200.0,60.0,11925.8,294472.4,0.04,2765.8,9750.0,0.02,0.369,0.369,7500.0,7500.0
ancient_saiyan,spiritualist,primalssj,primalgod,m0,1,4.0,4.0,4.0,1.0,1.0,4.0,1560.0,2800.0,28880.0,4.0,10659.7,19743.4,0.54,519.3,1023.8,0.04,0.069,0.069,7500.0,7500.0
ancient_saiyan,spiritualist,primalssj,primalgod,m0,3,4.0,4.0,4.0,1.0,1.0,4.0,1560.0,2800.0,28880.0,4.0,12294.7,19743.4,0.623,934.7,3168.8,0.11,0.125,0.125,7500.0,7500.0
ancient_saiyan,spiritualist,primalssj,primalgod,m0,5,4.0,4.0,4.0,1.0,1.0,4.0,1560.0,2800.0,28880.0,4.0,8716.1,19743.4,0.441,1557.8,6581.3,0.23,0.208,0.208,7500.0,7500.0
ancient_saiyan,spiritualist,primalssj,primalgod,m0,7,4.0,4.0,4.0,1.0,1.0,4.0,1560.0,2800.0,28880.0,4.0,8716.1,19743.4,0.441,1973.2,9750.0,0.34,0.263,0.263,7500.0,7500.0
ancient_saiyan,spiritualist,primalssj,primalgod,m100,1,80.0,80.0,80.0,1.0,1.0,80.0,31200.0,56000.0,577600.0,80.0,13608.1,392589.9,0.035,750.0,1023.8,0.0,0.1,0.1,7500.0,7500.0
ancient_saiyan,spiritualist,primalssj,primalgod,m100,3,80.0,80.0,80.0,1.0,1.0,80.0,31200.0,56000.0,577600.0,80.0,13608.1,392589.9,0.035,1350.0,3168.8,0.01,0.18,0.18,7500.0,7500.0
ancient_saiyan,spiritualist,primalssj,primalgod,m100,5,80.0,80.0,80.0,1.0,1.0,80.0,31200.0,56000.0,577600.0,80.0,12177.7,392589.9,0.031,2250.0,6581.3,0.01,0.3,0.3,7500.0,7500.0
ancient_saiyan,spiritualist,primalssj,primalgod,m100,7,80.0,80.0,80.0,1.0,1.0,80.0,31200.0,56000.0,577600.0,80.0,12177.7,392589.9,0.031,2850.0,9750.0,0.02,0.38,0.38,7500.0,7500.0
ancient_saiyan,martialartist,base,Base,m0,1,1.0,1.0,1.0,1.0,1.0,1.0,1280.0,6840.0,780.0,1.0,4784.9,4784.9,1.0,906.0,2061.2,0.3,0.06,0.06,15100.0,15100.0
ancient_saiyan,martialartist,base,Base,m0,3,1.0,1.0,1.0,1.0,1.0,1.0,1280.0,6840.0,780.0,1.0,4784.9,4784.9,1.0,1494.9,6379.8,0.93,0.099,0.099,15100.0,15100.0
ancient_saiyan,martialartist,base,Base,m0,5,1.0,1.0,1.0,1.0,1.0,1.0,1280.0,6840.0,780.0,1.0,4784.9,4784.9,1.0,2491.5,13250.2,1.94,0.165,0.165,15100.0,15100.0
ancient_saiyan,martialartist,base,Base,m0,7,1.0,1.0,1.0,1.0,1.0,1.0,1280.0,6840.0,780.0,1.0,4784.9,4784.9,1.0,3155.9,19630.0,2.87,0.209,0.209,15100.0,15100.0
ancient_saiyan,martialartist,primalssj,primal_ssj,m0,1,2.0,2.0,2.0,1.0,1.0,2.0,2560.0,13680.0,1560.0,2.0,7184.6,9548.1,0.752,938.0,2061.2,0.15,0.062,0.062,15100.0,15100.0
ancient_saiyan,martialartist,primalssj,primal_ssj,m0,3,2.0,2.0,2.0,1.0,1.0,2.0,2560.0,13680.0,1560.0,2.0,7881.0,9548.1,0.825,1688.4,6379.8,0.47,0.112,0.112,15100.0,15100.0
ancient_saiyan,martialartist,primalssj,primal_ssj,m0,5,2.0,2.0,2.0,1.0,1.0,2.0,2560.0,13680.0,1560.0,2.0,6356.7,9548.1,0.666,2813.9,13250.2,0.97,0.186,0.186,15100.0,15100.0
ancient_saiyan,martialartist,primalssj,primal_ssj,m0,7,2.0,2.0,2.0,1.0,1.0,2.0,2560.0,13680.0,1560.0,2.0,6356.7,9548.1,0.666,3564.3,19630.0,1.43,0.236,0.236,15100.0,15100.0
ancient_saiyan,martialartist,primalssj,primal_ssj,m100,1,40.0,40.0,40.0,1.0,1.0,40.0,51200.0,273600.0,31200.0,40.0,13086.5,190551.6,0.069,1402.5,2061.2,0.01,0.093,0.093,15100.0,15100.0
ancient_saiyan,martialartist,primalssj,primal_ssj,m100,3,40.0,40.0,40.0,1.0,1.0,40.0,51200.0,273600.0,31200.0,40.0,12512.8,190551.6,0.066,2524.5,6379.8,0.02,0.167,0.167,15100.0,15100.0
ancient_saiyan,martialartist,primalssj,primal_ssj,m100,5,40.0,40.0,40.0,1.0,1.0,40.0,51200.0,273600.0,31200.0,40.0,11050.8,190551.6,0.058,4207.6,13250.2,0.05,0.279,0.279,15100.0,15100.0
ancient_saiyan,martialartist,primalssj,primal_ssj,m100,7,40.0,40.0,40.0,1.0,1.0,40.0,51200.0,273600.0,31200.0,40.0,11050.8,190551.6,0.058,5329.6,19630.0,0.07,0.353,0.353,15100.0,15100.0
ancient_saiyan,martialartist,primalssj,primal_ssj2,m0,1,3.0,3.0,3.0,1.0,1.0,3.0,3840.0,20520.0,2340.0,3.0,8820.7,14311.4,0.616,1000.9,2061.2,0.1,0.066,0.066,15100.0,15100.0
ancient_saiyan,martialartist,primalssj,primal_ssj2,m0,3,3.0,3.0,3.0,1.0,1.0,3.0,3840.0,20520.0,2340.0,3.0,9991.9,14311.4,0.698,1801.5,6379.8,0.31,0.119,0.119,15100.0,15100.0
ancient_saiyan,martialartist,primalssj,primal_ssj2,m0,5,3.0,3.0,3.0,1.0,1.0,3.0,3840.0,20520.0,2340.0,3.0,7428.4,14311.4,0.519,3002.6,13250.2,0.65,0.199,0.199,15100.0,15100.0
ancient_saiyan,martialartist,primalssj,primal_ssj2,m0,7,3.0,3.0,3.0,1.0,1.0,3.0,3840.0,20520.0,2340.0,3.0,7428.4,14311.4,0.519,3803.3,19630.0,0.96,0.252,0.252,15100.0,15100.0
ancient_saiyan,martialartist,primalssj,primal_ssj2,m100,1,60.0,60.0,60.0,1.0,1.0,60.0,76800.0,410400.0,46800.0,60.0,13171.5,285816.6,0.046,1465.4,2061.2,0.01,0.097,0.097,15100.0,15100.0
ancient_saiyan,martialartist,primalssj,primal_ssj2,m100,3,60.0,60.0,60.0,1.0,1.0,60.0,76800.0,410400.0,46800.0,60.0,13047.6,285816.6,0.046,2637.7,6379.8,0.02,0.175,0.175,15100.0,15100.0
ancient_saiyan,martialartist,primalssj,primal_ssj2,m100,5,60.0,60.0,60.0,1.0,1.0,60.0,76800.0,410400.0,46800.0,60.0,11484.3,285816.6,0.04,4396.2,13250.2,0.03,0.291,0.291,15100.0,15100.0
ancient_saiyan,martialartist,primalssj,primal_ssj2,m100,7,60.0,60.0,60.0,1.0,1.0,60.0,76800.0,410400.0,46800.0,60.0,11484.3,285816.6,0.04,5568.5,19630.0,0.05,0.369,0.369,15100.0,15100.0
ancient_saiyan,martialartist,primalssj,primalgod,m0,1,4.0,4.0,4.0,1.0,1.0,4.0,5120.0,27360.0,3120.0,4.0,10255.0,19074.6,0.538,1045.5,2061.2,0.08,0.069,0.069,15100.0,15100.0
ancient_saiyan,martialartist,primalssj,primalgod,m0,3,4.0,4.0,4.0,1.0,1.0,4.0,5120.0,27360.0,3120.0,4.0,11842.5,19074.6,0.621,1881.8,6379.8,0.23,0.125,0.125,15100.0,15100.0
ancient_saiyan,martialartist,primalssj,primalgod,m0,5,4.0,4.0,4.0,1.0,1.0,4.0,5120.0,27360.0,3120.0,4.0,8367.9,19074.6,0.439,3136.4,13250.2,0.48,0.208,0.208,15100.0,15100.0
ancient_saiyan,martialartist,primalssj,primalgod,m0,7,4.0,4.0,4.0,1.0,1.0,4.0,5120.0,27360.0,3120.0,4.0,8367.9,19074.6,0.439,3972.8,19630.0,0.72,0.263,0.263,15100.0,15100.0
ancient_saiyan,martialartist,primalssj,primalgod,m100,1,80.0,80.0,80.0,1.0,1.0,80.0,102400.0,547200.0,62400.0,80.0,13117.7,381081.6,0.034,1510.0,2061.2,0.0,0.1,0.1,15100.0,15100.0
ancient_saiyan,martialartist,primalssj,primalgod,m100,3,80.0,80.0,80.0,1.0,1.0,80.0,102400.0,547200.0,62400.0,80.0,13117.7,381081.6,0.034,2718.0,6379.8,0.01,0.18,0.18,15100.0,15100.0
ancient_saiyan,martialartist,primalssj,primalgod,m100,5,80.0,80.0,80.0,1.0,1.0,80.0,102400.0,547200.0,62400.0,80.0,11728.9,381081.6,0.031,4530.0,13250.2,0.02,0.3,0.3,15100.0,15100.0
ancient_saiyan,martialartist,primalssj,primalgod,m100,7,80.0,80.0,80.0,1.0,1.0,80.0,102400.0,547200.0,62400.0,80.0,11728.9,381081.6,0.031,5738.0,19630.0,0.04,0.38,0.38,15100.0,15100.0
ancient_saiyan,paladin,base,Base,m0,1,1.0,1.0,1.0,1.0,1.0,1.0,1360.0,2640.0,840.0,1.0,2013.8,2013.8,1.0,422.9,1709.0,0.65,0.034,0.06,12520.0,12520.0
ancient_saiyan,paladin,base,Base,m0,3,1.0,1.0,1.0,1.0,1.0,1.0,1360.0,2640.0,840.0,1.0,2013.8,2013.8,1.0,1239.5,5289.7,2.0,0.099,0.099,12520.0,12520.0
ancient_saiyan,paladin,base,Base,m0,5,1.0,1.0,1.0,1.0,1.0,1.0,1360.0,2640.0,840.0,1.0,2013.8,2013.8,1.0,2065.8,10986.3,4.16,0.165,0.165,12520.0,12520.0
ancient_saiyan,paladin,base,Base,m0,7,1.0,1.0,1.0,1.0,1.0,1.0,1360.0,2640.0,840.0,1.0,2013.8,2013.8,1.0,2616.7,16276.0,6.17,0.209,0.209,12520.0,12520.0
ancient_saiyan,paladin,primalssj,primal_ssj,m0,1,2.0,2.0,2.0,1.0,1.0,2.0,2720.0,5280.0,1680.0,2.0,3019.6,4010.3,0.753,634.1,1709.0,0.32,0.051,0.062,12520.0,12520.0
ancient_saiyan,paladin,primalssj,primal_ssj,m0,3,2.0,2.0,2.0,1.0,1.0,2.0,2720.0,5280.0,1680.0,2.0,3311.5,4010.3,0.826,1399.9,5289.7,1.0,0.112,0.112,12520.0,12520.0
ancient_saiyan,paladin,primalssj,primal_ssj,m0,5,2.0,2.0,2.0,1.0,1.0,2.0,2720.0,5280.0,1680.0,2.0,2672.6,4010.3,0.666,2333.2,10986.3,2.08,0.186,0.186,12520.0,12520.0
ancient_saiyan,paladin,primalssj,primal_ssj,m0,7,2.0,2.0,2.0,1.0,1.0,2.0,2720.0,5280.0,1680.0,2.0,2672.6,4010.3,0.666,2955.3,16276.0,3.08,0.236,0.236,12520.0,12520.0
ancient_saiyan,paladin,primalssj,primal_ssj,m100,1,40.0,40.0,40.0,1.0,1.0,40.0,54400.0,105600.0,33600.0,40.0,5493.4,79877.3,0.069,1153.6,1709.0,0.02,0.092,0.093,12520.0,12520.0
ancient_saiyan,paladin,primalssj,primal_ssj,m100,3,40.0,40.0,40.0,1.0,1.0,40.0,54400.0,105600.0,33600.0,40.0,5252.9,79877.3,0.066,2093.2,5289.7,0.05,0.167,0.167,12520.0,12520.0
ancient_saiyan,paladin,primalssj,primal_ssj,m100,5,40.0,40.0,40.0,1.0,1.0,40.0,54400.0,105600.0,33600.0,40.0,4640.1,79877.3,0.058,3488.6,10986.3,0.1,0.279,0.279,12520.0,12520.0
ancient_saiyan,paladin,primalssj,primal_ssj,m100,7,40.0,40.0,40.0,1.0,1.0,40.0,54400.0,105600.0,33600.0,40.0,4640.1,79877.3,0.058,4419.0,16276.0,0.15,0.353,0.353,12520.0,12520.0
ancient_saiyan,paladin,primalssj,primal_ssj2,m0,1,3.0,3.0,3.0,1.0,1.0,3.0,4080.0,7920.0,2520.0,3.0,3705.4,6006.8,0.617,778.1,1709.0,0.22,0.062,0.066,12520.0,12520.0
ancient_saiyan,paladin,primalssj,primal_ssj2,m0,3,3.0,3.0,3.0,1.0,1.0,3.0,4080.0,7920.0,2520.0,3.0,4196.3,6006.8,0.699,1493.7,5289.7,0.67,0.119,0.119,12520.0,12520.0
ancient_saiyan,paladin,primalssj,primal_ssj2,m0,5,3.0,3.0,3.0,1.0,1.0,3.0,4080.0,7920.0,2520.0,3.0,3121.8,6006.8,0.52,2489.5,10986.3,1.39,0.199,0.199,12520.0,12520.0
ancient_saiyan,paladin,primalssj,primal_ssj2,m0,7,3.0,3.0,3.0,1.0,1.0,3.0,4080.0,7920.0,2520.0,3.0,3121.8,6006.8,0.52,3153.4,16276.0,2.06,0.252,0.252,12520.0,12520.0
ancient_saiyan,paladin,primalssj,primal_ssj2,m100,1,60.0,60.0,60.0,1.0,1.0,60.0,81600.0,158400.0,50400.0,60.0,5529.0,119807.3,0.046,1161.1,1709.0,0.01,0.093,0.097,12520.0,12520.0
ancient_saiyan,paladin,primalssj,primal_ssj2,m100,3,60.0,60.0,60.0,1.0,1.0,60.0,81600.0,158400.0,50400.0,60.0,5477.1,119807.3,0.046,2187.0,5289.7,0.03,0.175,0.175,12520.0,12520.0
ancient_saiyan,paladin,primalssj,primal_ssj2,m100,5,60.0,60.0,60.0,1.0,1.0,60.0,81600.0,158400.0,50400.0,60.0,4821.8,119807.3,0.04,3645.0,10986.3,0.07,0.291,0.291,12520.0,12520.0
ancient_saiyan,paladin,primalssj,primal_ssj2,m100,7,60.0,60.0,60.0,1.0,1.0,60.0,81600.0,158400.0,50400.0,60.0,4821.8,119807.3,0.04,4617.0,16276.0,0.1,0.369,0.369,12520.0,12520.0
ancient_saiyan,paladin,primalssj,primalgod,m0,1,4.0,4.0,4.0,1.0,1.0,4.0,5440.0,10560.0,3360.0,4.0,4306.6,8003.3,0.538,866.8,1709.0,0.16,0.069,0.069,12520.0,12520.0
ancient_saiyan,paladin,primalssj,primalgod,m0,3,4.0,4.0,4.0,1.0,1.0,4.0,5440.0,10560.0,3360.0,4.0,4972.0,8003.3,0.621,1560.3,5289.7,0.5,0.125,0.125,12520.0,12520.0
ancient_saiyan,paladin,primalssj,primalgod,m0,5,4.0,4.0,4.0,1.0,1.0,4.0,5440.0,10560.0,3360.0,4.0,3515.6,8003.3,0.439,2600.5,10986.3,1.04,0.208,0.208,12520.0,12520.0
ancient_saiyan,paladin,primalssj,primalgod,m0,7,4.0,4.0,4.0,1.0,1.0,4.0,5440.0,10560.0,3360.0,4.0,3515.6,8003.3,0.439,3294.0,16276.0,1.54,0.263,0.263,12520.0,12520.0
ancient_saiyan,paladin,primalssj,primalgod,m100,1,80.0,80.0,80.0,1.0,1.0,80.0,108800.0,211200.0,67200.0,80.0,5506.5,159737.3,0.034,1156.4,1709.0,0.01,0.092,0.1,12520.0,12520.0
ancient_saiyan,paladin,primalssj,primalgod,m100,3,80.0,80.0,80.0,1.0,1.0,80.0,108800.0,211200.0,67200.0,80.0,5506.5,159737.3,0.034,2253.6,5289.7,0.03,0.18,0.18,12520.0,12520.0
ancient_saiyan,paladin,primalssj,primalgod,m100,5,80.0,80.0,80.0,1.0,1.0,80.0,108800.0,211200.0,67200.0,80.0,4924.3,159737.3,0.031,3756.0,10986.3,0.05,0.3,0.3,12520.0,12520.0
ancient_saiyan,paladin,primalssj,primalgod,m100,7,80.0,80.0,80.0,1.0,1.0,80.0,108800.0,211200.0,67200.0,80.0,4924.3,159737.3,0.031,4757.6,16276.0,0.08,0.38,0.38,12520.0,12520.0
ancient_saiyan,tank,base,Base,m0,1,1.0,1.0,1.0,1.0,1.0,1.0,840.0,980.0,600.0,1.0,821.3,821.3,1.0,172.5,2555.3,2.61,0.009,0.06,18720.0,18720.0
ancient_saiyan,tank,base,Base,m0,3,1.0,1.0,1.0,1.0,1.0,1.0,840.0,980.0,600.0,1.0,821.3,821.3,1.0,533.9,7909.2,8.07,0.029,0.099,18720.0,18720.0
ancient_saiyan,tank,base,Base,m0,5,1.0,1.0,1.0,1.0,1.0,1.0,840.0,980.0,600.0,1.0,821.3,821.3,1.0,1108.8,16426.8,16.76,0.059,0.165,18720.0,18720.0
ancient_saiyan,tank,base,Base,m0,7,1.0,1.0,1.0,1.0,1.0,1.0,840.0,980.0,600.0,1.0,821.3,821.3,1.0,1642.7,24336.0,24.83,0.088,0.209,18720.0,18720.0
ancient_saiyan,tank,primalssj,primal_ssj,m0,1,2.0,2.0,2.0,1.0,1.0,2.0,1680.0,1960.0,1200.0,2.0,1230.0,1632.6,0.753,258.3,2555.3,1.3,0.014,0.062,18720.0,18720.0
ancient_saiyan,tank,primalssj,primal_ssj,m0,3,2.0,2.0,2.0,1.0,1.0,2.0,1680.0,1960.0,1200.0,2.0,1348.6,1632.6,0.826,876.6,7909.2,4.04,0.047,0.112,18720.0,18720.0
ancient_saiyan,tank,primalssj,primal_ssj,m0,5,2.0,2.0,2.0,1.0,1.0,2.0,1680.0,1960.0,1200.0,2.0,1089.0,1632.6,0.667,1558.4,16426.8,8.38,0.083,0.186,18720.0,18720.0
ancient_saiyan,tank,primalssj,primal_ssj,m0,7,2.0,2.0,2.0,1.0,1.0,2.0,1680.0,1960.0,1200.0,2.0,1089.0,1632.6,0.667,2395.9,24336.0,12.42,0.128,0.236,18720.0,18720.0
ancient_saiyan,tank,primalssj,primal_ssj,m100,1,40.0,40.0,40.0,1.0,1.0,40.0,33600.0,39200.0,24000.0,40.0,2235.2,32460.1,0.069,469.4,2555.3,0.07,0.025,0.093,18720.0,18720.0
ancient_saiyan,tank,primalssj,primal_ssj,m100,3,40.0,40.0,40.0,1.0,1.0,40.0,33600.0,39200.0,24000.0,40.0,2137.5,32460.1,0.066,1389.4,7909.2,0.2,0.074,0.167,18720.0,18720.0
ancient_saiyan,tank,primalssj,primal_ssj,m100,5,40.0,40.0,40.0,1.0,1.0,40.0,33600.0,39200.0,24000.0,40.0,1888.5,32460.1,0.058,2702.5,16426.8,0.42,0.144,0.279,18720.0,18720.0
ancient_saiyan,tank,primalssj,primal_ssj,m100,7,40.0,40.0,40.0,1.0,1.0,40.0,33600.0,39200.0,24000.0,40.0,1888.5,32460.1,0.058,4154.7,24336.0,0.62,0.222,0.353,18720.0,18720.0
ancient_saiyan,tank,primalssj,primal_ssj2,m0,1,3.0,3.0,3.0,1.0,1.0,3.0,2520.0,2940.0,1800.0,3.0,1508.7,2443.8,0.617,316.8,2555.3,0.87,0.017,0.066,18720.0,18720.0
ancient_saiyan,tank,primalssj,primal_ssj2,m0,3,3.0,3.0,3.0,1.0,1.0,3.0,2520.0,2940.0,1800.0,3.0,1708.2,2443.8,0.699,1110.3,7909.2,2.69,0.059,0.119,18720.0,18720.0
ancient_saiyan,tank,primalssj,primal_ssj2,m0,5,3.0,3.0,3.0,1.0,1.0,3.0,2520.0,2940.0,1800.0,3.0,1271.6,2443.8,0.52,1819.6,16426.8,5.59,0.097,0.199,18720.0,18720.0
ancient_saiyan,tank,primalssj,primal_ssj2,m0,7,3.0,3.0,3.0,1.0,1.0,3.0,2520.0,2940.0,1800.0,3.0,1271.6,2443.8,0.52,2797.4,24336.0,8.28,0.149,0.252,18720.0,18720.0
ancient_saiyan,tank,primalssj,primal_ssj2,m100,1,60.0,60.0,60.0,1.0,1.0,60.0,50400.0,58800.0,36000.0,60.0,2249.7,48685.1,0.046,472.4,2555.3,0.04,0.025,0.097,18720.0,18720.0
ancient_saiyan,tank,primalssj,primal_ssj2,m100,3,60.0,60.0,60.0,1.0,1.0,60.0,50400.0,58800.0,36000.0,60.0,2228.6,48685.1,0.046,1448.6,7909.2,0.13,0.077,0.175,18720.0,18720.0
ancient_saiyan,tank,primalssj,primal_ssj2,m100,5,60.0,60.0,60.0,1.0,1.0,60.0,50400.0,58800.0,36000.0,60.0,1962.3,48685.1,0.04,2808.1,16426.8,0.28,0.15,0.291,18720.0,18720.0
ancient_saiyan,tank,primalssj,primal_ssj2,m100,7,60.0,60.0,60.0,1.0,1.0,60.0,50400.0,58800.0,36000.0,60.0,1962.3,48685.1,0.04,4317.2,24336.0,0.41,0.231,0.369,18720.0,18720.0
ancient_saiyan,tank,primalssj,primalgod,m0,1,4.0,4.0,4.0,1.0,1.0,4.0,3360.0,3920.0,2400.0,4.0,1753.0,3255.1,0.539,368.1,2555.3,0.65,0.02,0.069,18720.0,18720.0
ancient_saiyan,tank,primalssj,primalgod,m0,3,4.0,4.0,4.0,1.0,1.0,4.0,3360.0,3920.0,2400.0,4.0,2023.3,3255.1,0.622,1315.2,7909.2,2.02,0.07,0.125,18720.0,18720.0
ancient_saiyan,tank,primalssj,primalgod,m0,5,4.0,4.0,4.0,1.0,1.0,4.0,3360.0,3920.0,2400.0,4.0,1431.6,3255.1,0.44,2048.6,16426.8,4.19,0.109,0.208,18720.0,18720.0
ancient_saiyan,tank,primalssj,primalgod,m0,7,4.0,4.0,4.0,1.0,1.0,4.0,3360.0,3920.0,2400.0,4.0,1431.6,3255.1,0.44,3149.5,24336.0,6.21,0.168,0.263,18720.0,18720.0
ancient_saiyan,tank,primalssj,primalgod,m100,1,80.0,80.0,80.0,1.0,1.0,80.0,67200.0,78400.0,48000.0,80.0,2240.5,64910.1,0.035,470.5,2555.3,0.03,0.025,0.1,18720.0,18720.0
ancient_saiyan,tank,primalssj,primalgod,m100,3,80.0,80.0,80.0,1.0,1.0,80.0,67200.0,78400.0,48000.0,80.0,2240.5,64910.1,0.035,1456.3,7909.2,0.1,0.078,0.18,18720.0,18720.0
ancient_saiyan,tank,primalssj,primalgod,m100,5,80.0,80.0,80.0,1.0,1.0,80.0,67200.0,78400.0,48000.0,80.0,2004.0,64910.1,0.031,2867.7,16426.8,0.21,0.153,0.3,18720.0,18720.0
ancient_saiyan,tank,primalssj,primalgod,m100,7,80.0,80.0,80.0,1.0,1.0,80.0,67200.0,78400.0,48000.0,80.0,2004.0,64910.1,0.031,4408.8,24336.0,0.31,0.236,0.38,18720.0,18720.0
bioandroid,cleric,base,Base,m0,1,1.0,1.0,1.0,1.0,1.0,1.0,50.0,75.0,640.0,1.0,462.8,462.8,1.0,37.2,84.6,0.13,0.06,0.06,620.0,620.0
bioandroid,cleric,base,Base,m0,3,1.0,1.0,1.0,1.0,1.0,1.0,50.0,75.0,640.0,1.0,462.8,462.8,1.0,61.4,261.9,0.41,0.099,0.099,620.0,620.0
bioandroid,cleric,base,Base,m0,5,1.0,1.0,1.0,1.0,1.0,1.0,50.0,75.0,640.0,1.0,462.8,462.8,1.0,102.3,544.1,0.85,0.165,0.165,620.0,620.0
bioandroid,cleric,base,Base,m0,7,1.0,1.0,1.0,1.0,1.0,1.0,50.0,75.0,640.0,1.0,462.8,462.8,1.0,129.6,806.0,1.26,0.209,0.209,620.0,620.0
bioandroid,cleric,bioevolution,semiperfect,m0,1,3.75,3.75,3.75,1.0,1.0,3.5,187.5,281.2,2400.0,3.75,934.1,1667.4,0.56,42.5,84.6,0.04,0.069,0.069,620.0,620.0
bioandroid,cleric,bioevolution,semiperfect,m0,3,3.75,3.75,3.75,1.0,1.0,3.5,187.5,281.2,2400.0,3.75,1070.8,1667.4,0.642,76.5,261.9,0.11,0.123,0.123,620.0,620.0
bioandroid,cleric,bioevolution,semiperfect,m0,5,3.75,3.75,3.75,1.0,1.0,3.5,187.5,281.2,2400.0,3.75,771.5,1667.4,0.463,127.5,544.1,0.23,0.206,0.206,620.0,620.0
bioandroid,cleric,bioevolution,semiperfect,m0,7,3.75,3.75,3.75,1.0,1.0,3.5,187.5,281.2,2400.0,3.75,771.5,1667.4,0.463,161.6,806.0,0.34,0.261,0.261,620.0,620.0
bioandroid,cleric,bioevolution,semiperfect,m100,1,5.62,5.62,5.62,1.0,1.0,5.25,281.2,421.9,3600.0,5.62,1158.8,2488.8,0.466,45.1,87.0,0.02,0.073,0.073,620.0,620.0
bioandroid,cleric,bioevolution,semiperfect,m100,3,5.62,5.62,5.62,1.0,1.0,5.25,281.2,421.9,3600.0,5.62,1360.8,2488.8,0.547,81.2,261.9,0.07,0.131,0.131,620.0,620.0
bioandroid,cleric,bioevolution,semiperfect,m100,5,5.62,5.62,5.62,1.0,1.0,5.25,281.2,421.9,3600.0,5.62,918.7,2488.8,0.369,135.3,544.1,0.15,0.218,0.218,620.0,620.0
bioandroid,cleric,bioevolution,semiperfect,m100,7,5.62,5.62,5.62,1.0,1.0,5.25,281.2,421.9,3600.0,5.62,918.7,2488.8,0.369,171.4,806.0,0.22,0.276,0.276,620.0,620.0
bioandroid,cleric,bioevolution,perfect,m0,1,6.4,6.4,6.4,1.0,1.0,6.06,320.0,480.0,4096.0,6.4,955.7,2828.3,0.338,45.9,84.6,0.02,0.074,0.074,620.0,620.0
bioandroid,cleric,bioevolution,perfect,m0,3,6.4,6.4,6.4,1.0,1.0,6.06,320.0,480.0,4096.0,6.4,861.0,2828.3,0.304,82.7,261.9,0.06,0.133,0.133,620.0,620.0
bioandroid,cleric,bioevolution,perfect,m0,5,6.4,6.4,6.4,1.0,1.0,6.06,320.0,480.0,4096.0,6.4,785.6,2828.3,0.278,137.8,544.1,0.13,0.222,0.222,620.0,620.0
bioandroid,cleric,bioevolution,perfect,m0,7,6.4,6.4,6.4,1.0,1.0,6.06,320.0,480.0,4096.0,6.4,785.6,2828.3,0.278,174.5,806.0,0.2,0.281,0.281,620.0,620.0
bioandroid,cleric,bioevolution,perfect,m100,1,9.6,9.6,9.6,1.0,1.0,9.09,480.0,720.0,6144.0,9.6,1049.7,4230.1,0.248,48.5,84.6,0.01,0.078,0.078,620.0,620.0
bioandroid,cleric,bioevolution,perfect,m100,3,9.6,9.6,9.6,1.0,1.0,9.09,480.0,720.0,6144.0,9.6,937.0,4230.1,0.221,87.3,261.9,0.04,0.141,0.141,620.0,620.0
bioandroid,cleric,bioevolution,perfect,m100,5,9.6,9.6,9.6,1.0,1.0,9.09,480.0,720.0,6144.0,9.6,847.2,4230.1,0.2,145.5,544.1,0.09,0.235,0.235,620.0,620.0
bioandroid,cleric,bioevolution,perfect,m100,7,9.6,9.6,9.6,1.0,1.0,9.09,480.0,720.0,6144.0,9.6,847.2,4230.1,0.2,184.3,806.0,0.13,0.297,0.297,620.0,620.0
bioandroid,cleric,bioevolution,superperfect,m0,1,9.45,9.45,9.45,1.0,1.0,9.04,472.5,708.8,6048.0,9.45,1046.1,4164.4,0.251,48.4,84.6,0.01,0.078,0.078,620.0,620.0
bioandroid,cleric,bioevolution,superperfect,m0,3,9.45,9.45,9.45,1.0,1.0,9.04,472.5,708.8,6048.0,9.45,934.0,4164.4,0.224,87.1,261.9,0.04,0.141,0.141,620.0,620.0
bioandroid,cleric,bioevolution,superperfect,m0,5,9.45,9.45,9.45,1.0,1.0,9.04,472.5,708.8,6048.0,9.45,844.9,4164.4,0.203,145.2,544.1,0.09,0.234,0.234,620.0,620.0
bioandroid,cleric,bioevolution,superperfect,m0,7,9.45,9.45,9.45,1.0,1.0,9.04,472.5,708.8,6048.0,9.45,844.9,4164.4,0.203,183.9,806.0,0.13,0.297,0.297,620.0,620.0
bioandroid,cleric,bioevolution,superperfect,m100,1,14.17,14.17,14.17,1.0,1.0,13.56,708.8,1063.1,9072.0,14.17,1131.1,6234.2,0.181,51.0,84.9,0.01,0.082,0.082,620.0,620.0
bioandroid,cleric,bioevolution,superperfect,m100,3,14.17,14.17,14.17,1.0,1.0,13.56,708.8,1063.1,9072.0,14.17,1008.0,6234.2,0.162,91.8,261.9,0.03,0.148,0.148,620.0,620.0
bioandroid,cleric,bioevolution,superperfect,m100,5,14.17,14.17,14.17,1.0,1.0,13.56,708.8,1063.1,9072.0,14.17,904.8,6234.2,0.145,152.9,544.1,0.06,0.247,0.247,620.0,620.0
bioandroid,cleric,bioevolution,superperfect,m100,7,14.17,14.17,14.17,1.0,1.0,13.56,708.8,1063.1,9072.0,14.17,904.8,6234.2,0.145,193.7,806.0,0.09,0.312,0.312,620.0,620.0
bioandroid,cleric,bioevolution,ultraperfect,m0,1,14.5,14.5,14.5,1.0,1.0,13.0,725.0,1087.5,9280.0,14.5,1134.2,6376.6,0.178,51.1,85.2,0.01,0.082,0.082,620.0,620.0
bioandroid,cleric,bioevolution,ultraperfect,m0,3,14.5,14.5,14.5,1.0,1.0,13.0,725.0,1087.5,9280.0,14.5,1012.0,6376.6,0.159,92.0,261.9,0.03,0.148,0.148,620.0,620.0
bioandroid,cleric,bioevolution,ultraperfect,m0,5,14.5,14.5,14.5,1.0,1.0,13.0,725.0,1087.5,9280.0,14.5,908.1,6376.6,0.142,153.4,544.1,0.06,0.247,0.247,620.0,620.0
bioandroid,cleric,bioevolution,ultraperfect,m0,7,14.5,14.5,14.5,1.0,1.0,13.0,725.0,1087.5,9280.0,14.5,908.1,6376.6,0.142,194.3,806.0,0.09,0.313,0.313,620.0,620.0
bioandroid,cleric,bioevolution,ultraperfect,m100,1,21.75,21.75,21.75,1.0,1.0,19.5,1087.5,1631.2,13920.0,21.75,1182.7,9552.6,0.124,53.7,88.8,0.01,0.087,0.087,620.0,620.0
bioandroid,cleric,bioevolution,ultraperfect,m100,3,21.75,21.75,21.75,1.0,1.0,19.5,1087.5,1631.2,13920.0,21.75,1081.7,9552.6,0.113,96.7,261.9,0.02,0.156,0.156,620.0,620.0
bioandroid,cleric,bioevolution,ultraperfect,m100,5,21.75,21.75,21.75,1.0,1.0,19.5,1087.5,1631.2,13920.0,21.75,964.6,9552.6,0.101,161.1,544.1,0.04,0.26,0.26,620.0,620.0
bioandroid,cleric,bioevolution,ultraperfect,m100,7,21.75,21.75,21.75,1.0,1.0,19.5,1087.5,1631.2,13920.0,21.75,964.6,9552.6,0.101,204.1,806.0,0.06,0.329,0.329,620.0,620.0
bioandroid,cleric,custom_forms_3,accelerated_evolution,m0,1,1.0,1.0,1.0,1.0,1.0,1.0,50.0,75.0,640.0,1.0,462.8,462.8,1.0,37.2,84.6,0.13,0.06,0.06,620.0,620.0
bioandroid,cleric,custom_forms_3,accelerated_evolution,m0,3,1.0,1.0,1.0,1.0,1.0,1.0,50.0,75.0,640.0,1.0,462.8,462.8,1.0,61.4,261.9,0.41,0.099,0.099,620.0,620.0
bioandroid,cleric,custom_forms_3,accelerated_evolution,m0,5,1.0,1.0,1.0,1.0,1.0,1.0,50.0,75.0,640.0,1.0,462.8,462.8,1.0,102.3,544.1,0.85,0.165,0.165,620.0,620.0
bioandroid,cleric,custom_forms_3,accelerated_evolution,m0,7,1.0,1.0,1.0,1.0,1.0,1.0,50.0,75.0,640.0,1.0,462.8,462.8,1.0,129.6,806.0,1.26,0.209,0.209,620.0,620.0
bioandroid,cleric,custom_forms_3,accelerated_evolution,m100,1,1.0,1.0,1.0,1.0,1.0,1.0,50.0,75.0,640.0,1.0,462.8,462.8,1.0,37.2,84.6,0.13,0.06,0.06,620.0,620.0
bioandroid,cleric,custom_forms_3,accelerated_evolution,m100,3,1.0,1.0,1.0,1.0,1.0,1.0,50.0,75.0,640.0,1.0,462.8,462.8,1.0,61.4,261.9,0.41,0.099,0.099,620.0,620.0
bioandroid,cleric,custom_forms_3,accelerated_evolution,m100,5,1.0,1.0,1.0,1.0,1.0,1.0,50.0,75.0,640.0,1.0,462.8,462.8,1.0,102.3,544.1,0.85,0.165,0.165,620.0,620.0
bioandroid,cleric,custom_forms_3,accelerated_evolution,m100,7,1.0,1.0,1.0,1.0,1.0,1.0,50.0,75.0,640.0,1.0,462.8,462.8,1.0,129.6,806.0,1.26,0.209,0.209,620.0,620.0
bioandroid,cleric,custom_forms_3,accelerated_evolution_2,m0,1,1.0,1.0,1.0,1.0,1.0,1.0,50.0,75.0,640.0,1.0,462.8,462.8,1.0,37.2,84.6,0.13,0.06,0.06,620.0,620.0
bioandroid,cleric,custom_forms_3,accelerated_evolution_2,m0,3,1.0,1.0,1.0,1.0,1.0,1.0,50.0,75.0,640.0,1.0,462.8,462.8,1.0,61.4,261.9,0.41,0.099,0.099,620.0,620.0
bioandroid,cleric,custom_forms_3,accelerated_evolution_2,m0,5,1.0,1.0,1.0,1.0,1.0,1.0,50.0,75.0,640.0,1.0,462.8,462.8,1.0,102.3,544.1,0.85,0.165,0.165,620.0,620.0
bioandroid,cleric,custom_forms_3,accelerated_evolution_2,m0,7,1.0,1.0,1.0,1.0,1.0,1.0,50.0,75.0,640.0,1.0,462.8,462.8,1.0,129.6,806.0,1.26,0.209,0.209,620.0,620.0
bioandroid,cleric,custom_forms_3,accelerated_evolution_2,m100,1,1.0,1.0,1.0,1.0,1.0,1.0,50.0,75.0,640.0,1.0,462.8,462.8,1.0,37.2,84.6,0.13,0.06,0.06,620.0,620.0
bioandroid,cleric,custom_forms_3,accelerated_evolution_2,m100,3,1.0,1.0,1.0,1.0,1.0,1.0,50.0,75.0,640.0,1.0,462.8,462.8,1.0,61.4,261.9,0.41,0.099,0.099,620.0,620.0
bioandroid,cleric,custom_forms_3,accelerated_evolution_2,m100,5,1.0,1.0,1.0,1.0,1.0,1.0,50.0,75.0,640.0,1.0,462.8,462.8,1.0,102.3,544.1,0.85,0.165,0.165,620.0,620.0
bioandroid,cleric,custom_forms_3,accelerated_evolution_2,m100,7,1.0,1.0,1.0,1.0,1.0,1.0,50.0,75.0,640.0,1.0,462.8,462.8,1.0,129.6,806.0,1.26,0.209,0.209,620.0,620.0
bioandroid,cleric,divine_evolution,cell_max,m0,1,1.0,1.0,1.0,1.0,1.0,1.0,50.0,75.0,640.0,1.0,462.8,462.8,1.0,37.2,84.6,0.13,0.06,0.06,620.0,620.0
bioandroid,cleric,divine_evolution,cell_max,m0,3,1.0,1.0,1.0,1.0,1.0,1.0,50.0,75.0,640.0,1.0,462.8,462.8,1.0,61.4,261.9,0.41,0.099,0.099,620.0,620.0
bioandroid,cleric,divine_evolution,cell_max,m0,5,1.0,1.0,1.0,1.0,1.0,1.0,50.0,75.0,640.0,1.0,462.8,462.8,1.0,102.3,544.1,0.85,0.165,0.165,620.0,620.0
bioandroid,cleric,divine_evolution,cell_max,m0,7,1.0,1.0,1.0,1.0,1.0,1.0,50.0,75.0,640.0,1.0,462.8,462.8,1.0,129.6,806.0,1.26,0.209,0.209,620.0,620.0
bioandroid,cleric,divine_evolution,cell_max,m100,1,1.0,1.0,1.0,1.0,1.0,1.0,50.0,75.0,640.0,1.0,462.8,462.8,1.0,37.2,84.6,0.13,0.06,0.06,620.0,620.0
bioandroid,cleric,divine_evolution,cell_max,m100,3,1.0,1.0,1.0,1.0,1.0,1.0,50.0,75.0,640.0,1.0,462.8,462.8,1.0,61.4,261.9,0.41,0.099,0.099,620.0,620.0
bioandroid,cleric,divine_evolution,cell_max,m100,5,1.0,1.0,1.0,1.0,1.0,1.0,50.0,75.0,640.0,1.0,462.8,462.8,1.0,102.3,544.1,0.85,0.165,0.165,620.0,620.0
bioandroid,cleric,divine_evolution,cell_max,m100,7,1.0,1.0,1.0,1.0,1.0,1.0,50.0,75.0,640.0,1.0,462.8,462.8,1.0,129.6,806.0,1.26,0.209,0.209,620.0,620.0
bioandroid,cleric,divine_evolution,cell_max_perfect,m0,1,1.0,1.0,1.0,1.0,1.0,1.0,50.0,75.0,640.0,1.0,462.8,462.8,1.0,37.2,84.6,0.13,0.06,0.06,620.0,620.0
bioandroid,cleric,divine_evolution,cell_max_perfect,m0,3,1.0,1.0,1.0,1.0,1.0,1.0,50.0,75.0,640.0,1.0,462.8,462.8,1.0,61.4,261.9,0.41,0.099,0.099,620.0,620.0
bioandroid,cleric,divine_evolution,cell_max_perfect,m0,5,1.0,1.0,1.0,1.0,1.0,1.0,50.0,75.0,640.0,1.0,462.8,462.8,1.0,102.3,544.1,0.85,0.165,0.165,620.0,620.0
bioandroid,cleric,divine_evolution,cell_max_perfect,m0,7,1.0,1.0,1.0,1.0,1.0,1.0,50.0,75.0,640.0,1.0,462.8,462.8,1.0,129.6,806.0,1.26,0.209,0.209,620.0,620.0
bioandroid,cleric,divine_evolution,cell_max_perfect,m100,1,1.0,1.0,1.0,1.0,1.0,1.0,50.0,75.0,640.0,1.0,462.8,462.8,1.0,37.2,84.6,0.13,0.06,0.06,620.0,620.0
bioandroid,cleric,divine_evolution,cell_max_perfect,m100,3,1.0,1.0,1.0,1.0,1.0,1.0,50.0,75.0,640.0,1.0,462.8,462.8,1.0,61.4,261.9,0.41,0.099,0.099,620.0,620.0
bioandroid,cleric,divine_evolution,cell_max_perfect,m100,5,1.0,1.0,1.0,1.0,1.0,1.0,50.0,75.0,640.0,1.0,462.8,462.8,1.0,102.3,544.1,0.85,0.165,0.165,620.0,620.0
bioandroid,cleric,divine_evolution,cell_max_perfect,m100,7,1.0,1.0,1.0,1.0,1.0,1.0,50.0,75.0,640.0,1.0,462.8,462.8,1.0,129.6,806.0,1.26,0.209,0.209,620.0,620.0
bioandroid,cleric,legendaryforms,xeno,m0,1,6.5,6.5,6.5,1.0,1.0,6.69,325.0,487.5,4160.0,6.69,958.0,2872.1,0.334,46.2,84.6,0.02,0.075,0.075,620.0,620.0
bioandroid,cleric,legendaryforms,xeno,m0,3,6.5,6.5,6.5,1.0,1.0,6.69,325.0,487.5,4160.0,6.69,862.9,2872.1,0.3,83.2,261.9,0.06,0.134,0.134,620.0,620.0
bioandroid,cleric,legendaryforms,xeno,m0,5,6.5,6.5,6.5,1.0,1.0,6.69,325.0,487.5,4160.0,6.69,787.2,2872.1,0.274,138.6,544.1,0.13,0.224,0.224,620.0,620.0
bioandroid,cleric,legendaryforms,xeno,m0,7,6.5,6.5,6.5,1.0,1.0,6.69,325.0,487.5,4160.0,6.69,787.2,2872.1,0.274,175.6,806.0,0.19,0.283,0.283,620.0,620.0
bioandroid,cleric,legendaryforms,xeno,m100,1,9.75,9.75,9.75,1.0,1.0,10.03,487.5,731.2,6240.0,10.03,1051.3,4295.8,0.245,48.8,84.6,0.01,0.079,0.079,620.0,620.0
bioandroid,cleric,legendaryforms,xeno,m100,3,9.75,9.75,9.75,1.0,1.0,10.03,487.5,731.2,6240.0,10.03,938.2,4295.8,0.218,87.8,261.9,0.04,0.142,0.142,620.0,620.0
bioandroid,cleric,legendaryforms,xeno,m100,5,9.75,9.75,9.75,1.0,1.0,10.03,487.5,731.2,6240.0,10.03,848.3,4295.8,0.197,146.3,544.1,0.09,0.236,0.236,620.0,620.0
bioandroid,cleric,legendaryforms,xeno,m100,7,9.75,9.75,9.75,1.0,1.0,10.03,487.5,731.2,6240.0,10.03,848.3,4295.8,0.197,185.4,806.0,0.13,0.299,0.299,620.0,620.0
bioandroid,cleric,legendaryforms,xenofp,m0,1,10.4,10.4,10.4,1.0,1.0,10.31,520.0,780.0,6656.0,10.4,1068.1,4580.6,0.233,49.0,84.6,0.01,0.079,0.079,620.0,620.0
bioandroid,cleric,legendaryforms,xenofp,m0,3,10.4,10.4,10.4,1.0,1.0,10.31,520.0,780.0,6656.0,10.4,951.8,4580.6,0.208,88.2,261.9,0.04,0.142,0.142,620.0,620.0
bioandroid,cleric,legendaryforms,xenofp,m0,5,10.4,10.4,10.4,1.0,1.0,10.31,520.0,780.0,6656.0,10.4,859.2,4580.6,0.188,147.0,544.1,0.08,0.237,0.237,620.0,620.0
bioandroid,cleric,legendaryforms,xenofp,m0,7,10.4,10.4,10.4,1.0,1.0,10.31,520.0,780.0,6656.0,10.4,859.2,4580.6,0.188,186.2,806.0,0.12,0.3,0.3,620.0,620.0
bioandroid,cleric,legendaryforms,xenofp,m100,1,15.6,15.6,15.6,1.0,1.0,15.47,780.0,1170.0,9984.0,15.6,1144.0,6858.5,0.167,51.6,85.9,0.01,0.083,0.083,620.0,620.0
bioandroid,cleric,legendaryforms,xenofp,m100,3,15.6,15.6,15.6,1.0,1.0,15.47,780.0,1170.0,9984.0,15.6,1025.0,6858.5,0.149,92.9,261.9,0.03,0.15,0.15,620.0,620.0
bioandroid,cleric,legendaryforms,xenofp,m100,5,15.6,15.6,15.6,1.0,1.0,15.47,780.0,1170.0,9984.0,15.6,918.6,6858.5,0.134,154.8,544.1,0.05,0.25,0.25,620.0,620.0
bioandroid,cleric,legendaryforms,xenofp,m100,7,15.6,15.6,15.6,1.0,1.0,15.47,780.0,1170.0,9984.0,15.6,918.6,6858.5,0.134,196.0,806.0,0.08,0.316,0.316,620.0,620.0
bioandroid,cleric,legendaryforms,xenomax,m0,1,14.5,14.5,14.5,1.0,1.0,12.69,725.0,1087.5,9280.0,14.5,1134.2,6376.6,0.178,51.1,85.2,0.01,0.082,0.082,620.0,620.0
bioandroid,cleric,legendaryforms,xenomax,m0,3,14.5,14.5,14.5,1.0,1.0,12.69,725.0,1087.5,9280.0,14.5,1012.0,6376.6,0.159,92.0,261.9,0.03,0.148,0.148,620.0,620.0
bioandroid,cleric,legendaryforms,xenomax,m0,5,14.5,14.5,14.5,1.0,1.0,12.69,725.0,1087.5,9280.0,14.5,908.1,6376.6,0.142,153.4,544.1,0.06,0.247,0.247,620.0,620.0
bioandroid,cleric,legendaryforms,xenomax,m0,7,14.5,14.5,14.5,1.0,1.0,12.69,725.0,1087.5,9280.0,14.5,908.1,6376.6,0.142,194.3,806.0,0.09,0.313,0.313,620.0,620.0
bioandroid,cleric,legendaryforms,xenomax,m100,1,21.75,21.75,21.75,1.0,1.0,19.03,1087.5,1631.2,13920.0,21.75,1182.7,9552.6,0.124,53.7,88.8,0.01,0.087,0.087,620.0,620.0
bioandroid,cleric,legendaryforms,xenomax,m100,3,21.75,21.75,21.75,1.0,1.0,19.03,1087.5,1631.2,13920.0,21.75,1081.7,9552.6,0.113,96.7,261.9,0.02,0.156,0.156,620.0,620.0
bioandroid,cleric,legendaryforms,xenomax,m100,5,21.75,21.75,21.75,1.0,1.0,19.03,1087.5,1631.2,13920.0,21.75,964.6,9552.6,0.101,161.1,544.1,0.04,0.26,0.26,620.0,620.0
bioandroid,cleric,legendaryforms,xenomax,m100,7,21.75,21.75,21.75,1.0,1.0,19.03,1087.5,1631.2,13920.0,21.75,964.6,9552.6,0.101,204.1,806.0,0.06,0.329,0.329,620.0,620.0
bioandroid,warrior,base,Base,m0,1,1.0,1.0,1.0,1.0,1.0,1.0,1134.0,200.0,50.0,1.0,782.1,782.1,1.0,44.9,102.2,0.09,0.06,0.06,749.0,749.0
bioandroid,warrior,base,Base,m0,3,1.0,1.0,1.0,1.0,1.0,1.0,1134.0,200.0,50.0,1.0,782.1,782.1,1.0,74.2,316.5,0.28,0.099,0.099,749.0,749.0
bioandroid,warrior,base,Base,m0,5,1.0,1.0,1.0,1.0,1.0,1.0,1134.0,200.0,50.0,1.0,782.1,782.1,1.0,123.6,657.2,0.58,0.165,0.165,749.0,749.0
bioandroid,warrior,base,Base,m0,7,1.0,1.0,1.0,1.0,1.0,1.0,1134.0,200.0,50.0,1.0,782.1,782.1,1.0,156.5,973.7,0.86,0.209,0.209,749.0,749.0
bioandroid,warrior,bioevolution,semiperfect,m0,1,3.75,3.75,3.75,1.0,1.0,3.5,4252.5,750.0,187.5,3.75,1620.6,2925.4,0.554,51.4,121.7,0.03,0.069,0.069,749.0,749.0
bioandroid,warrior,bioevolution,semiperfect,m0,3,3.75,3.75,3.75,1.0,1.0,3.5,4252.5,750.0,187.5,3.75,1864.0,2925.4,0.637,92.5,354.4,0.08,0.123,0.123,749.0,749.0
bioandroid,warrior,bioevolution,semiperfect,m0,5,3.75,3.75,3.75,1.0,1.0,3.5,4252.5,750.0,187.5,3.75,1331.4,2925.4,0.455,154.1,657.2,0.15,0.206,0.206,749.0,749.0
bioandroid,warrior,bioevolution,semiperfect,m0,7,3.75,3.75,3.75,1.0,1.0,3.5,4252.5,750.0,187.5,3.75,1331.4,2925.4,0.455,195.2,973.7,0.23,0.261,0.261,749.0,749.0
bioandroid,warrior,bioevolution,semiperfect,m100,1,5.62,5.62,5.62,1.0,1.0,5.25,6378.8,1125.0,281.2,5.62,2020.5,4386.8,0.461,54.5,140.4,0.02,0.073,0.073,749.0,749.0
bioandroid,warrior,bioevolution,semiperfect,m100,3,5.62,5.62,5.62,1.0,1.0,5.25,6378.8,1125.0,281.2,5.62,2379.8,4386.8,0.542,98.1,434.5,0.07,0.131,0.131,749.0,749.0
bioandroid,warrior,bioevolution,semiperfect,m100,5,5.62,5.62,5.62,1.0,1.0,5.25,6378.8,1125.0,281.2,5.62,1593.3,4386.8,0.363,163.4,657.2,0.1,0.218,0.218,749.0,749.0
bioandroid,warrior,bioevolution,semiperfect,m100,7,5.62,5.62,5.62,1.0,1.0,5.25,6378.8,1125.0,281.2,5.62,1593.3,4386.8,0.363,207.0,973.7,0.15,0.276,0.276,749.0,749.0
bioandroid,warrior,bioevolution,perfect,m0,1,6.4,6.4,6.4,1.0,1.0,6.06,7257.6,1280.0,320.0,6.4,1659.1,4990.9,0.332,55.5,124.6,0.02,0.074,0.074,749.0,749.0
bioandroid,warrior,bioevolution,perfect,m0,3,6.4,6.4,6.4,1.0,1.0,6.06,7257.6,1280.0,320.0,6.4,1490.6,4990.9,0.299,99.9,316.5,0.04,0.133,0.133,749.0,749.0
bioandroid,warrior,bioevolution,perfect,m0,5,6.4,6.4,6.4,1.0,1.0,6.06,7257.6,1280.0,320.0,6.4,1356.6,4990.9,0.272,166.4,657.2,0.09,0.222,0.222,749.0,749.0
bioandroid,warrior,bioevolution,perfect,m0,7,6.4,6.4,6.4,1.0,1.0,6.06,7257.6,1280.0,320.0,6.4,1356.6,4990.9,0.272,210.8,973.7,0.13,0.281,0.281,749.0,749.0
bioandroid,warrior,bioevolution,perfect,m100,1,9.6,9.6,9.6,1.0,1.0,9.09,10886.4,1920.0,480.0,9.6,1826.4,7484.9,0.244,58.6,137.1,0.01,0.078,0.078,749.0,749.0
bioandroid,warrior,bioevolution,perfect,m100,3,9.6,9.6,9.6,1.0,1.0,9.09,10886.4,1920.0,480.0,9.6,1625.8,7484.9,0.217,105.5,316.5,0.03,0.141,0.141,749.0,749.0
bioandroid,warrior,bioevolution,perfect,m100,5,9.6,9.6,9.6,1.0,1.0,9.09,10886.4,1920.0,480.0,9.6,1466.2,7484.9,0.196,175.8,657.2,0.06,0.235,0.235,749.0,749.0
bioandroid,warrior,bioevolution,perfect,m100,7,9.6,9.6,9.6,1.0,1.0,9.09,10886.4,1920.0,480.0,9.6,1466.2,7484.9,0.196,222.6,973.7,0.09,0.297,0.297,749.0,749.0
bioandroid,warrior,bioevolution,superperfect,m0,1,9.45,9.45,9.45,1.0,1.0,9.04,10716.3,1890.0,472.5,9.45,1820.0,7368.0,0.247,58.5,136.6,0.01,0.078,0.078,749.0,749.0
bioandroid,warrior,bioevolution,superperfect,m0,3,9.45,9.45,9.45,1.0,1.0,9.04,10716.3,1890.0,472.5,9.45,1620.6,7368.0,0.22,105.2,316.5,0.03,0.141,0.141,749.0,749.0
bioandroid,warrior,bioevolution,superperfect,m0,5,9.45,9.45,9.45,1.0,1.0,9.04,10716.3,1890.0,472.5,9.45,1461.9,7368.0,0.198,175.4,657.2,0.06,0.234,0.234,749.0,749.0
bioandroid,warrior,bioevolution,superperfect,m0,7,9.45,9.45,9.45,1.0,1.0,9.04,10716.3,1890.0,472.5,9.45,1461.9,7368.0,0.198,222.2,973.7,0.09,0.297,0.297,749.0,749.0
bioandroid,warrior,bioevolution,superperfect,m100,1,14.17,14.17,14.17,1.0,1.0,13.56,16074.4,2835.0,708.8,14.17,1971.2,11050.7,0.178,61.6,147.1,0.01,0.082,0.082,749.0,749.0
bioandroid,warrior,bioevolution,superperfect,m100,3,14.17,14.17,14.17,1.0,1.0,13.56,16074.4,2835.0,708.8,14.17,1752.2,11050.7,0.159,110.9,333.1,0.02,0.148,0.148,749.0,749.0
bioandroid,warrior,bioevolution,superperfect,m100,5,14.17,14.17,14.17,1.0,1.0,13.56,16074.4,2835.0,708.8,14.17,1568.6,11050.7,0.142,184.8,657.2,0.04,0.247,0.247,749.0,749.0
bioandroid,warrior,bioevolution,superperfect,m100,7,14.17,14.17,14.17,1.0,1.0,13.56,16074.4,2835.0,708.8,14.17,1568.6,11050.7,0.142,234.0,973.7,0.06,0.312,0.312,749.0,749.0
bioandroid,warrior,bioevolution,ultraperfect,m0,1,14.5,14.5,14.5,1.0,1.0,13.0,16443.0,2900.0,725.0,14.5,1976.7,11304.0,0.175,61.8,147.3,0.01,0.082,0.082,749.0,749.0
bioandroid,warrior,bioevolution,ultraperfect,m0,3,14.5,14.5,14.5,1.0,1.0,13.0,16443.0,2900.0,725.0,14.5,1759.4,11304.0,0.156,111.2,334.5,0.02,0.148,0.148,749.0,749.0
bioandroid,warrior,bioevolution,ultraperfect,m0,5,14.5,14.5,14.5,1.0,1.0,13.0,16443.0,2900.0,725.0,14.5,1574.5,11304.0,0.139,185.3,657.2,0.04,0.247,0.247,749.0,749.0
bioandroid,warrior,bioevolution,ultraperfect,m0,7,14.5,14.5,14.5,1.0,1.0,13.0,16443.0,2900.0,725.0,14.5,1574.5,11304.0,0.139,234.7,973.7,0.06,0.313,0.313,749.0,749.0
bioandroid,warrior,bioevolution,ultraperfect,m100,1,21.75,21.75,21.75,1.0,1.0,19.5,24664.5,4350.0,1087.5,21.75,2063.0,16954.7,0.122,64.9,150.3,0.01,0.087,0.087,749.0,749.0
bioandroid,warrior,bioevolution,ultraperfect,m100,3,21.75,21.75,21.75,1.0,1.0,19.5,24664.5,4350.0,1087.5,21.75,1883.3,16954.7,0.111,116.8,358.1,0.01,0.156,0.156,749.0,749.0
bioandroid,warrior,bioevolution,ultraperfect,m100,5,21.75,21.75,21.75,1.0,1.0,19.5,24664.5,4350.0,1087.5,21.75,1674.9,16954.7,0.099,194.6,657.2,0.03,0.26,0.26,749.0,749.0
bioandroid,warrior,bioevolution,ultraperfect,m100,7,21.75,21.75,21.75,1.0,1.0,19.5,24664.5,4350.0,1087.5,21.75,1674.9,16954.7,0.099,246.6,973.7,0.04,0.329,0.329,749.0,749.0
bioandroid,warrior,custom_forms_3,accelerated_evolution,m0,1,1.0,1.0,1.0,1.0,1.0,1.0,1134.0,200.0,50.0,1.0,782.1,782.1,1.0,44.9,102.2,0.09,0.06,0.06,749.0,749.0
bioandroid,warrior,custom_forms_3,accelerated_evolution,m0,3,1.0,1.0,1.0,1.0,1.0,1.0,1134.0,200.0,50.0,1.0,782.1,782.1,1.0,74.2,316.5,0.28,0.099,0.099,749.0,749.0
bioandroid,warrior,custom_forms_3,accelerated_evolution,m0,5,1.0,1.0,1.0,1.0,1.0,1.0,1134.0,200.0,50.0,1.0,782.1,782.1,1.0,123.6,657.2,0.58,0.165,0.165,749.0,749.0
bioandroid,warrior,custom_forms_3,accelerated_evolution,m0,7,1.0,1.0,1.0,1.0,1.0,1.0,1134.0,200.0,50.0,1.0,782.1,782.1,1.0,156.5,973.7,0.86,0.209,0.209,749.0,749.0
bioandroid,warrior,custom_forms_3,accelerated_evolution,m100,1,1.0,1.0,1.0,1.0,1.0,1.0,1134.0,200.0,50.0,1.0,782.1,782.1,1.0,44.9,102.2,0.09,0.06,0.06,749.0,749.0
bioandroid,warrior,custom_forms_3,accelerated_evolution,m100,3,1.0,1.0,1.0,1.0,1.0,1.0,1134.0,200.0,50.0,1.0,782.1,782.1,1.0,74.2,316.5,0.28,0.099,0.099,749.0,749.0
bioandroid,warrior,custom_forms_3,accelerated_evolution,m100,5,1.0,1.0,1.0,1.0,1.0,1.0,1134.0,200.0,50.0,1.0,782.1,782.1,1.0,123.6,657.2,0.58,0.165,0.165,749.0,749.0
bioandroid,warrior,custom_forms_3,accelerated_evolution,m100,7,1.0,1.0,1.0,1.0,1.0,1.0,1134.0,200.0,50.0,1.0,782.1,782.1,1.0,156.5,973.7,0.86,0.209,0.209,749.0,749.0
bioandroid,warrior,custom_forms_3,accelerated_evolution_2,m0,1,1.0,1.0,1.0,1.0,1.0,1.0,1134.0,200.0,50.0,1.0,782.1,782.1,1.0,44.9,102.2,0.09,0.06,0.06,749.0,749.0
bioandroid,warrior,custom_forms_3,accelerated_evolution_2,m0,3,1.0,1.0,1.0,1.0,1.0,1.0,1134.0,200.0,50.0,1.0,782.1,782.1,1.0,74.2,316.5,0.28,0.099,0.099,749.0,749.0
bioandroid,warrior,custom_forms_3,accelerated_evolution_2,m0,5,1.0,1.0,1.0,1.0,1.0,1.0,1134.0,200.0,50.0,1.0,782.1,782.1,1.0,123.6,657.2,0.58,0.165,0.165,749.0,749.0
bioandroid,warrior,custom_forms_3,accelerated_evolution_2,m0,7,1.0,1.0,1.0,1.0,1.0,1.0,1134.0,200.0,50.0,1.0,782.1,782.1,1.0,156.5,973.7,0.86,0.209,0.209,749.0,749.0
bioandroid,warrior,custom_forms_3,accelerated_evolution_2,m100,1,1.0,1.0,1.0,1.0,1.0,1.0,1134.0,200.0,50.0,1.0,782.1,782.1,1.0,44.9,102.2,0.09,0.06,0.06,749.0,749.0
bioandroid,warrior,custom_forms_3,accelerated_evolution_2,m100,3,1.0,1.0,1.0,1.0,1.0,1.0,1134.0,200.0,50.0,1.0,782.1,782.1,1.0,74.2,316.5,0.28,0.099,0.099,749.0,749.0
bioandroid,warrior,custom_forms_3,accelerated_evolution_2,m100,5,1.0,1.0,1.0,1.0,1.0,1.0,1134.0,200.0,50.0,1.0,782.1,782.1,1.0,123.6,657.2,0.58,0.165,0.165,749.0,749.0
bioandroid,warrior,custom_forms_3,accelerated_evolution_2,m100,7,1.0,1.0,1.0,1.0,1.0,1.0,1134.0,200.0,50.0,1.0,782.1,782.1,1.0,156.5,973.7,0.86,0.209,0.209,749.0,749.0
bioandroid,warrior,divine_evolution,cell_max,m0,1,1.0,1.0,1.0,1.0,1.0,1.0,1134.0,200.0,50.0,1.0,782.1,782.1,1.0,44.9,102.2,0.09,0.06,0.06,749.0,749.0
bioandroid,warrior,divine_evolution,cell_max,m0,3,1.0,1.0,1.0,1.0,1.0,1.0,1134.0,200.0,50.0,1.0,782.1,782.1,1.0,74.2,316.5,0.28,0.099,0.099,749.0,749.0
bioandroid,warrior,divine_evolution,cell_max,m0,5,1.0,1.0,1.0,1.0,1.0,1.0,1134.0,200.0,50.0,1.0,782.1,782.1,1.0,123.6,657.2,0.58,0.165,0.165,749.0,749.0
bioandroid,warrior,divine_evolution,cell_max,m0,7,1.0,1.0,1.0,1.0,1.0,1.0,1134.0,200.0,50.0,1.0,782.1,782.1,1.0,156.5,973.7,0.86,0.209,0.209,749.0,749.0
bioandroid,warrior,divine_evolution,cell_max,m100,1,1.0,1.0,1.0,1.0,1.0,1.0,1134.0,200.0,50.0,1.0,782.1,782.1,1.0,44.9,102.2,0.09,0.06,0.06,749.0,749.0
bioandroid,warrior,divine_evolution,cell_max,m100,3,1.0,1.0,1.0,1.0,1.0,1.0,1134.0,200.0,50.0,1.0,782.1,782.1,1.0,74.2,316.5,0.28,0.099,0.099,749.0,749.0
bioandroid,warrior,divine_evolution,cell_max,m100,5,1.0,1.0,1.0,1.0,1.0,1.0,1134.0,200.0,50.0,1.0,782.1,782.1,1.0,123.6,657.2,0.58,0.165,0.165,749.0,749.0
bioandroid,warrior,divine_evolution,cell_max,m100,7,1.0,1.0,1.0,1.0,1.0,1.0,1134.0,200.0,50.0,1.0,782.1,782.1,1.0,156.5,973.7,0.86,0.209,0.209,749.0,749.0
bioandroid,warrior,divine_evolution,cell_max_perfect,m0,1,1.0,1.0,1.0,1.0,1.0,1.0,1134.0,200.0,50.0,1.0,782.1,782.1,1.0,44.9,102.2,0.09,0.06,0.06,749.0,749.0
bioandroid,warrior,divine_evolution,cell_max_perfect,m0,3,1.0,1.0,1.0,1.0,1.0,1.0,1134.0,200.0,50.0,1.0,782.1,782.1,1.0,74.2,316.5,0.28,0.099,0.099,749.0,749.0
bioandroid,warrior,divine_evolution,cell_max_perfect,m0,5,1.0,1.0,1.0,1.0,1.0,1.0,1134.0,200.0,50.0,1.0,782.1,782.1,1.0,123.6,657.2,0.58,0.165,0.165,749.0,749.0
bioandroid,warrior,divine_evolution,cell_max_perfect,m0,7,1.0,1.0,1.0,1.0,1.0,1.0,1134.0,200.0,50.0,1.0,782.1,782.1,1.0,156.5,973.7,0.86,0.209,0.209,749.0,749.0
bioandroid,warrior,divine_evolution,cell_max_perfect,m100,1,1.0,1.0,1.0,1.0,1.0,1.0,1134.0,200.0,50.0,1.0,782.1,782.1,1.0,44.9,102.2,0.09,0.06,0.06,749.0,749.0
bioandroid,warrior,divine_evolution,cell_max_perfect,m100,3,1.0,1.0,1.0,1.0,1.0,1.0,1134.0,200.0,50.0,1.0,782.1,782.1,1.0,74.2,316.5,0.28,0.099,0.099,749.0,749.0
bioandroid,warrior,divine_evolution,cell_max_perfect,m100,5,1.0,1.0,1.0,1.0,1.0,1.0,1134.0,200.0,50.0,1.0,782.1,782.1,1.0,123.6,657.2,0.58,0.165,0.165,749.0,749.0
bioandroid,warrior,divine_evolution,cell_max_perfect,m100,7,1.0,1.0,1.0,1.0,1.0,1.0,1134.0,200.0,50.0,1.0,782.1,782.1,1.0,156.5,973.7,0.86,0.209,0.209,749.0,749.0
bioandroid,warrior,legendaryforms,xeno,m0,1,6.5,6.5,6.5,1.0,1.0,6.69,7371.0,1300.0,325.0,6.69,1663.3,5068.8,0.328,55.8,124.9,0.02,0.075,0.075,749.0,749.0
bioandroid,warrior,legendaryforms,xeno,m0,3,6.5,6.5,6.5,1.0,1.0,6.69,7371.0,1300.0,325.0,6.69,1493.9,5068.8,0.295,100.5,316.5,0.04,0.134,0.134,749.0,749.0
bioandroid,warrior,legendaryforms,xeno,m0,5,6.5,6.5,6.5,1.0,1.0,6.69,7371.0,1300.0,325.0,6.69,1359.3,5068.8,0.268,167.4,657.2,0.09,0.224,0.224,749.0,749.0
bioandroid,warrior,legendaryforms,xeno,m0,7,6.5,6.5,6.5,1.0,1.0,6.69,7371.0,1300.0,325.0,6.69,1359.3,5068.8,0.268,212.1,973.7,0.13,0.283,0.283,749.0,749.0
bioandroid,warrior,legendaryforms,xeno,m100,1,9.75,9.75,9.75,1.0,1.0,10.03,11056.5,1950.0,487.5,10.03,1829.3,7601.9,0.241,58.9,137.3,0.01,0.079,0.079,749.0,749.0
bioandroid,warrior,legendaryforms,xeno,m100,3,9.75,9.75,9.75,1.0,1.0,10.03,11056.5,1950.0,487.5,10.03,1628.1,7601.9,0.214,106.1,316.5,0.03,0.142,0.142,749.0,749.0
bioandroid,warrior,legendaryforms,xeno,m100,5,9.75,9.75,9.75,1.0,1.0,10.03,11056.5,1950.0,487.5,10.03,1468.0,7601.9,0.193,176.8,657.2,0.06,0.236,0.236,749.0,749.0
bioandroid,warrior,legendaryforms,xeno,m100,7,9.75,9.75,9.75,1.0,1.0,10.03,11056.5,1950.0,487.5,10.03,1468.0,7601.9,0.193,223.9,973.7,0.09,0.299,0.299,749.0,749.0
bioandroid,warrior,legendaryforms,xenofp,m0,1,10.4,10.4,10.4,1.0,1.0,10.31,11793.6,2080.0,520.0,10.4,1859.0,8108.5,0.229,59.2,139.6,0.01,0.079,0.079,749.0,749.0
bioandroid,warrior,legendaryforms,xenofp,m0,3,10.4,10.4,10.4,1.0,1.0,10.31,11793.6,2080.0,520.0,10.4,1652.1,8108.5,0.204,106.6,316.5,0.03,0.142,0.142,749.0,749.0
bioandroid,warrior,legendaryforms,xenofp,m0,5,10.4,10.4,10.4,1.0,1.0,10.31,11793.6,2080.0,520.0,10.4,1487.5,8108.5,0.183,177.6,657.2,0.06,0.237,0.237,749.0,749.0
bioandroid,warrior,legendaryforms,xenofp,m0,7,10.4,10.4,10.4,1.0,1.0,10.31,11793.6,2080.0,520.0,10.4,1487.5,8108.5,0.183,225.0,973.7,0.08,0.3,0.3,749.0,749.0
bioandroid,warrior,legendaryforms,xenofp,m100,1,15.6,15.6,15.6,1.0,1.0,15.47,17690.4,3120.0,780.0,15.6,1994.2,12161.3,0.164,62.3,147.8,0.01,0.083,0.083,749.0,749.0
bioandroid,warrior,legendaryforms,xenofp,m100,3,15.6,15.6,15.6,1.0,1.0,15.47,17690.4,3120.0,780.0,15.6,1782.4,12161.3,0.147,112.2,338.9,0.02,0.15,0.15,749.0,749.0
bioandroid,warrior,legendaryforms,xenofp,m100,5,15.6,15.6,15.6,1.0,1.0,15.47,17690.4,3120.0,780.0,15.6,1593.1,12161.3,0.131,187.0,657.2,0.04,0.25,0.25,749.0,749.0
bioandroid,warrior,legendaryforms,xenofp,m100,7,15.6,15.6,15.6,1.0,1.0,15.47,17690.4,3120.0,780.0,15.6,1593.1,12161.3,0.131,236.8,973.7,0.06,0.316,0.316,749.0,749.0
bioandroid,warrior,legendaryforms,xenomax,m0,1,14.5,14.5,14.5,1.0,1.0,12.69,16443.0,2900.0,725.0,14.5,1976.7,11304.0,0.175,61.8,147.3,0.01,0.082,0.082,749.0,749.0
bioandroid,warrior,legendaryforms,xenomax,m0,3,14.5,14.5,14.5,1.0,1.0,12.69,16443.0,2900.0,725.0,14.5,1759.4,11304.0,0.156,111.2,334.5,0.02,0.148,0.148,749.0,749.0
bioandroid,warrior,legendaryforms,xenomax,m0,5,14.5,14.5,14.5,1.0,1.0,12.69,16443.0,2900.0,725.0,14.5,1574.5,11304.0,0.139,185.3,657.2,0.04,0.247,0.247,749.0,749.0
bioandroid,warrior,legendaryforms,xenomax,m0,7,14.5,14.5,14.5,1.0,1.0,12.69,16443.0,2900.0,725.0,14.5,1574.5,11304.0,0.139,234.7,973.7,0.06,0.313,0.313,749.0,749.0
bioandroid,warrior,legendaryforms,xenomax,m100,1,21.75,21.75,21.75,1.0,1.0,19.03,24664.5,4350.0,1087.5,21.75,2063.0,16954.7,0.122,64.9,150.3,0.01,0.087,0.087,749.0,749.0
bioandroid,warrior,legendaryforms,xenomax,m100,3,21.75,21.75,21.75,1.0,1.0,19.03,24664.5,4350.0,1087.5,21.75,1883.3,16954.7,0.111,116.8,358.1,0.01,0.156,0.156,749.0,749.0
bioandroid,warrior,legendaryforms,xenomax,m100,5,21.75,21.75,21.75,1.0,1.0,19.03,24664.5,4350.0,1087.5,21.75,1674.9,16954.7,0.099,194.6,657.2,0.03,0.26,0.26,749.0,749.0
bioandroid,warrior,legendaryforms,xenomax,m100,7,21.75,21.75,21.75,1.0,1.0,19.03,24664.5,4350.0,1087.5,21.75,1674.9,16954.7,0.099,246.6,973.7,0.04,0.329,0.329,749.0,749.0
bioandroid,berserker,base,Base,m0,1,1.0,1.0,1.0,1.0,1.0,1.0,1547.0,120.0,20.0,1.0,1042.4,1042.4,1.0,93.0,211.6,0.14,0.06,0.06,1550.0,1550.0
bioandroid,berserker,base,Base,m0,3,1.0,1.0,1.0,1.0,1.0,1.0,1547.0,120.0,20.0,1.0,1042.4,1042.4,1.0,153.5,654.9,0.42,0.099,0.099,1550.0,1550.0
bioandroid,berserker,base,Base,m0,5,1.0,1.0,1.0,1.0,1.0,1.0,1547.0,120.0,20.0,1.0,1042.4,1042.4,1.0,255.8,1360.1,0.88,0.165,0.165,1550.0,1550.0
bioandroid,berserker,base,Base,m0,7,1.0,1.0,1.0,1.0,1.0,1.0,1547.0,120.0,20.0,1.0,1042.4,1042.4,1.0,324.0,2015.0,1.3,0.209,0.209,1550.0,1550.0
bioandroid,berserker,bioevolution,semiperfect,m0,1,3.75,3.75,3.75,1.0,1.0,3.5,5801.2,450.0,75.0,3.75,2162.0,3904.1,0.554,106.3,211.6,0.04,0.069,0.069,1550.0,1550.0
bioandroid,berserker,bioevolution,semiperfect,m0,3,3.75,3.75,3.75,1.0,1.0,3.5,5801.2,450.0,75.0,3.75,2486.9,3904.1,0.637,191.3,654.9,0.11,0.123,0.123,1550.0,1550.0
bioandroid,berserker,bioevolution,semiperfect,m0,5,3.75,3.75,3.75,1.0,1.0,3.5,5801.2,450.0,75.0,3.75,1775.7,3904.1,0.455,318.9,1360.1,0.23,0.206,0.206,1550.0,1550.0
bioandroid,berserker,bioevolution,semiperfect,m0,7,3.75,3.75,3.75,1.0,1.0,3.5,5801.2,450.0,75.0,3.75,1775.7,3904.1,0.455,403.9,2015.0,0.35,0.261,0.261,1550.0,1550.0
bioandroid,berserker,bioevolution,semiperfect,m100,1,5.62,5.62,5.62,1.0,1.0,5.25,8701.9,675.0,112.5,5.62,2695.8,5855.3,0.46,112.7,211.6,0.02,0.073,0.073,1550.0,1550.0
bioandroid,berserker,bioevolution,semiperfect,m100,3,5.62,5.62,5.62,1.0,1.0,5.25,8701.9,675.0,112.5,5.62,3175.7,5855.3,0.542,202.9,654.9,0.08,0.131,0.131,1550.0,1550.0
bioandroid,berserker,bioevolution,semiperfect,m100,5,5.62,5.62,5.62,1.0,1.0,5.25,8701.9,675.0,112.5,5.62,2125.4,5855.3,0.363,338.2,1360.1,0.16,0.218,0.218,1550.0,1550.0
bioandroid,berserker,bioevolution,semiperfect,m100,7,5.62,5.62,5.62,1.0,1.0,5.25,8701.9,675.0,112.5,5.62,2125.4,5855.3,0.363,428.4,2015.0,0.23,0.276,0.276,1550.0,1550.0
bioandroid,berserker,bioevolution,perfect,m0,1,6.4,6.4,6.4,1.0,1.0,6.06,9900.8,768.0,128.0,6.4,2213.4,6661.8,0.332,114.8,211.6,0.02,0.074,0.074,1550.0,1550.0
bioandroid,berserker,bioevolution,perfect,m0,3,6.4,6.4,6.4,1.0,1.0,6.06,9900.8,768.0,128.0,6.4,1988.4,6661.8,0.298,206.6,654.9,0.07,0.133,0.133,1550.0,1550.0
bioandroid,berserker,bioevolution,perfect,m0,5,6.4,6.4,6.4,1.0,1.0,6.06,9900.8,768.0,128.0,6.4,1809.4,6661.8,0.272,344.4,1360.1,0.14,0.222,0.222,1550.0,1550.0
bioandroid,berserker,bioevolution,perfect,m0,7,6.4,6.4,6.4,1.0,1.0,6.06,9900.8,768.0,128.0,6.4,1809.4,6661.8,0.272,436.2,2015.0,0.2,0.281,0.281,1550.0,1550.0
bioandroid,berserker,bioevolution,perfect,m100,1,9.6,9.6,9.6,1.0,1.0,9.09,14851.2,1152.0,192.0,9.6,2436.8,9991.9,0.244,121.3,211.6,0.01,0.078,0.078,1550.0,1550.0
bioandroid,berserker,bioevolution,perfect,m100,3,9.6,9.6,9.6,1.0,1.0,9.09,14851.2,1152.0,192.0,9.6,2168.8,9991.9,0.217,218.3,654.9,0.04,0.141,0.141,1550.0,1550.0
bioandroid,berserker,bioevolution,perfect,m100,5,9.6,9.6,9.6,1.0,1.0,9.09,14851.2,1152.0,192.0,9.6,1955.7,9991.9,0.196,363.8,1360.1,0.09,0.235,0.235,1550.0,1550.0
bioandroid,berserker,bioevolution,perfect,m100,7,9.6,9.6,9.6,1.0,1.0,9.09,14851.2,1152.0,192.0,9.6,1955.7,9991.9,0.196,460.8,2015.0,0.14,0.297,0.297,1550.0,1550.0
bioandroid,berserker,bioevolution,superperfect,m0,1,9.45,9.45,9.45,1.0,1.0,9.04,14619.1,1134.0,189.0,9.45,2428.2,9835.8,0.247,121.0,211.6,0.01,0.078,0.078,1550.0,1550.0
bioandroid,berserker,bioevolution,superperfect,m0,3,9.45,9.45,9.45,1.0,1.0,9.04,14619.1,1134.0,189.0,9.45,2161.9,9835.8,0.22,217.8,654.9,0.04,0.141,0.141,1550.0,1550.0
bioandroid,berserker,bioevolution,superperfect,m0,5,9.45,9.45,9.45,1.0,1.0,9.04,14619.1,1134.0,189.0,9.45,1950.1,9835.8,0.198,363.0,1360.1,0.09,0.234,0.234,1550.0,1550.0
bioandroid,berserker,bioevolution,superperfect,m0,7,9.45,9.45,9.45,1.0,1.0,9.04,14619.1,1134.0,189.0,9.45,1950.1,9835.8,0.198,459.8,2015.0,0.14,0.297,0.297,1550.0,1550.0
bioandroid,berserker,bioevolution,superperfect,m100,1,14.17,14.17,14.17,1.0,1.0,13.56,21928.7,1701.0,283.5,14.17,2630.0,14752.8,0.178,127.5,211.6,0.01,0.082,0.082,1550.0,1550.0
bioandroid,berserker,bioevolution,superperfect,m100,3,14.17,14.17,14.17,1.0,1.0,13.56,21928.7,1701.0,283.5,14.17,2337.6,14752.8,0.158,229.4,654.9,0.03,0.148,0.148,1550.0,1550.0
bioandroid,berserker,bioevolution,superperfect,m100,5,14.17,14.17,14.17,1.0,1.0,13.56,21928.7,1701.0,283.5,14.17,2092.6,14752.8,0.142,382.4,1360.1,0.06,0.247,0.247,1550.0,1550.0
bioandroid,berserker,bioevolution,superperfect,m100,7,14.17,14.17,14.17,1.0,1.0,13.56,21928.7,1701.0,283.5,14.17,2092.6,14752.8,0.142,484.3,2015.0,0.09,0.312,0.312,1550.0,1550.0
bioandroid,berserker,bioevolution,ultraperfect,m0,1,14.5,14.5,14.5,1.0,1.0,13.0,22431.5,1740.0,290.0,14.5,2637.5,15091.0,0.175,127.8,211.6,0.01,0.082,0.082,1550.0,1550.0
bioandroid,berserker,bioevolution,ultraperfect,m0,3,14.5,14.5,14.5,1.0,1.0,13.0,22431.5,1740.0,290.0,14.5,2347.2,15091.0,0.156,230.1,654.9,0.03,0.148,0.148,1550.0,1550.0
bioandroid,berserker,bioevolution,ultraperfect,m0,5,14.5,14.5,14.5,1.0,1.0,13.0,22431.5,1740.0,290.0,14.5,2100.3,15091.0,0.139,383.4,1360.1,0.06,0.247,0.247,1550.0,1550.0
bioandroid,berserker,bioevolution,ultraperfect,m0,7,14.5,14.5,14.5,1.0,1.0,13.0,22431.5,1740.0,290.0,14.5,2100.3,15091.0,0.139,485.7,2015.0,0.09,0.313,0.313,1550.0,1550.0
bioandroid,berserker,bioevolution,ultraperfect,m100,1,21.75,21.75,21.75,1.0,1.0,19.5,33647.2,2610.0,435.0,21.75,2752.6,22635.6,0.122,134.3,211.6,0.01,0.087,0.087,1550.0,1550.0
bioandroid,berserker,bioevolution,ultraperfect,m100,3,21.75,21.75,21.75,1.0,1.0,19.5,33647.2,2610.0,435.0,21.75,2512.6,22635.6,0.111,241.7,654.9,0.02,0.156,0.156,1550.0,1550.0
bioandroid,berserker,bioevolution,ultraperfect,m100,5,21.75,21.75,21.75,1.0,1.0,19.5,33647.2,2610.0,435.0,21.75,2234.5,22635.6,0.099,402.8,1360.1,0.04,0.26,0.26,1550.0,1550.0
bioandroid,berserker,bioevolution,ultraperfect,m100,7,21.75,21.75,21.75,1.0,1.0,19.5,33647.2,2610.0,435.0,21.75,2234.5,22635.6,0.099,510.2,2015.0,0.06,0.329,0.329,1550.0,1550.0
bioandroid,berserker,custom_forms_3,accelerated_evolution,m0,1,1.0,1.0,1.0,1.0,1.0,1.0,1547.0,120.0,20.0,1.0,1042.4,1042.4,1.0,93.0,211.6,0.14,0.06,0.06,1550.0,1550.0
bioandroid,berserker,custom_forms_3,accelerated_evolution,m0,3,1.0,1.0,1.0,1.0,1.0,1.0,1547.0,120.0,20.0,1.0,1042.4,1042.4,1.0,153.5,654.9,0.42,0.099,0.099,1550.0,1550.0
bioandroid,berserker,custom_forms_3,accelerated_evolution,m0,5,1.0,1.0,1.0,1.0,1.0,1.0,1547.0,120.0,20.0,1.0,1042.4,1042.4,1.0,255.8,1360.1,0.88,0.165,0.165,1550.0,1550.0
bioandroid,berserker,custom_forms_3,accelerated_evolution,m0,7,1.0,1.0,1.0,1.0,1.0,1.0,1547.0,120.0,20.0,1.0,1042.4,1042.4,1.0,324.0,2015.0,1.3,0.209,0.209,1550.0,1550.0
bioandroid,berserker,custom_forms_3,accelerated_evolution,m100,1,1.0,1.0,1.0,1.0,1.0,1.0,1547.0,120.0,20.0,1.0,1042.4,1042.4,1.0,93.0,211.6,0.14,0.06,0.06,1550.0,1550.0
bioandroid,berserker,custom_forms_3,accelerated_evolution,m100,3,1.0,1.0,1.0,1.0,1.0,1.0,1547.0,120.0,20.0,1.0,1042.4,1042.4,1.0,153.5,654.9,0.42,0.099,0.099,1550.0,1550.0
bioandroid,berserker,custom_forms_3,accelerated_evolution,m100,5,1.0,1.0,1.0,1.0,1.0,1.0,1547.0,120.0,20.0,1.0,1042.4,1042.4,1.0,255.8,1360.1,0.88,0.165,0.165,1550.0,1550.0
bioandroid,berserker,custom_forms_3,accelerated_evolution,m100,7,1.0,1.0,1.0,1.0,1.0,1.0,1547.0,120.0,20.0,1.0,1042.4,1042.4,1.0,324.0,2015.0,1.3,0.209,0.209,1550.0,1550.0
bioandroid,berserker,custom_forms_3,accelerated_evolution_2,m0,1,1.0,1.0,1.0,1.0,1.0,1.0,1547.0,120.0,20.0,1.0,1042.4,1042.4,1.0,93.0,211.6,0.14,0.06,0.06,1550.0,1550.0
bioandroid,berserker,custom_forms_3,accelerated_evolution_2,m0,3,1.0,1.0,1.0,1.0,1.0,1.0,1547.0,120.0,20.0,1.0,1042.4,1042.4,1.0,153.5,654.9,0.42,0.099,0.099,1550.0,1550.0
bioandroid,berserker,custom_forms_3,accelerated_evolution_2,m0,5,1.0,1.0,1.0,1.0,1.0,1.0,1547.0,120.0,20.0,1.0,1042.4,1042.4,1.0,255.8,1360.1,0.88,0.165,0.165,1550.0,1550.0
bioandroid,berserker,custom_forms_3,accelerated_evolution_2,m0,7,1.0,1.0,1.0,1.0,1.0,1.0,1547.0,120.0,20.0,1.0,1042.4,1042.4,1.0,324.0,2015.0,1.3,0.209,0.209,1550.0,1550.0
bioandroid,berserker,custom_forms_3,accelerated_evolution_2,m100,1,1.0,1.0,1.0,1.0,1.0,1.0,1547.0,120.0,20.0,1.0,1042.4,1042.4,1.0,93.0,211.6,0.14,0.06,0.06,1550.0,1550.0
bioandroid,berserker,custom_forms_3,accelerated_evolution_2,m100,3,1.0,1.0,1.0,1.0,1.0,1.0,1547.0,120.0,20.0,1.0,1042.4,1042.4,1.0,153.5,654.9,0.42,0.099,0.099,1550.0,1550.0
bioandroid,berserker,custom_forms_3,accelerated_evolution_2,m100,5,1.0,1.0,1.0,1.0,1.0,1.0,1547.0,120.0,20.0,1.0,1042.4,1042.4,1.0,255.8,1360.1,0.88,0.165,0.165,1550.0,1550.0
bioandroid,berserker,custom_forms_3,accelerated_evolution_2,m100,7,1.0,1.0,1.0,1.0,1.0,1.0,1547.0,120.0,20.0,1.0,1042.4,1042.4,1.0,324.0,2015.0,1.3,0.209,0.209,1550.0,1550.0
bioandroid,berserker,divine_evolution,cell_max,m0,1,1.0,1.0,1.0,1.0,1.0,1.0,1547.0,120.0,20.0,1.0,1042.4,1042.4,1.0,93.0,211.6,0.14,0.06,0.06,1550.0,1550.0
bioandroid,berserker,divine_evolution,cell_max,m0,3,1.0,1.0,1.0,1.0,1.0,1.0,1547.0,120.0,20.0,1.0,1042.4,1042.4,1.0,153.5,654.9,0.42,0.099,0.099,1550.0,1550.0
bioandroid,berserker,divine_evolution,cell_max,m0,5,1.0,1.0,1.0,1.0,1.0,1.0,1547.0,120.0,20.0,1.0,1042.4,1042.4,1.0,255.8,1360.1,0.88,0.165,0.165,1550.0,1550.0
bioandroid,berserker,divine_evolution,cell_max,m0,7,1.0,1.0,1.0,1.0,1.0,1.0,1547.0,120.0,20.0,1.0,1042.4,1042.4,1.0,324.0,2015.0,1.3,0.209,0.209,1550.0,1550.0
bioandroid,berserker,divine_evolution,cell_max,m100,1,1.0,1.0,1.0,1.0,1.0,1.0,1547.0,120.0,20.0,1.0,1042.4,1042.4,1.0,93.0,211.6,0.14,0.06,0.06,1550.0,1550.0
bioandroid,berserker,divine_evolution,cell_max,m100,3,1.0,1.0,1.0,1.0,1.0,1.0,1547.0,120.0,20.0,1.0,1042.4,1042.4,1.0,153.5,654.9,0.42,0.099,0.099,1550.0,1550.0
bioandroid,berserker,divine_evolution,cell_max,m100,5,1.0,1.0,1.0,1.0,1.0,1.0,1547.0,120.0,20.0,1.0,1042.4,1042.4,1.0,255.8,1360.1,0.88,0.165,0.165,1550.0,1550.0
bioandroid,berserker,divine_evolution,cell_max,m100,7,1.0,1.0,1.0,1.0,1.0,1.0,1547.0,120.0,20.0,1.0,1042.4,1042.4,1.0,324.0,2015.0,1.3,0.209,0.209,1550.0,1550.0
bioandroid,berserker,divine_evolution,cell_max_perfect,m0,1,1.0,1.0,1.0,1.0,1.0,1.0,1547.0,120.0,20.0,1.0,1042.4,1042.4,1.0,93.0,211.6,0.14,0.06,0.06,1550.0,1550.0
bioandroid,berserker,divine_evolution,cell_max_perfect,m0,3,1.0,1.0,1.0,1.0,1.0,1.0,1547.0,120.0,20.0,1.0,1042.4,1042.4,1.0,153.5,654.9,0.42,0.099,0.099,1550.0,1550.0
bioandroid,berserker,divine_evolution,cell_max_perfect,m0,5,1.0,1.0,1.0,1.0,1.0,1.0,1547.0,120.0,20.0,1.0,1042.4,1042.4,1.0,255.8,1360.1,0.88,0.165,0.165,1550.0,1550.0
bioandroid,berserker,divine_evolution,cell_max_perfect,m0,7,1.0,1.0,1.0,1.0,1.0,1.0,1547.0,120.0,20.0,1.0,1042.4,1042.4,1.0,324.0,2015.0,1.3,0.209,0.209,1550.0,1550.0
bioandroid,berserker,divine_evolution,cell_max_perfect,m100,1,1.0,1.0,1.0,1.0,1.0,1.0,1547.0,120.0,20.0,1.0,1042.4,1042.4,1.0,93.0,211.6,0.14,0.06,0.06,1550.0,1550.0
bioandroid,berserker,divine_evolution,cell_max_perfect,m100,3,1.0,1.0,1.0,1.0,1.0,1.0,1547.0,120.0,20.0,1.0,1042.4,1042.4,1.0,153.5,654.9,0.42,0.099,0.099,1550.0,1550.0
bioandroid,berserker,divine_evolution,cell_max_perfect,m100,5,1.0,1.0,1.0,1.0,1.0,1.0,1547.0,120.0,20.0,1.0,1042.4,1042.4,1.0,255.8,1360.1,0.88,0.165,0.165,1550.0,1550.0
bioandroid,berserker,divine_evolution,cell_max_perfect,m100,7,1.0,1.0,1.0,1.0,1.0,1.0,1547.0,120.0,20.0,1.0,1042.4,1042.4,1.0,324.0,2015.0,1.3,0.209,0.209,1550.0,1550.0
bioandroid,berserker,legendaryforms,xeno,m0,1,6.5,6.5,6.5,1.0,1.0,6.69,10055.5,780.0,130.0,6.69,2218.9,6765.9,0.328,115.5,211.6,0.02,0.075,0.075,1550.0,1550.0
bioandroid,berserker,legendaryforms,xeno,m0,3,6.5,6.5,6.5,1.0,1.0,6.69,10055.5,780.0,130.0,6.69,1992.8,6765.9,0.295,207.9,654.9,0.07,0.134,0.134,1550.0,1550.0
bioandroid,berserker,legendaryforms,xeno,m0,5,6.5,6.5,6.5,1.0,1.0,6.69,10055.5,780.0,130.0,6.69,1813.0,6765.9,0.268,346.5,1360.1,0.14,0.224,0.224,1550.0,1550.0
bioandroid,berserker,legendaryforms,xeno,m0,7,6.5,6.5,6.5,1.0,1.0,6.69,10055.5,780.0,130.0,6.69,1813.0,6765.9,0.268,438.9,2015.0,0.2,0.283,0.283,1550.0,1550.0
bioandroid,berserker,legendaryforms,xeno,m100,1,9.75,9.75,9.75,1.0,1.0,10.03,15083.2,1170.0,195.0,10.03,2440.5,10148.0,0.24,122.0,211.6,0.01,0.079,0.079,1550.0,1550.0
bioandroid,berserker,legendaryforms,xeno,m100,3,9.75,9.75,9.75,1.0,1.0,10.03,15083.2,1170.0,195.0,10.03,2171.9,10148.0,0.214,219.5,654.9,0.04,0.142,0.142,1550.0,1550.0
bioandroid,berserker,legendaryforms,xeno,m100,5,9.75,9.75,9.75,1.0,1.0,10.03,15083.2,1170.0,195.0,10.03,1958.2,10148.0,0.193,365.9,1360.1,0.09,0.236,0.236,1550.0,1550.0
bioandroid,berserker,legendaryforms,xeno,m100,7,9.75,9.75,9.75,1.0,1.0,10.03,15083.2,1170.0,195.0,10.03,1958.2,10148.0,0.193,463.4,2015.0,0.13,0.299,0.299,1550.0,1550.0
bioandroid,berserker,legendaryforms,xenofp,m0,1,10.4,10.4,10.4,1.0,1.0,10.31,16088.8,1248.0,208.0,10.4,2480.3,10824.4,0.229,122.5,211.6,0.01,0.079,0.079,1550.0,1550.0
bioandroid,berserker,legendaryforms,xenofp,m0,3,10.4,10.4,10.4,1.0,1.0,10.31,16088.8,1248.0,208.0,10.4,2204.0,10824.4,0.204,220.5,654.9,0.04,0.142,0.142,1550.0,1550.0
bioandroid,berserker,legendaryforms,xenofp,m0,5,10.4,10.4,10.4,1.0,1.0,10.31,16088.8,1248.0,208.0,10.4,1984.2,10824.4,0.183,367.6,1360.1,0.08,0.237,0.237,1550.0,1550.0
bioandroid,berserker,legendaryforms,xenofp,m0,7,10.4,10.4,10.4,1.0,1.0,10.31,16088.8,1248.0,208.0,10.4,1984.2,10824.4,0.183,465.6,2015.0,0.13,0.3,0.3,1550.0,1550.0
bioandroid,berserker,legendaryforms,xenofp,m100,1,15.6,15.6,15.6,1.0,1.0,15.47,24133.2,1872.0,312.0,15.6,2660.7,16235.7,0.164,129.0,211.6,0.01,0.083,0.083,1550.0,1550.0
bioandroid,berserker,legendaryforms,xenofp,m100,3,15.6,15.6,15.6,1.0,1.0,15.47,24133.2,1872.0,312.0,15.6,2377.9,16235.7,0.146,232.2,654.9,0.03,0.15,0.15,1550.0,1550.0
bioandroid,berserker,legendaryforms,xenofp,m100,5,15.6,15.6,15.6,1.0,1.0,15.47,24133.2,1872.0,312.0,15.6,2125.2,16235.7,0.131,386.9,1360.1,0.06,0.25,0.25,1550.0,1550.0
bioandroid,berserker,legendaryforms,xenofp,m100,7,15.6,15.6,15.6,1.0,1.0,15.47,24133.2,1872.0,312.0,15.6,2125.2,16235.7,0.131,490.1,2015.0,0.08,0.316,0.316,1550.0,1550.0
bioandroid,berserker,legendaryforms,xenomax,m0,1,14.5,14.5,14.5,1.0,1.0,12.69,22431.5,1740.0,290.0,14.5,2637.5,15091.0,0.175,127.8,211.6,0.01,0.082,0.082,1550.0,1550.0
bioandroid,berserker,legendaryforms,xenomax,m0,3,14.5,14.5,14.5,1.0,1.0,12.69,22431.5,1740.0,290.0,14.5,2347.2,15091.0,0.156,230.1,654.9,0.03,0.148,0.148,1550.0,1550.0
bioandroid,berserker,legendaryforms,xenomax,m0,5,14.5,14.5,14.5,1.0,1.0,12.69,22431.5,1740.0,290.0,14.5,2100.3,15091.0,0.139,383.4,1360.1,0.06,0.247,0.247,1550.0,1550.0
bioandroid,berserker,legendaryforms,xenomax,m0,7,14.5,14.5,14.5,1.0,1.0,12.69,22431.5,1740.0,290.0,14.5,2100.3,15091.0,0.139,485.7,2015.0,0.09,0.313,0.313,1550.0,1550.0
bioandroid,berserker,legendaryforms,xenomax,m100,1,21.75,21.75,21.75,1.0,1.0,19.03,33647.2,2610.0,435.0,21.75,2752.6,22635.6,0.122,134.3,211.6,0.01,0.087,0.087,1550.0,1550.0
bioandroid,berserker,legendaryforms,xenomax,m100,3,21.75,21.75,21.75,1.0,1.0,19.03,33647.2,2610.0,435.0,21.75,2512.6,22635.6,0.111,241.7,654.9,0.02,0.156,0.156,1550.0,1550.0
bioandroid,berserker,legendaryforms,xenomax,m100,5,21.75,21.75,21.75,1.0,1.0,19.03,33647.2,2610.0,435.0,21.75,2234.5,22635.6,0.099,402.8,1360.1,0.04,0.26,0.26,1550.0,1550.0
bioandroid,berserker,legendaryforms,xenomax,m100,7,21.75,21.75,21.75,1.0,1.0,19.03,33647.2,2610.0,435.0,21.75,2234.5,22635.6,0.099,510.2,2015.0,0.06,0.329,0.329,1550.0,1550.0
bioandroid,spiritualist,base,Base,m0,1,1.0,1.0,1.0,1.0,1.0,1.0,45.0,100.0,1729.0,1.0,1188.7,1188.7,1.0,30.6,69.6,0.04,0.06,0.06,510.0,510.0
bioandroid,spiritualist,base,Base,m0,3,1.0,1.0,1.0,1.0,1.0,1.0,45.0,100.0,1729.0,1.0,1188.7,1188.7,1.0,50.5,215.5,0.12,0.099,0.099,510.0,510.0
bioandroid,spiritualist,base,Base,m0,5,1.0,1.0,1.0,1.0,1.0,1.0,45.0,100.0,1729.0,1.0,1188.7,1188.7,1.0,84.1,447.5,0.26,0.165,0.165,510.0,510.0
bioandroid,spiritualist,base,Base,m0,7,1.0,1.0,1.0,1.0,1.0,1.0,45.0,100.0,1729.0,1.0,1188.7,1188.7,1.0,106.6,663.0,0.38,0.209,0.209,510.0,510.0
bioandroid,spiritualist,bioevolution,semiperfect,m0,1,3.75,3.75,3.75,1.0,1.0,3.5,168.8,375.0,6483.8,3.75,2438.7,4383.6,0.556,35.0,93.6,0.01,0.069,0.069,510.0,510.0
bioandroid,spiritualist,bioevolution,semiperfect,m0,3,3.75,3.75,3.75,1.0,1.0,3.5,168.8,375.0,6483.8,3.75,2801.4,4383.6,0.639,63.0,289.7,0.04,0.123,0.123,510.0,510.0
bioandroid,spiritualist,bioevolution,semiperfect,m0,5,3.75,3.75,3.75,1.0,1.0,3.5,168.8,375.0,6483.8,3.75,2007.5,4383.6,0.458,104.9,601.6,0.09,0.206,0.206,510.0,510.0
bioandroid,spiritualist,bioevolution,semiperfect,m0,7,3.75,3.75,3.75,1.0,1.0,3.5,168.8,375.0,6483.8,3.75,2007.5,4383.6,0.458,132.9,782.9,0.12,0.261,0.261,510.0,510.0
bioandroid,spiritualist,bioevolution,semiperfect,m100,1,5.62,5.62,5.62,1.0,1.0,5.25,253.1,562.5,9725.6,5.62,3034.7,6562.0,0.462,37.1,95.6,0.01,0.073,0.073,510.0,510.0
bioandroid,spiritualist,bioevolution,semiperfect,m100,3,5.62,5.62,5.62,1.0,1.0,5.25,253.1,562.5,9725.6,5.62,3570.3,6562.0,0.544,66.8,295.9,0.03,0.131,0.131,510.0,510.0
bioandroid,spiritualist,bioevolution,semiperfect,m100,5,5.62,5.62,5.62,1.0,1.0,5.25,253.1,562.5,9725.6,5.62,2397.9,6562.0,0.365,111.3,614.5,0.06,0.218,0.218,510.0,510.0
bioandroid,spiritualist,bioevolution,semiperfect,m100,7,5.62,5.62,5.62,1.0,1.0,5.25,253.1,562.5,9725.6,5.62,2397.9,6562.0,0.365,141.0,910.4,0.09,0.276,0.276,510.0,510.0
bioandroid,spiritualist,bioevolution,perfect,m0,1,6.4,6.4,6.4,1.0,1.0,6.06,288.0,640.0,11065.6,6.4,2496.0,7462.3,0.334,37.8,96.2,0.01,0.074,0.074,510.0,510.0
bioandroid,spiritualist,bioevolution,perfect,m0,3,6.4,6.4,6.4,1.0,1.0,6.06,288.0,640.0,11065.6,6.4,2244.9,7462.3,0.301,68.0,297.9,0.03,0.133,0.133,510.0,510.0
bioandroid,spiritualist,bioevolution,perfect,m0,5,6.4,6.4,6.4,1.0,1.0,6.06,288.0,640.0,11065.6,6.4,2045.1,7462.3,0.274,113.3,618.6,0.06,0.222,0.222,510.0,510.0
bioandroid,spiritualist,bioevolution,perfect,m0,7,6.4,6.4,6.4,1.0,1.0,6.06,288.0,640.0,11065.6,6.4,2045.1,7462.3,0.274,143.5,797.6,0.07,0.281,0.281,510.0,510.0
bioandroid,spiritualist,bioevolution,perfect,m100,1,9.6,9.6,9.6,1.0,1.0,9.09,432.0,960.0,16598.4,9.6,2745.4,11180.0,0.246,39.9,98.2,0.01,0.078,0.078,510.0,510.0
bioandroid,spiritualist,bioevolution,perfect,m100,3,9.6,9.6,9.6,1.0,1.0,9.09,432.0,960.0,16598.4,9.6,2446.3,11180.0,0.219,71.8,304.1,0.02,0.141,0.141,510.0,510.0
bioandroid,spiritualist,bioevolution,perfect,m100,5,9.6,9.6,9.6,1.0,1.0,9.09,432.0,960.0,16598.4,9.6,2208.4,11180.0,0.198,119.7,631.6,0.04,0.235,0.235,510.0,510.0
bioandroid,spiritualist,bioevolution,perfect,m100,7,9.6,9.6,9.6,1.0,1.0,9.09,432.0,960.0,16598.4,9.6,2208.4,11180.0,0.198,151.6,861.3,0.05,0.297,0.297,510.0,510.0
bioandroid,spiritualist,bioevolution,superperfect,m0,1,9.45,9.45,9.45,1.0,1.0,9.04,425.2,945.0,16339.0,9.45,2735.8,11005.7,0.249,39.8,98.2,0.01,0.078,0.078,510.0,510.0
bioandroid,spiritualist,bioevolution,superperfect,m0,3,9.45,9.45,9.45,1.0,1.0,9.04,425.2,945.0,16339.0,9.45,2438.6,11005.7,0.222,71.7,303.9,0.02,0.141,0.141,510.0,510.0
bioandroid,spiritualist,bioevolution,superperfect,m0,5,9.45,9.45,9.45,1.0,1.0,9.04,425.2,945.0,16339.0,9.45,2202.1,11005.7,0.2,119.4,631.1,0.04,0.234,0.234,510.0,510.0
bioandroid,spiritualist,bioevolution,superperfect,m0,7,9.45,9.45,9.45,1.0,1.0,9.04,425.2,945.0,16339.0,9.45,2202.1,11005.7,0.2,151.3,858.8,0.05,0.297,0.297,510.0,510.0
bioandroid,spiritualist,bioevolution,superperfect,m100,1,14.17,14.17,14.17,1.0,1.0,13.56,637.9,1417.5,24508.6,14.17,2961.2,16495.1,0.18,41.9,100.2,0.0,0.082,0.082,510.0,510.0
bioandroid,spiritualist,bioevolution,superperfect,m100,3,14.17,14.17,14.17,1.0,1.0,13.56,637.9,1417.5,24508.6,14.17,2634.7,16495.1,0.16,75.5,310.1,0.01,0.148,0.148,510.0,510.0
bioandroid,spiritualist,bioevolution,superperfect,m100,5,14.17,14.17,14.17,1.0,1.0,13.56,637.9,1417.5,24508.6,14.17,2361.2,16495.1,0.143,125.8,644.0,0.03,0.247,0.247,510.0,510.0
bioandroid,spiritualist,bioevolution,superperfect,m100,7,14.17,14.17,14.17,1.0,1.0,13.56,637.9,1417.5,24508.6,14.17,2361.2,16495.1,0.143,159.4,920.9,0.04,0.312,0.312,510.0,510.0
bioandroid,spiritualist,bioevolution,ultraperfect,m0,1,14.5,14.5,14.5,1.0,1.0,13.0,652.5,1450.0,25070.5,14.5,2969.5,16872.7,0.176,42.1,100.3,0.0,0.082,0.082,510.0,510.0
bioandroid,spiritualist,bioevolution,ultraperfect,m0,3,14.5,14.5,14.5,1.0,1.0,13.0,652.5,1450.0,25070.5,14.5,2645.4,16872.7,0.157,75.7,310.4,0.01,0.148,0.148,510.0,510.0
bioandroid,spiritualist,bioevolution,ultraperfect,m0,5,14.5,14.5,14.5,1.0,1.0,13.0,652.5,1450.0,25070.5,14.5,2369.9,16872.7,0.14,126.2,644.8,0.03,0.247,0.247,510.0,510.0
bioandroid,spiritualist,bioevolution,ultraperfect,m0,7,14.5,14.5,14.5,1.0,1.0,13.0,652.5,1450.0,25070.5,14.5,2369.9,16872.7,0.14,159.8,924.2,0.04,0.313,0.313,510.0,510.0
bioandroid,spiritualist,bioevolution,ultraperfect,m100,1,21.75,21.75,21.75,1.0,1.0,19.5,978.8,2175.0,37605.8,21.75,3098.1,25295.6,0.122,44.2,102.3,0.0,0.087,0.087,510.0,510.0
bioandroid,spiritualist,bioevolution,ultraperfect,m100,3,21.75,21.75,21.75,1.0,1.0,19.5,978.8,2175.0,37605.8,21.75,2830.1,25295.6,0.112,79.5,316.7,0.01,0.156,0.156,510.0,510.0
bioandroid,spiritualist,bioevolution,ultraperfect,m100,5,21.75,21.75,21.75,1.0,1.0,19.5,978.8,2175.0,37605.8,21.75,2519.6,25295.6,0.1,132.5,657.7,0.02,0.26,0.26,510.0,510.0
bioandroid,spiritualist,bioevolution,ultraperfect,m100,7,21.75,21.75,21.75,1.0,1.0,19.5,978.8,2175.0,37605.8,21.75,2519.6,25295.6,0.1,167.9,974.4,0.03,0.329,0.329,510.0,510.0
bioandroid,spiritualist,custom_forms_3,accelerated_evolution,m0,1,1.0,1.0,1.0,1.0,1.0,1.0,45.0,100.0,1729.0,1.0,1188.7,1188.7,1.0,30.6,69.6,0.04,0.06,0.06,510.0,510.0
bioandroid,spiritualist,custom_forms_3,accelerated_evolution,m0,3,1.0,1.0,1.0,1.0,1.0,1.0,45.0,100.0,1729.0,1.0,1188.7,1188.7,1.0,50.5,215.5,0.12,0.099,0.099,510.0,510.0
bioandroid,spiritualist,custom_forms_3,accelerated_evolution,m0,5,1.0,1.0,1.0,1.0,1.0,1.0,45.0,100.0,1729.0,1.0,1188.7,1188.7,1.0,84.1,447.5,0.26,0.165,0.165,510.0,510.0
bioandroid,spiritualist,custom_forms_3,accelerated_evolution,m0,7,1.0,1.0,1.0,1.0,1.0,1.0,45.0,100.0,1729.0,1.0,1188.7,1188.7,1.0,106.6,663.0,0.38,0.209,0.209,510.0,510.0
bioandroid,spiritualist,custom_forms_3,accelerated_evolution,m100,1,1.0,1.0,1.0,1.0,1.0,1.0,45.0,100.0,1729.0,1.0,1188.7,1188.7,1.0,30.6,69.6,0.04,0.06,0.06,510.0,510.0
bioandroid,spiritualist,custom_forms_3,accelerated_evolution,m100,3,1.0,1.0,1.0,1.0,1.0,1.0,45.0,100.0,1729.0,1.0,1188.7,1188.7,1.0,50.5,215.5,0.12,0.099,0.099,510.0,510.0
bioandroid,spiritualist,custom_forms_3,accelerated_evolution,m100,5,1.0,1.0,1.0,1.0,1.0,1.0,45.0,100.0,1729.0,1.0,1188.7,1188.7,1.0,84.1,447.5,0.26,0.165,0.165,510.0,510.0
bioandroid,spiritualist,custom_forms_3,accelerated_evolution,m100,7,1.0,1.0,1.0,1.0,1.0,1.0,45.0,100.0,1729.0,1.0,1188.7,1188.7,1.0,106.6,663.0,0.38,0.209,0.209,510.0,510.0
bioandroid,spiritualist,custom_forms_3,accelerated_evolution_2,m0,1,1.0,1.0,1.0,1.0,1.0,1.0,45.0,100.0,1729.0,1.0,1188.7,1188.7,1.0,30.6,69.6,0.04,0.06,0.06,510.0,510.0
bioandroid,spiritualist,custom_forms_3,accelerated_evolution_2,m0,3,1.0,1.0,1.0,1.0,1.0,1.0,45.0,100.0,1729.0,1.0,1188.7,1188.7,1.0,50.5,215.5,0.12,0.099,0.099,510.0,510.0
bioandroid,spiritualist,custom_forms_3,accelerated_evolution_2,m0,5,1.0,1.0,1.0,1.0,1.0,1.0,45.0,100.0,1729.0,1.0,1188.7,1188.7,1.0,84.1,447.5,0.26,0.165,0.165,510.0,510.0
bioandroid,spiritualist,custom_forms_3,accelerated_evolution_2,m0,7,1.0,1.0,1.0,1.0,1.0,1.0,45.0,100.0,1729.0,1.0,1188.7,1188.7,1.0,106.6,663.0,0.38,0.209,0.209,510.0,510.0
bioandroid,spiritualist,custom_forms_3,accelerated_evolution_2,m100,1,1.0,1.0,1.0,1.0,1.0,1.0,45.0,100.0,1729.0,1.0,1188.7,1188.7,1.0,30.6,69.6,0.04,0.06,0.06,510.0,510.0
bioandroid,spiritualist,custom_forms_3,accelerated_evolution_2,m100,3,1.0,1.0,1.0,1.0,1.0,1.0,45.0,100.0,1729.0,1.0,1188.7,1188.7,1.0,50.5,215.5,0.12,0.099,0.099,510.0,510.0
bioandroid,spiritualist,custom_forms_3,accelerated_evolution_2,m100,5,1.0,1.0,1.0,1.0,1.0,1.0,45.0,100.0,1729.0,1.0,1188.7,1188.7,1.0,84.1,447.5,0.26,0.165,0.165,510.0,510.0
bioandroid,spiritualist,custom_forms_3,accelerated_evolution_2,m100,7,1.0,1.0,1.0,1.0,1.0,1.0,45.0,100.0,1729.0,1.0,1188.7,1188.7,1.0,106.6,663.0,0.38,0.209,0.209,510.0,510.0
bioandroid,spiritualist,divine_evolution,cell_max,m0,1,1.0,1.0,1.0,1.0,1.0,1.0,45.0,100.0,1729.0,1.0,1188.7,1188.7,1.0,30.6,69.6,0.04,0.06,0.06,510.0,510.0
bioandroid,spiritualist,divine_evolution,cell_max,m0,3,1.0,1.0,1.0,1.0,1.0,1.0,45.0,100.0,1729.0,1.0,1188.7,1188.7,1.0,50.5,215.5,0.12,0.099,0.099,510.0,510.0
bioandroid,spiritualist,divine_evolution,cell_max,m0,5,1.0,1.0,1.0,1.0,1.0,1.0,45.0,100.0,1729.0,1.0,1188.7,1188.7,1.0,84.1,447.5,0.26,0.165,0.165,510.0,510.0
bioandroid,spiritualist,divine_evolution,cell_max,m0,7,1.0,1.0,1.0,1.0,1.0,1.0,45.0,100.0,1729.0,1.0,1188.7,1188.7,1.0,106.6,663.0,0.38,0.209,0.209,510.0,510.0
bioandroid,spiritualist,divine_evolution,cell_max,m100,1,1.0,1.0,1.0,1.0,1.0,1.0,45.0,100.0,1729.0,1.0,1188.7,1188.7,1.0,30.6,69.6,0.04,0.06,0.06,510.0,510.0
bioandroid,spiritualist,divine_evolution,cell_max,m100,3,1.0,1.0,1.0,1.0,1.0,1.0,45.0,100.0,1729.0,1.0,1188.7,1188.7,1.0,50.5,215.5,0.12,0.099,0.099,510.0,510.0
bioandroid,spiritualist,divine_evolution,cell_max,m100,5,1.0,1.0,1.0,1.0,1.0,1.0,45.0,100.0,1729.0,1.0,1188.7,1188.7,1.0,84.1,447.5,0.26,0.165,0.165,510.0,510.0
bioandroid,spiritualist,divine_evolution,cell_max,m100,7,1.0,1.0,1.0,1.0,1.0,1.0,45.0,100.0,1729.0,1.0,1188.7,1188.7,1.0,106.6,663.0,0.38,0.209,0.209,510.0,510.0
bioandroid,spiritualist,divine_evolution,cell_max_perfect,m0,1,1.0,1.0,1.0,1.0,1.0,1.0,45.0,100.0,1729.0,1.0,1188.7,1188.7,1.0,30.6,69.6,0.04,0.06,0.06,510.0,510.0
bioandroid,spiritualist,divine_evolution,cell_max_perfect,m0,3,1.0,1.0,1.0,1.0,1.0,1.0,45.0,100.0,1729.0,1.0,1188.7,1188.7,1.0,50.5,215.5,0.12,0.099,0.099,510.0,510.0
bioandroid,spiritualist,divine_evolution,cell_max_perfect,m0,5,1.0,1.0,1.0,1.0,1.0,1.0,45.0,100.0,1729.0,1.0,1188.7,1188.7,1.0,84.1,447.5,0.26,0.165,0.165,510.0,510.0
bioandroid,spiritualist,divine_evolution,cell_max_perfect,m0,7,1.0,1.0,1.0,1.0,1.0,1.0,45.0,100.0,1729.0,1.0,1188.7,1188.7,1.0,106.6,663.0,0.38,0.209,0.209,510.0,510.0
bioandroid,spiritualist,divine_evolution,cell_max_perfect,m100,1,1.0,1.0,1.0,1.0,1.0,1.0,45.0,100.0,1729.0,1.0,1188.7,1188.7,1.0,30.6,69.6,0.04,0.06,0.06,510.0,510.0
bioandroid,spiritualist,divine_evolution,cell_max_perfect,m100,3,1.0,1.0,1.0,1.0,1.0,1.0,45.0,100.0,1729.0,1.0,1188.7,1188.7,1.0,50.5,215.5,0.12,0.099,0.099,510.0,510.0
bioandroid,spiritualist,divine_evolution,cell_max_perfect,m100,5,1.0,1.0,1.0,1.0,1.0,1.0,45.0,100.0,1729.0,1.0,1188.7,1188.7,1.0,84.1,447.5,0.26,0.165,0.165,510.0,510.0
bioandroid,spiritualist,divine_evolution,cell_max_perfect,m100,7,1.0,1.0,1.0,1.0,1.0,1.0,45.0,100.0,1729.0,1.0,1188.7,1188.7,1.0,106.6,663.0,0.38,0.209,0.209,510.0,510.0
bioandroid,spiritualist,legendaryforms,xeno,m0,1,6.5,6.5,6.5,1.0,1.0,6.69,292.5,650.0,11238.5,6.69,2502.2,7578.5,0.33,38.0,96.5,0.01,0.075,0.075,510.0,510.0
bioandroid,spiritualist,legendaryforms,xeno,m0,3,6.5,6.5,6.5,1.0,1.0,6.69,292.5,650.0,11238.5,6.69,2249.8,7578.5,0.297,68.4,298.5,0.03,0.134,0.134,510.0,510.0
bioandroid,spiritualist,legendaryforms,xeno,m0,5,6.5,6.5,6.5,1.0,1.0,6.69,292.5,650.0,11238.5,6.69,2049.1,7578.5,0.27,114.0,620.1,0.06,0.224,0.224,510.0,510.0
bioandroid,spiritualist,legendaryforms,xeno,m0,7,6.5,6.5,6.5,1.0,1.0,6.69,292.5,650.0,11238.5,6.69,2049.1,7578.5,0.27,144.4,799.1,0.07,0.283,0.283,510.0,510.0
bioandroid,spiritualist,legendaryforms,xeno,m100,1,9.75,9.75,9.75,1.0,1.0,10.03,438.8,975.0,16857.8,10.03,2749.7,11354.3,0.242,40.1,98.5,0.01,0.079,0.079,510.0,510.0
bioandroid,spiritualist,legendaryforms,xeno,m100,3,9.75,9.75,9.75,1.0,1.0,10.03,438.8,975.0,16857.8,10.03,2449.7,11354.3,0.216,72.2,304.8,0.02,0.142,0.142,510.0,510.0
bioandroid,spiritualist,legendaryforms,xeno,m100,5,9.75,9.75,9.75,1.0,1.0,10.03,438.8,975.0,16857.8,10.03,2211.2,11354.3,0.195,120.4,633.0,0.04,0.236,0.236,510.0,510.0
bioandroid,spiritualist,legendaryforms,xeno,m100,7,9.75,9.75,9.75,1.0,1.0,10.03,438.8,975.0,16857.8,10.03,2211.2,11354.3,0.195,152.5,862.4,0.05,0.299,0.299,510.0,510.0
bioandroid,spiritualist,legendaryforms,xenofp,m0,1,10.4,10.4,10.4,1.0,1.0,10.31,468.0,1040.0,17981.6,10.4,2794.0,12109.4,0.231,40.3,98.6,0.01,0.079,0.079,510.0,510.0
bioandroid,spiritualist,legendaryforms,xenofp,m0,3,10.4,10.4,10.4,1.0,1.0,10.31,468.0,1040.0,17981.6,10.4,2485.6,12109.4,0.205,72.6,305.3,0.02,0.142,0.142,510.0,510.0
bioandroid,spiritualist,legendaryforms,xenofp,m0,5,10.4,10.4,10.4,1.0,1.0,10.31,468.0,1040.0,17981.6,10.4,2240.2,12109.4,0.185,120.9,634.1,0.04,0.237,0.237,510.0,510.0
bioandroid,spiritualist,legendaryforms,xenofp,m0,7,10.4,10.4,10.4,1.0,1.0,10.31,468.0,1040.0,17981.6,10.4,2240.2,12109.4,0.185,153.2,873.7,0.05,0.3,0.3,510.0,510.0
bioandroid,spiritualist,legendaryforms,xenofp,m100,1,15.6,15.6,15.6,1.0,1.0,15.47,702.0,1560.0,26972.4,15.6,2995.5,18150.7,0.165,42.4,100.7,0.0,0.083,0.083,510.0,510.0
bioandroid,spiritualist,legendaryforms,xenofp,m100,3,15.6,15.6,15.6,1.0,1.0,15.47,702.0,1560.0,26972.4,15.6,2679.7,18150.7,0.148,76.4,311.6,0.01,0.15,0.15,510.0,510.0
bioandroid,spiritualist,legendaryforms,xenofp,m100,5,15.6,15.6,15.6,1.0,1.0,15.47,702.0,1560.0,26972.4,15.6,2397.7,18150.7,0.132,127.3,647.1,0.02,0.25,0.25,510.0,510.0
bioandroid,spiritualist,legendaryforms,xenofp,m100,7,15.6,15.6,15.6,1.0,1.0,15.47,702.0,1560.0,26972.4,15.6,2397.7,18150.7,0.132,161.3,935.1,0.03,0.316,0.316,510.0,510.0
bioandroid,spiritualist,legendaryforms,xenomax,m0,1,14.5,14.5,14.5,1.0,1.0,12.69,652.5,1450.0,25070.5,14.5,2969.5,16872.7,0.176,42.1,100.3,0.0,0.082,0.082,510.0,510.0
bioandroid,spiritualist,legendaryforms,xenomax,m0,3,14.5,14.5,14.5,1.0,1.0,12.69,652.5,1450.0,25070.5,14.5,2645.4,16872.7,0.157,75.7,310.4,0.01,0.148,0.148,510.0,510.0
bioandroid,spiritualist,legendaryforms,xenomax,m0,5,14.5,14.5,14.5,1.0,1.0,12.69,652.5,1450.0,25070.5,14.5,2369.9,16872.7,0.14,126.2,644.8,0.03,0.247,0.247,510.0,510.0
bioandroid,spiritualist,legendaryforms,xenomax,m0,7,14.5,14.5,14.5,1.0,1.0,12.69,652.5,1450.0,25070.5,14.5,2369.9,16872.7,0.14,159.8,924.2,0.04,0.313,0.313,510.0,510.0
bioandroid,spiritualist,legendaryforms,xenomax,m100,1,21.75,21.75,21.75,1.0,1.0,19.03,978.8,2175.0,37605.8,21.75,3098.1,25295.6,0.122,44.2,102.3,0.0,0.087,0.087,510.0,510.0
bioandroid,spiritualist,legendaryforms,xenomax,m100,3,21.75,21.75,21.75,1.0,1.0,19.03,978.8,2175.0,37605.8,21.75,2830.1,25295.6,0.112,79.5,316.7,0.01,0.156,0.156,510.0,510.0
bioandroid,spiritualist,legendaryforms,xenomax,m100,5,21.75,21.75,21.75,1.0,1.0,19.03,978.8,2175.0,37605.8,21.75,2519.6,25295.6,0.1,132.5,657.7,0.02,0.26,0.26,510.0,510.0
bioandroid,spiritualist,legendaryforms,xenomax,m100,7,21.75,21.75,21.75,1.0,1.0,19.03,978.8,2175.0,37605.8,21.75,2519.6,25295.6,0.1,167.9,974.4,0.03,0.329,0.329,510.0,510.0
bioandroid,martialartist,base,Base,m0,1,1.0,1.0,1.0,1.0,1.0,1.0,240.0,1638.0,90.0,1.0,1125.9,1125.9,1.0,61.9,140.9,0.09,0.06,0.06,1032.0,1032.0
bioandroid,martialartist,base,Base,m0,3,1.0,1.0,1.0,1.0,1.0,1.0,240.0,1638.0,90.0,1.0,1125.9,1125.9,1.0,102.2,436.0,0.27,0.099,0.099,1032.0,1032.0
bioandroid,martialartist,base,Base,m0,5,1.0,1.0,1.0,1.0,1.0,1.0,240.0,1638.0,90.0,1.0,1125.9,1125.9,1.0,170.3,905.6,0.55,0.165,0.165,1032.0,1032.0
bioandroid,martialartist,base,Base,m0,7,1.0,1.0,1.0,1.0,1.0,1.0,240.0,1638.0,90.0,1.0,1125.9,1125.9,1.0,215.7,1341.6,0.82,0.209,0.209,1032.0,1032.0
bioandroid,martialartist,bioevolution,semiperfect,m0,1,3.75,3.75,3.75,1.0,1.0,3.5,900.0,6142.5,337.5,3.75,2333.3,4212.2,0.554,70.8,175.2,0.03,0.069,0.069,1032.0,1032.0
bioandroid,martialartist,bioevolution,semiperfect,m0,3,3.75,3.75,3.75,1.0,1.0,3.5,900.0,6142.5,337.5,3.75,2683.7,4212.2,0.637,127.4,510.2,0.08,0.123,0.123,1032.0,1032.0
bioandroid,martialartist,bioevolution,semiperfect,m0,5,3.75,3.75,3.75,1.0,1.0,3.5,900.0,6142.5,337.5,3.75,1916.8,4212.2,0.455,212.3,905.6,0.15,0.206,0.206,1032.0,1032.0
bioandroid,martialartist,bioevolution,semiperfect,m0,7,3.75,3.75,3.75,1.0,1.0,3.5,900.0,6142.5,337.5,3.75,1916.8,4212.2,0.455,268.9,1341.6,0.22,0.261,0.261,1032.0,1032.0
bioandroid,martialartist,bioevolution,semiperfect,m100,1,5.62,5.62,5.62,1.0,1.0,5.25,1350.0,9213.8,506.2,5.62,2909.1,6316.5,0.461,75.1,193.4,0.02,0.073,0.073,1032.0,1032.0
bioandroid,martialartist,bioevolution,semiperfect,m100,3,5.62,5.62,5.62,1.0,1.0,5.25,1350.0,9213.8,506.2,5.62,3426.6,6316.5,0.542,135.1,598.7,0.06,0.131,0.131,1032.0,1032.0
bioandroid,martialartist,bioevolution,semiperfect,m100,5,5.62,5.62,5.62,1.0,1.0,5.25,1350.0,9213.8,506.2,5.62,2293.9,6316.5,0.363,225.2,905.6,0.1,0.218,0.218,1032.0,1032.0
bioandroid,martialartist,bioevolution,semiperfect,m100,7,5.62,5.62,5.62,1.0,1.0,5.25,1350.0,9213.8,506.2,5.62,2293.9,6316.5,0.363,285.2,1341.6,0.15,0.276,0.276,1032.0,1032.0
bioandroid,martialartist,bioevolution,perfect,m0,1,6.4,6.4,6.4,1.0,1.0,6.06,1536.0,10483.2,576.0,6.4,2388.8,7186.3,0.332,76.4,179.3,0.02,0.074,0.074,1032.0,1032.0
bioandroid,martialartist,bioevolution,perfect,m0,3,6.4,6.4,6.4,1.0,1.0,6.06,1536.0,10483.2,576.0,6.4,2146.1,7186.3,0.299,137.6,436.0,0.04,0.133,0.133,1032.0,1032.0
bioandroid,martialartist,bioevolution,perfect,m0,5,6.4,6.4,6.4,1.0,1.0,6.06,1536.0,10483.2,576.0,6.4,1953.1,7186.3,0.272,229.3,905.6,0.09,0.222,0.222,1032.0,1032.0
bioandroid,martialartist,bioevolution,perfect,m0,7,6.4,6.4,6.4,1.0,1.0,6.06,1536.0,10483.2,576.0,6.4,1953.1,7186.3,0.272,290.4,1341.6,0.13,0.281,0.281,1032.0,1032.0
bioandroid,martialartist,bioevolution,perfect,m100,1,9.6,9.6,9.6,1.0,1.0,9.09,2304.0,15724.8,864.0,9.6,2629.7,10777.7,0.244,80.7,197.4,0.01,0.078,0.078,1032.0,1032.0
bioandroid,martialartist,bioevolution,perfect,m100,3,9.6,9.6,9.6,1.0,1.0,9.09,2304.0,15724.8,864.0,9.6,2340.8,10777.7,0.217,145.3,445.0,0.03,0.141,0.141,1032.0,1032.0
bioandroid,martialartist,bioevolution,perfect,m100,5,9.6,9.6,9.6,1.0,1.0,9.09,2304.0,15724.8,864.0,9.6,2110.9,10777.7,0.196,242.2,905.6,0.06,0.235,0.235,1032.0,1032.0
bioandroid,martialartist,bioevolution,perfect,m100,7,9.6,9.6,9.6,1.0,1.0,9.09,2304.0,15724.8,864.0,9.6,2110.9,10777.7,0.196,306.8,1341.6,0.09,0.297,0.297,1032.0,1032.0
bioandroid,martialartist,bioevolution,superperfect,m0,1,9.45,9.45,9.45,1.0,1.0,9.04,2268.0,15479.1,850.5,9.45,2620.4,10609.3,0.247,80.6,196.7,0.01,0.078,0.078,1032.0,1032.0
bioandroid,martialartist,bioevolution,superperfect,m0,3,9.45,9.45,9.45,1.0,1.0,9.04,2268.0,15479.1,850.5,9.45,2333.3,10609.3,0.22,145.0,443.6,0.03,0.141,0.141,1032.0,1032.0
bioandroid,martialartist,bioevolution,superperfect,m0,5,9.45,9.45,9.45,1.0,1.0,9.04,2268.0,15479.1,850.5,9.45,2104.8,10609.3,0.198,241.7,905.6,0.06,0.234,0.234,1032.0,1032.0
bioandroid,martialartist,bioevolution,superperfect,m0,7,9.45,9.45,9.45,1.0,1.0,9.04,2268.0,15479.1,850.5,9.45,2104.8,10609.3,0.198,306.1,1341.6,0.09,0.297,0.297,1032.0,1032.0
bioandroid,martialartist,bioevolution,superperfect,m100,1,14.17,14.17,14.17,1.0,1.0,13.56,3402.0,23218.6,1275.8,14.17,2838.1,15912.2,0.178,84.9,202.7,0.01,0.082,0.082,1032.0,1032.0
bioandroid,martialartist,bioevolution,superperfect,m100,3,14.17,14.17,14.17,1.0,1.0,13.56,3402.0,23218.6,1275.8,14.17,2522.8,15912.2,0.159,152.7,479.6,0.02,0.148,0.148,1032.0,1032.0
bioandroid,martialartist,bioevolution,superperfect,m100,5,14.17,14.17,14.17,1.0,1.0,13.56,3402.0,23218.6,1275.8,14.17,2258.5,15912.2,0.142,254.6,905.6,0.04,0.247,0.247,1032.0,1032.0
bioandroid,martialartist,bioevolution,superperfect,m100,7,14.17,14.17,14.17,1.0,1.0,13.56,3402.0,23218.6,1275.8,14.17,2258.5,15912.2,0.142,322.5,1341.6,0.06,0.312,0.312,1032.0,1032.0
bioandroid,martialartist,bioevolution,ultraperfect,m0,1,14.5,14.5,14.5,1.0,1.0,13.0,3480.0,23751.0,1305.0,14.5,2846.1,16277.0,0.175,85.1,202.9,0.01,0.082,0.082,1032.0,1032.0
bioandroid,martialartist,bioevolution,ultraperfect,m0,3,14.5,14.5,14.5,1.0,1.0,13.0,3480.0,23751.0,1305.0,14.5,2533.1,16277.0,0.156,153.2,481.6,0.02,0.148,0.148,1032.0,1032.0
bioandroid,martialartist,bioevolution,ultraperfect,m0,5,14.5,14.5,14.5,1.0,1.0,13.0,3480.0,23751.0,1305.0,14.5,2266.9,16277.0,0.139,255.3,905.6,0.04,0.247,0.247,1032.0,1032.0
bioandroid,martialartist,bioevolution,ultraperfect,m0,7,14.5,14.5,14.5,1.0,1.0,13.0,3480.0,23751.0,1305.0,14.5,2266.9,16277.0,0.139,323.4,1341.6,0.06,0.313,0.313,1032.0,1032.0
bioandroid,martialartist,bioevolution,ultraperfect,m100,1,21.75,21.75,21.75,1.0,1.0,19.5,5220.0,35626.5,1957.5,21.75,2970.3,24413.6,0.122,89.4,207.0,0.01,0.087,0.087,1032.0,1032.0
bioandroid,martialartist,bioevolution,ultraperfect,m100,3,21.75,21.75,21.75,1.0,1.0,19.5,5220.0,35626.5,1957.5,21.75,2711.5,24413.6,0.111,160.9,515.5,0.01,0.156,0.156,1032.0,1032.0
bioandroid,martialartist,bioevolution,ultraperfect,m100,5,21.75,21.75,21.75,1.0,1.0,19.5,5220.0,35626.5,1957.5,21.75,2411.5,24413.6,0.099,268.2,905.6,0.03,0.26,0.26,1032.0,1032.0
bioandroid,martialartist,bioevolution,ultraperfect,m100,7,21.75,21.75,21.75,1.0,1.0,19.5,5220.0,35626.5,1957.5,21.75,2411.5,24413.6,0.099,339.7,1341.6,0.04,0.329,0.329,1032.0,1032.0
bioandroid,martialartist,custom_forms_3,accelerated_evolution,m0,1,1.0,1.0,1.0,1.0,1.0,1.0,240.0,1638.0,90.0,1.0,1125.9,1125.9,1.0,61.9,140.9,0.09,0.06,0.06,1032.0,1032.0
bioandroid,martialartist,custom_forms_3,accelerated_evolution,m0,3,1.0,1.0,1.0,1.0,1.0,1.0,240.0,1638.0,90.0,1.0,1125.9,1125.9,1.0,102.2,436.0,0.27,0.099,0.099,1032.0,1032.0
bioandroid,martialartist,custom_forms_3,accelerated_evolution,m0,5,1.0,1.0,1.0,1.0,1.0,1.0,240.0,1638.0,90.0,1.0,1125.9,1125.9,1.0,170.3,905.6,0.55,0.165,0.165,1032.0,1032.0
bioandroid,martialartist,custom_forms_3,accelerated_evolution,m0,7,1.0,1.0,1.0,1.0,1.0,1.0,240.0,1638.0,90.0,1.0,1125.9,1125.9,1.0,215.7,1341.6,0.82,0.209,0.209,1032.0,1032.0
bioandroid,martialartist,custom_forms_3,accelerated_evolution,m100,1,1.0,1.0,1.0,1.0,1.0,1.0,240.0,1638.0,90.0,1.0,1125.9,1125.9,1.0,61.9,140.9,0.09,0.06,0.06,1032.0,1032.0
bioandroid,martialartist,custom_forms_3,accelerated_evolution,m100,3,1.0,1.0,1.0,1.0,1.0,1.0,240.0,1638.0,90.0,1.0,1125.9,1125.9,1.0,102.2,436.0,0.27,0.099,0.099,1032.0,1032.0
bioandroid,martialartist,custom_forms_3,accelerated_evolution,m100,5,1.0,1.0,1.0,1.0,1.0,1.0,240.0,1638.0,90.0,1.0,1125.9,1125.9,1.0,170.3,905.6,0.55,0.165,0.165,1032.0,1032.0
bioandroid,martialartist,custom_forms_3,accelerated_evolution,m100,7,1.0,1.0,1.0,1.0,1.0,1.0,240.0,1638.0,90.0,1.0,1125.9,1125.9,1.0,215.7,1341.6,0.82,0.209,0.209,1032.0,1032.0
bioandroid,martialartist,custom_forms_3,accelerated_evolution_2,m0,1,1.0,1.0,1.0,1.0,1.0,1.0,240.0,1638.0,90.0,1.0,1125.9,1125.9,1.0,61.9,140.9,0.09,0.06,0.06,1032.0,1032.0
bioandroid,martialartist,custom_forms_3,accelerated_evolution_2,m0,3,1.0,1.0,1.0,1.0,1.0,1.0,240.0,1638.0,90.0,1.0,1125.9,1125.9,1.0,102.2,436.0,0.27,0.099,0.099,1032.0,1032.0
bioandroid,martialartist,custom_forms_3,accelerated_evolution_2,m0,5,1.0,1.0,1.0,1.0,1.0,1.0,240.0,1638.0,90.0,1.0,1125.9,1125.9,1.0,170.3,905.6,0.55,0.165,0.165,1032.0,1032.0
bioandroid,martialartist,custom_forms_3,accelerated_evolution_2,m0,7,1.0,1.0,1.0,1.0,1.0,1.0,240.0,1638.0,90.0,1.0,1125.9,1125.9,1.0,215.7,1341.6,0.82,0.209,0.209,1032.0,1032.0
bioandroid,martialartist,custom_forms_3,accelerated_evolution_2,m100,1,1.0,1.0,1.0,1.0,1.0,1.0,240.0,1638.0,90.0,1.0,1125.9,1125.9,1.0,61.9,140.9,0.09,0.06,0.06,1032.0,1032.0
bioandroid,martialartist,custom_forms_3,accelerated_evolution_2,m100,3,1.0,1.0,1.0,1.0,1.0,1.0,240.0,1638.0,90.0,1.0,1125.9,1125.9,1.0,102.2,436.0,0.27,0.099,0.099,1032.0,1032.0
bioandroid,martialartist,custom_forms_3,accelerated_evolution_2,m100,5,1.0,1.0,1.0,1.0,1.0,1.0,240.0,1638.0,90.0,1.0,1125.9,1125.9,1.0,170.3,905.6,0.55,0.165,0.165,1032.0,1032.0
bioandroid,martialartist,custom_forms_3,accelerated_evolution_2,m100,7,1.0,1.0,1.0,1.0,1.0,1.0,240.0,1638.0,90.0,1.0,1125.9,1125.9,1.0,215.7,1341.6,0.82,0.209,0.209,1032.0,1032.0
bioandroid,martialartist,divine_evolution,cell_max,m0,1,1.0,1.0,1.0,1.0,1.0,1.0,240.0,1638.0,90.0,1.0,1125.9,1125.9,1.0,61.9,140.9,0.09,0.06,0.06,1032.0,1032.0
bioandroid,martialartist,divine_evolution,cell_max,m0,3,1.0,1.0,1.0,1.0,1.0,1.0,240.0,1638.0,90.0,1.0,1125.9,1125.9,1.0,102.2,436.0,0.27,0.099,0.099,1032.0,1032.0
bioandroid,martialartist,divine_evolution,cell_max,m0,5,1.0,1.0,1.0,1.0,1.0,1.0,240.0,1638.0,90.0,1.0,1125.9,1125.9,1.0,170.3,905.6,0.55,0.165,0.165,1032.0,1032.0
bioandroid,martialartist,divine_evolution,cell_max,m0,7,1.0,1.0,1.0,1.0,1.0,1.0,240.0,1638.0,90.0,1.0,1125.9,1125.9,1.0,215.7,1341.6,0.82,0.209,0.209,1032.0,1032.0
bioandroid,martialartist,divine_evolution,cell_max,m100,1,1.0,1.0,1.0,1.0,1.0,1.0,240.0,1638.0,90.0,1.0,1125.9,1125.9,1.0,61.9,140.9,0.09,0.06,0.06,1032.0,1032.0
bioandroid,martialartist,divine_evolution,cell_max,m100,3,1.0,1.0,1.0,1.0,1.0,1.0,240.0,1638.0,90.0,1.0,1125.9,1125.9,1.0,102.2,436.0,0.27,0.099,0.099,1032.0,1032.0
bioandroid,martialartist,divine_evolution,cell_max,m100,5,1.0,1.0,1.0,1.0,1.0,1.0,240.0,1638.0,90.0,1.0,1125.9,1125.9,1.0,170.3,905.6,0.55,0.165,0.165,1032.0,1032.0
bioandroid,martialartist,divine_evolution,cell_max,m100,7,1.0,1.0,1.0,1.0,1.0,1.0,240.0,1638.0,90.0,1.0,1125.9,1125.9,1.0,215.7,1341.6,0.82,0.209,0.209,1032.0,1032.0
bioandroid,martialartist,divine_evolution,cell_max_perfect,m0,1,1.0,1.0,1.0,1.0,1.0,1.0,240.0,1638.0,90.0,1.0,1125.9,1125.9,1.0,61.9,140.9,0.09,0.06,0.06,1032.0,1032.0
bioandroid,martialartist,divine_evolution,cell_max_perfect,m0,3,1.0,1.0,1.0,1.0,1.0,1.0,240.0,1638.0,90.0,1.0,1125.9,1125.9,1.0,102.2,436.0,0.27,0.099,0.099,1032.0,1032.0
bioandroid,martialartist,divine_evolution,cell_max_perfect,m0,5,1.0,1.0,1.0,1.0,1.0,1.0,240.0,1638.0,90.0,1.0,1125.9,1125.9,1.0,170.3,905.6,0.55,0.165,0.165,1032.0,1032.0
bioandroid,martialartist,divine_evolution,cell_max_perfect,m0,7,1.0,1.0,1.0,1.0,1.0,1.0,240.0,1638.0,90.0,1.0,1125.9,1125.9,1.0,215.7,1341.6,0.82,0.209,0.209,1032.0,1032.0
bioandroid,martialartist,divine_evolution,cell_max_perfect,m100,1,1.0,1.0,1.0,1.0,1.0,1.0,240.0,1638.0,90.0,1.0,1125.9,1125.9,1.0,61.9,140.9,0.09,0.06,0.06,1032.0,1032.0
bioandroid,martialartist,divine_evolution,cell_max_perfect,m100,3,1.0,1.0,1.0,1.0,1.0,1.0,240.0,1638.0,90.0,1.0,1125.9,1125.9,1.0,102.2,436.0,0.27,0.099,0.099,1032.0,1032.0
bioandroid,martialartist,divine_evolution,cell_max_perfect,m100,5,1.0,1.0,1.0,1.0,1.0,1.0,240.0,1638.0,90.0,1.0,1125.9,1125.9,1.0,170.3,905.6,0.55,0.165,0.165,1032.0,1032.0
bioandroid,martialartist,divine_evolution,cell_max_perfect,m100,7,1.0,1.0,1.0,1.0,1.0,1.0,240.0,1638.0,90.0,1.0,1125.9,1125.9,1.0,215.7,1341.6,0.82,0.209,0.209,1032.0,1032.0
bioandroid,martialartist,legendaryforms,xeno,m0,1,6.5,6.5,6.5,1.0,1.0,6.69,1560.0,10647.0,585.0,6.69,2394.7,7298.6,0.328,76.9,179.8,0.02,0.075,0.075,1032.0,1032.0
bioandroid,martialartist,legendaryforms,xeno,m0,3,6.5,6.5,6.5,1.0,1.0,6.69,1560.0,10647.0,585.0,6.69,2150.9,7298.6,0.295,138.4,436.0,0.04,0.134,0.134,1032.0,1032.0
bioandroid,martialartist,legendaryforms,xeno,m0,5,6.5,6.5,6.5,1.0,1.0,6.69,1560.0,10647.0,585.0,6.69,1957.0,7298.6,0.268,230.7,905.6,0.09,0.224,0.224,1032.0,1032.0
bioandroid,martialartist,legendaryforms,xeno,m0,7,6.5,6.5,6.5,1.0,1.0,6.69,1560.0,10647.0,585.0,6.69,1957.0,7298.6,0.268,292.2,1341.6,0.13,0.283,0.283,1032.0,1032.0
bioandroid,martialartist,legendaryforms,xeno,m100,1,9.75,9.75,9.75,1.0,1.0,10.03,2340.0,15970.5,877.5,10.03,2633.8,10946.0,0.241,81.2,197.7,0.01,0.079,0.079,1032.0,1032.0
bioandroid,martialartist,legendaryforms,xeno,m100,3,9.75,9.75,9.75,1.0,1.0,10.03,2340.0,15970.5,877.5,10.03,2344.0,10946.0,0.214,146.2,445.7,0.03,0.142,0.142,1032.0,1032.0
bioandroid,martialartist,legendaryforms,xeno,m100,5,9.75,9.75,9.75,1.0,1.0,10.03,2340.0,15970.5,877.5,10.03,2113.6,10946.0,0.193,243.6,905.6,0.06,0.236,0.236,1032.0,1032.0
bioandroid,martialartist,legendaryforms,xeno,m100,7,9.75,9.75,9.75,1.0,1.0,10.03,2340.0,15970.5,877.5,10.03,2113.6,10946.0,0.193,308.5,1341.6,0.08,0.299,0.299,1032.0,1032.0
bioandroid,martialartist,legendaryforms,xenofp,m0,1,10.4,10.4,10.4,1.0,1.0,10.31,2496.0,17035.2,936.0,10.4,2676.6,11675.5,0.229,81.6,199.6,0.01,0.079,0.079,1032.0,1032.0
bioandroid,martialartist,legendaryforms,xenofp,m0,3,10.4,10.4,10.4,1.0,1.0,10.31,2496.0,17035.2,936.0,10.4,2378.7,11675.5,0.204,146.8,452.2,0.03,0.142,0.142,1032.0,1032.0
bioandroid,martialartist,legendaryforms,xenofp,m0,5,10.4,10.4,10.4,1.0,1.0,10.31,2496.0,17035.2,936.0,10.4,2141.7,11675.5,0.183,244.7,905.6,0.05,0.237,0.237,1032.0,1032.0
bioandroid,martialartist,legendaryforms,xenofp,m0,7,10.4,10.4,10.4,1.0,1.0,10.31,2496.0,17035.2,936.0,10.4,2141.7,11675.5,0.183,310.0,1341.6,0.08,0.3,0.3,1032.0,1032.0
bioandroid,martialartist,legendaryforms,xenofp,m100,1,15.6,15.6,15.6,1.0,1.0,15.47,3744.0,25552.8,1404.0,15.6,2871.2,17511.5,0.164,85.9,203.7,0.01,0.083,0.083,1032.0,1032.0
bioandroid,martialartist,legendaryforms,xenofp,m100,3,15.6,15.6,15.6,1.0,1.0,15.47,3744.0,25552.8,1404.0,15.6,2566.2,17511.5,0.147,154.6,487.9,0.02,0.15,0.15,1032.0,1032.0
bioandroid,martialartist,legendaryforms,xenofp,m100,5,15.6,15.6,15.6,1.0,1.0,15.47,3744.0,25552.8,1404.0,15.6,2293.7,17511.5,0.131,257.6,905.6,0.04,0.25,0.25,1032.0,1032.0
bioandroid,martialartist,legendaryforms,xenofp,m100,7,15.6,15.6,15.6,1.0,1.0,15.47,3744.0,25552.8,1404.0,15.6,2293.7,17511.5,0.131,326.3,1341.6,0.05,0.316,0.316,1032.0,1032.0
bioandroid,martialartist,legendaryforms,xenomax,m0,1,14.5,14.5,14.5,1.0,1.0,12.69,3480.0,23751.0,1305.0,14.5,2846.1,16277.0,0.175,85.1,202.9,0.01,0.082,0.082,1032.0,1032.0
bioandroid,martialartist,legendaryforms,xenomax,m0,3,14.5,14.5,14.5,1.0,1.0,12.69,3480.0,23751.0,1305.0,14.5,2533.1,16277.0,0.156,153.2,481.6,0.02,0.148,0.148,1032.0,1032.0
bioandroid,martialartist,legendaryforms,xenomax,m0,5,14.5,14.5,14.5,1.0,1.0,12.69,3480.0,23751.0,1305.0,14.5,2266.9,16277.0,0.139,255.3,905.6,0.04,0.247,0.247,1032.0,1032.0
bioandroid,martialartist,legendaryforms,xenomax,m0,7,14.5,14.5,14.5,1.0,1.0,12.69,3480.0,23751.0,1305.0,14.5,2266.9,16277.0,0.139,323.4,1341.6,0.06,0.313,0.313,1032.0,1032.0
bioandroid,martialartist,legendaryforms,xenomax,m100,1,21.75,21.75,21.75,1.0,1.0,19.03,5220.0,35626.5,1957.5,21.75,2970.3,24413.6,0.122,89.4,207.0,0.01,0.087,0.087,1032.0,1032.0
bioandroid,martialartist,legendaryforms,xenomax,m100,3,21.75,21.75,21.75,1.0,1.0,19.03,5220.0,35626.5,1957.5,21.75,2711.5,24413.6,0.111,160.9,515.5,0.01,0.156,0.156,1032.0,1032.0
bioandroid,martialartist,legendaryforms,xenomax,m100,5,21.75,21.75,21.75,1.0,1.0,19.03,5220.0,35626.5,1957.5,21.75,2411.5,24413.6,0.099,268.2,905.6,0.03,0.26,0.26,1032.0,1032.0
bioandroid,martialartist,legendaryforms,xenomax,m100,7,21.75,21.75,21.75,1.0,1.0,19.03,5220.0,35626.5,1957.5,21.75,2411.5,24413.6,0.099,339.7,1341.6,0.04,0.329,0.329,1032.0,1032.0
bioandroid,paladin,base,Base,m0,1,1.0,1.0,1.0,1.0,1.0,1.0,280.0,426.0,120.0,1.0,330.5,330.5,1.0,61.8,140.6,0.33,0.06,0.06,1030.0,1030.0
bioandroid,paladin,base,Base,m0,3,1.0,1.0,1.0,1.0,1.0,1.0,280.0,426.0,120.0,1.0,330.5,330.5,1.0,102.0,435.2,1.02,0.099,0.099,1030.0,1030.0
bioandroid,paladin,base,Base,m0,5,1.0,1.0,1.0,1.0,1.0,1.0,280.0,426.0,120.0,1.0,330.5,330.5,1.0,170.0,903.8,2.12,0.165,0.165,1030.0,1030.0
bioandroid,paladin,base,Base,m0,7,1.0,1.0,1.0,1.0,1.0,1.0,280.0,426.0,120.0,1.0,330.5,330.5,1.0,215.3,1339.0,3.14,0.209,0.209,1030.0,1030.0
bioandroid,paladin,bioevolution,semiperfect,m0,1,3.75,3.75,3.75,1.0,1.0,3.5,1050.0,1597.5,450.0,3.75,682.5,1230.3,0.555,70.6,140.6,0.09,0.069,0.069,1030.0,1030.0
bioandroid,paladin,bioevolution,semiperfect,m0,3,3.75,3.75,3.75,1.0,1.0,3.5,1050.0,1597.5,450.0,3.75,784.7,1230.3,0.638,127.1,435.2,0.27,0.123,0.123,1030.0,1030.0
bioandroid,paladin,bioevolution,semiperfect,m0,5,3.75,3.75,3.75,1.0,1.0,3.5,1050.0,1597.5,450.0,3.75,561.1,1230.3,0.456,211.9,903.8,0.57,0.206,0.206,1030.0,1030.0
bioandroid,paladin,bioevolution,semiperfect,m0,7,3.75,3.75,3.75,1.0,1.0,3.5,1050.0,1597.5,450.0,3.75,561.1,1230.3,0.456,268.4,1339.0,0.84,0.261,0.261,1030.0,1030.0
bioandroid,paladin,bioevolution,semiperfect,m100,1,5.62,5.62,5.62,1.0,1.0,5.25,1575.0,2396.2,675.0,5.62,850.4,1843.9,0.461,74.9,140.6,0.06,0.073,0.073,1030.0,1030.0
bioandroid,paladin,bioevolution,semiperfect,m100,3,5.62,5.62,5.62,1.0,1.0,5.25,1575.0,2396.2,675.0,5.62,1001.3,1843.9,0.543,134.9,435.2,0.18,0.131,0.131,1030.0,1030.0
bioandroid,paladin,bioevolution,semiperfect,m100,5,5.62,5.62,5.62,1.0,1.0,5.25,1575.0,2396.2,675.0,5.62,671.0,1843.9,0.364,224.8,903.8,0.38,0.218,0.218,1030.0,1030.0
bioandroid,paladin,bioevolution,semiperfect,m100,7,5.62,5.62,5.62,1.0,1.0,5.25,1575.0,2396.2,675.0,5.62,671.0,1843.9,0.364,284.7,1339.0,0.56,0.276,0.276,1030.0,1030.0
bioandroid,paladin,bioevolution,perfect,m0,1,6.4,6.4,6.4,1.0,1.0,6.06,1792.0,2726.4,768.0,6.4,698.7,2097.5,0.333,76.3,140.6,0.05,0.074,0.074,1030.0,1030.0
bioandroid,paladin,bioevolution,perfect,m0,3,6.4,6.4,6.4,1.0,1.0,6.06,1792.0,2726.4,768.0,6.4,627.9,2097.5,0.299,137.3,435.2,0.16,0.133,0.133,1030.0,1030.0
bioandroid,paladin,bioevolution,perfect,m0,5,6.4,6.4,6.4,1.0,1.0,6.06,1792.0,2726.4,768.0,6.4,571.7,2097.5,0.273,228.9,903.8,0.33,0.222,0.222,1030.0,1030.0
bioandroid,paladin,bioevolution,perfect,m0,7,6.4,6.4,6.4,1.0,1.0,6.06,1792.0,2726.4,768.0,6.4,571.7,2097.5,0.273,289.9,1339.0,0.49,0.281,0.281,1030.0,1030.0
bioandroid,paladin,bioevolution,perfect,m100,1,9.6,9.6,9.6,1.0,1.0,9.09,2688.0,4089.6,1152.0,9.6,768.9,3144.6,0.245,80.6,140.6,0.03,0.078,0.078,1030.0,1030.0
bioandroid,paladin,bioevolution,perfect,m100,3,9.6,9.6,9.6,1.0,1.0,9.09,2688.0,4089.6,1152.0,9.6,684.7,3144.6,0.218,145.0,435.2,0.11,0.141,0.141,1030.0,1030.0
bioandroid,paladin,bioevolution,perfect,m100,5,9.6,9.6,9.6,1.0,1.0,9.09,2688.0,4089.6,1152.0,9.6,617.7,3144.6,0.196,241.7,903.8,0.22,0.235,0.235,1030.0,1030.0
bioandroid,paladin,bioevolution,perfect,m100,7,9.6,9.6,9.6,1.0,1.0,9.09,2688.0,4089.6,1152.0,9.6,617.7,3144.6,0.196,306.2,1339.0,0.33,0.297,0.297,1030.0,1030.0
bioandroid,paladin,bioevolution,superperfect,m0,1,9.45,9.45,9.45,1.0,1.0,9.04,2646.0,4025.7,1134.0,9.45,766.2,3095.5,0.248,80.4,140.6,0.03,0.078,0.078,1030.0,1030.0
bioandroid,paladin,bioevolution,superperfect,m0,3,9.45,9.45,9.45,1.0,1.0,9.04,2646.0,4025.7,1134.0,9.45,682.5,3095.5,0.22,144.7,435.2,0.11,0.141,0.141,1030.0,1030.0
bioandroid,paladin,bioevolution,superperfect,m0,5,9.45,9.45,9.45,1.0,1.0,9.04,2646.0,4025.7,1134.0,9.45,615.9,3095.5,0.199,241.2,903.8,0.22,0.234,0.234,1030.0,1030.0
bioandroid,paladin,bioevolution,superperfect,m0,7,9.45,9.45,9.45,1.0,1.0,9.04,2646.0,4025.7,1134.0,9.45,615.9,3095.5,0.199,305.5,1339.0,0.33,0.297,0.297,1030.0,1030.0
bioandroid,paladin,bioevolution,superperfect,m100,1,14.17,14.17,14.17,1.0,1.0,13.56,3969.0,6038.5,1701.0,14.17,829.7,4641.7,0.179,84.7,140.6,0.02,0.082,0.082,1030.0,1030.0
bioandroid,paladin,bioevolution,superperfect,m100,3,14.17,14.17,14.17,1.0,1.0,13.56,3969.0,6038.5,1701.0,14.17,737.7,4641.7,0.159,152.5,435.2,0.07,0.148,0.148,1030.0,1030.0
bioandroid,paladin,bioevolution,superperfect,m100,5,14.17,14.17,14.17,1.0,1.0,13.56,3969.0,6038.5,1701.0,14.17,660.7,4641.7,0.142,254.1,903.8,0.15,0.247,0.247,1030.0,1030.0
bioandroid,paladin,bioevolution,superperfect,m100,7,14.17,14.17,14.17,1.0,1.0,13.56,3969.0,6038.5,1701.0,14.17,660.7,4641.7,0.142,321.8,1339.0,0.22,0.312,0.312,1030.0,1030.0
bioandroid,paladin,bioevolution,ultraperfect,m0,1,14.5,14.5,14.5,1.0,1.0,13.0,4060.0,6177.0,1740.0,14.5,832.0,4748.0,0.175,84.9,140.6,0.02,0.082,0.082,1030.0,1030.0
bioandroid,paladin,bioevolution,ultraperfect,m0,3,14.5,14.5,14.5,1.0,1.0,13.0,4060.0,6177.0,1740.0,14.5,740.8,4748.0,0.156,152.9,435.2,0.07,0.148,0.148,1030.0,1030.0
bioandroid,paladin,bioevolution,ultraperfect,m0,5,14.5,14.5,14.5,1.0,1.0,13.0,4060.0,6177.0,1740.0,14.5,663.1,4748.0,0.14,254.8,903.8,0.15,0.247,0.247,1030.0,1030.0
bioandroid,paladin,bioevolution,ultraperfect,m0,7,14.5,14.5,14.5,1.0,1.0,13.0,4060.0,6177.0,1740.0,14.5,663.1,4748.0,0.14,322.8,1339.0,0.22,0.313,0.313,1030.0,1030.0
bioandroid,paladin,bioevolution,ultraperfect,m100,1,21.75,21.75,21.75,1.0,1.0,19.5,6090.0,9265.5,2610.0,21.75,868.2,7120.4,0.122,89.2,140.6,0.02,0.087,0.087,1030.0,1030.0
bioandroid,paladin,bioevolution,ultraperfect,m100,3,21.75,21.75,21.75,1.0,1.0,19.5,6090.0,9265.5,2610.0,21.75,792.8,7120.4,0.111,160.6,435.2,0.05,0.156,0.156,1030.0,1030.0
bioandroid,paladin,bioevolution,ultraperfect,m100,5,21.75,21.75,21.75,1.0,1.0,19.5,6090.0,9265.5,2610.0,21.75,705.3,7120.4,0.099,267.7,903.8,0.1,0.26,0.26,1030.0,1030.0
bioandroid,paladin,bioevolution,ultraperfect,m100,7,21.75,21.75,21.75,1.0,1.0,19.5,6090.0,9265.5,2610.0,21.75,705.3,7120.4,0.099,339.1,1339.0,0.14,0.329,0.329,1030.0,1030.0
bioandroid,paladin,custom_forms_3,accelerated_evolution,m0,1,1.0,1.0,1.0,1.0,1.0,1.0,280.0,426.0,120.0,1.0,330.5,330.5,1.0,61.8,140.6,0.33,0.06,0.06,1030.0,1030.0
bioandroid,paladin,custom_forms_3,accelerated_evolution,m0,3,1.0,1.0,1.0,1.0,1.0,1.0,280.0,426.0,120.0,1.0,330.5,330.5,1.0,102.0,435.2,1.02,0.099,0.099,1030.0,1030.0
bioandroid,paladin,custom_forms_3,accelerated_evolution,m0,5,1.0,1.0,1.0,1.0,1.0,1.0,280.0,426.0,120.0,1.0,330.5,330.5,1.0,170.0,903.8,2.12,0.165,0.165,1030.0,1030.0
bioandroid,paladin,custom_forms_3,accelerated_evolution,m0,7,1.0,1.0,1.0,1.0,1.0,1.0,280.0,426.0,120.0,1.0,330.5,330.5,1.0,215.3,1339.0,3.14,0.209,0.209,1030.0,1030.0
bioandroid,paladin,custom_forms_3,accelerated_evolution,m100,1,1.0,1.0,1.0,1.0,1.0,1.0,280.0,426.0,120.0,1.0,330.5,330.5,1.0,61.8,140.6,0.33,0.06,0.06,1030.0,1030.0
bioandroid,paladin,custom_forms_3,accelerated_evolution,m100,3,1.0,1.0,1.0,1.0,1.0,1.0,280.0,426.0,120.0,1.0,330.5,330.5,1.0,102.0,435.2,1.02,0.099,0.099,1030.0,1030.0
bioandroid,paladin,custom_forms_3,accelerated_evolution,m100,5,1.0,1.0,1.0,1.0,1.0,1.0,280.0,426.0,120.0,1.0,330.5,330.5,1.0,170.0,903.8,2.12,0.165,0.165,1030.0,1030.0
bioandroid,paladin,custom_forms_3,accelerated_evolution,m100,7,1.0,1.0,1.0,1.0,1.0,1.0,280.0,426.0,120.0,1.0,330.5,330.5,1.0,215.3,1339.0,3.14,0.209,0.209,1030.0,1030.0
bioandroid,paladin,custom_forms_3,accelerated_evolution_2,m0,1,1.0,1.0,1.0,1.0,1.0,1.0,280.0,426.0,120.0,1.0,330.5,330.5,1.0,61.8,140.6,0.33,0.06,0.06,1030.0,1030.0
bioandroid,paladin,custom_forms_3,accelerated_evolution_2,m0,3,1.0,1.0,1.0,1.0,1.0,1.0,280.0,426.0,120.0,1.0,330.5,330.5,1.0,102.0,435.2,1.02,0.099,0.099,1030.0,1030.0
bioandroid,paladin,custom_forms_3,accelerated_evolution_2,m0,5,1.0,1.0,1.0,1.0,1.0,1.0,280.0,426.0,120.0,1.0,330.5,330.5,1.0,170.0,903.8,2.12,0.165,0.165,1030.0,1030.0
bioandroid,paladin,custom_forms_3,accelerated_evolution_2,m0,7,1.0,1.0,1.0,1.0,1.0,1.0,280.0,426.0,120.0,1.0,330.5,330.5,1.0,215.3,1339.0,3.14,0.209,0.209,1030.0,1030.0
bioandroid,paladin,custom_forms_3,accelerated_evolution_2,m100,1,1.0,1.0,1.0,1.0,1.0,1.0,280.0,426.0,120.0,1.0,330.5,330.5,1.0,61.8,140.6,0.33,0.06,0.06,1030.0,1030.0
bioandroid,paladin,custom_forms_3,accelerated_evolution_2,m100,3,1.0,1.0,1.0,1.0,1.0,1.0,280.0,426.0,120.0,1.0,330.5,330.5,1.0,102.0,435.2,1.02,0.099,0.099,1030.0,1030.0
bioandroid,paladin,custom_forms_3,accelerated_evolution_2,m100,5,1.0,1.0,1.0,1.0,1.0,1.0,280.0,426.0,120.0,1.0,330.5,330.5,1.0,170.0,903.8,2.12,0.165,0.165,1030.0,1030.0
bioandroid,paladin,custom_forms_3,accelerated_evolution_2,m100,7,1.0,1.0,1.0,1.0,1.0,1.0,280.0,426.0,120.0,1.0,330.5,330.5,1.0,215.3,1339.0,3.14,0.209,0.209,1030.0,1030.0
bioandroid,paladin,divine_evolution,cell_max,m0,1,1.0,1.0,1.0,1.0,1.0,1.0,280.0,426.0,120.0,1.0,330.5,330.5,1.0,61.8,140.6,0.33,0.06,0.06,1030.0,1030.0
bioandroid,paladin,divine_evolution,cell_max,m0,3,1.0,1.0,1.0,1.0,1.0,1.0,280.0,426.0,120.0,1.0,330.5,330.5,1.0,102.0,435.2,1.02,0.099,0.099,1030.0,1030.0
bioandroid,paladin,divine_evolution,cell_max,m0,5,1.0,1.0,1.0,1.0,1.0,1.0,280.0,426.0,120.0,1.0,330.5,330.5,1.0,170.0,903.8,2.12,0.165,0.165,1030.0,1030.0
bioandroid,paladin,divine_evolution,cell_max,m0,7,1.0,1.0,1.0,1.0,1.0,1.0,280.0,426.0,120.0,1.0,330.5,330.5,1.0,215.3,1339.0,3.14,0.209,0.209,1030.0,1030.0
bioandroid,paladin,divine_evolution,cell_max,m100,1,1.0,1.0,1.0,1.0,1.0,1.0,280.0,426.0,120.0,1.0,330.5,330.5,1.0,61.8,140.6,0.33,0.06,0.06,1030.0,1030.0
bioandroid,paladin,divine_evolution,cell_max,m100,3,1.0,1.0,1.0,1.0,1.0,1.0,280.0,426.0,120.0,1.0,330.5,330.5,1.0,102.0,435.2,1.02,0.099,0.099,1030.0,1030.0
bioandroid,paladin,divine_evolution,cell_max,m100,5,1.0,1.0,1.0,1.0,1.0,1.0,280.0,426.0,120.0,1.0,330.5,330.5,1.0,170.0,903.8,2.12,0.165,0.165,1030.0,1030.0
bioandroid,paladin,divine_evolution,cell_max,m100,7,1.0,1.0,1.0,1.0,1.0,1.0,280.0,426.0,120.0,1.0,330.5,330.5,1.0,215.3,1339.0,3.14,0.209,0.209,1030.0,1030.0
bioandroid,paladin,divine_evolution,cell_max_perfect,m0,1,1.0,1.0,1.0,1.0,1.0,1.0,280.0,426.0,120.0,1.0,330.5,330.5,1.0,61.8,140.6,0.33,0.06,0.06,1030.0,1030.0
bioandroid,paladin,divine_evolution,cell_max_perfect,m0,3,1.0,1.0,1.0,1.0,1.0,1.0,280.0,426.0,120.0,1.0,330.5,330.5,1.0,102.0,435.2,1.02,0.099,0.099,1030.0,1030.0
bioandroid,paladin,divine_evolution,cell_max_perfect,m0,5,1.0,1.0,1.0,1.0,1.0,1.0,280.0,426.0,120.0,1.0,330.5,330.5,1.0,170.0,903.8,2.12,0.165,0.165,1030.0,1030.0
bioandroid,paladin,divine_evolution,cell_max_perfect,m0,7,1.0,1.0,1.0,1.0,1.0,1.0,280.0,426.0,120.0,1.0,330.5,330.5,1.0,215.3,1339.0,3.14,0.209,0.209,1030.0,1030.0
bioandroid,paladin,divine_evolution,cell_max_perfect,m100,1,1.0,1.0,1.0,1.0,1.0,1.0,280.0,426.0,120.0,1.0,330.5,330.5,1.0,61.8,140.6,0.33,0.06,0.06,1030.0,1030.0
bioandroid,paladin,divine_evolution,cell_max_perfect,m100,3,1.0,1.0,1.0,1.0,1.0,1.0,280.0,426.0,120.0,1.0,330.5,330.5,1.0,102.0,435.2,1.02,0.099,0.099,1030.0,1030.0
bioandroid,paladin,divine_evolution,cell_max_perfect,m100,5,1.0,1.0,1.0,1.0,1.0,1.0,280.0,426.0,120.0,1.0,330.5,330.5,1.0,170.0,903.8,2.12,0.165,0.165,1030.0,1030.0
bioandroid,paladin,divine_evolution,cell_max_perfect,m100,7,1.0,1.0,1.0,1.0,1.0,1.0,280.0,426.0,120.0,1.0,330.5,330.5,1.0,215.3,1339.0,3.14,0.209,0.209,1030.0,1030.0
bioandroid,paladin,legendaryforms,xeno,m0,1,6.5,6.5,6.5,1.0,1.0,6.69,1820.0,2769.0,780.0,6.69,700.4,2130.2,0.329,76.7,140.6,0.05,0.075,0.075,1030.0,1030.0
bioandroid,paladin,legendaryforms,xeno,m0,3,6.5,6.5,6.5,1.0,1.0,6.69,1820.0,2769.0,780.0,6.69,629.3,2130.2,0.295,138.1,435.2,0.16,0.134,0.134,1030.0,1030.0
bioandroid,paladin,legendaryforms,xeno,m0,5,6.5,6.5,6.5,1.0,1.0,6.69,1820.0,2769.0,780.0,6.69,572.8,2130.2,0.269,230.2,903.8,0.33,0.224,0.224,1030.0,1030.0
bioandroid,paladin,legendaryforms,xeno,m0,7,6.5,6.5,6.5,1.0,1.0,6.69,1820.0,2769.0,780.0,6.69,572.8,2130.2,0.269,291.6,1339.0,0.48,0.283,0.283,1030.0,1030.0
bioandroid,paladin,legendaryforms,xeno,m100,1,9.75,9.75,9.75,1.0,1.0,10.03,2730.0,4153.5,1170.0,10.03,770.1,3193.7,0.241,81.0,140.6,0.03,0.079,0.079,1030.0,1030.0
bioandroid,paladin,legendaryforms,xeno,m100,3,9.75,9.75,9.75,1.0,1.0,10.03,2730.0,4153.5,1170.0,10.03,685.6,3193.7,0.215,145.9,435.2,0.1,0.142,0.142,1030.0,1030.0
bioandroid,paladin,legendaryforms,xeno,m100,5,9.75,9.75,9.75,1.0,1.0,10.03,2730.0,4153.5,1170.0,10.03,618.4,3193.7,0.194,243.1,903.8,0.22,0.236,0.236,1030.0,1030.0
bioandroid,paladin,legendaryforms,xeno,m100,7,9.75,9.75,9.75,1.0,1.0,10.03,2730.0,4153.5,1170.0,10.03,618.4,3193.7,0.194,307.9,1339.0,0.32,0.299,0.299,1030.0,1030.0
bioandroid,paladin,legendaryforms,xenofp,m0,1,10.4,10.4,10.4,1.0,1.0,10.31,2912.0,4430.4,1248.0,10.4,782.6,3406.4,0.23,81.4,140.6,0.03,0.079,0.079,1030.0,1030.0
bioandroid,paladin,legendaryforms,xenofp,m0,3,10.4,10.4,10.4,1.0,1.0,10.31,2912.0,4430.4,1248.0,10.4,695.7,3406.4,0.204,146.6,435.2,0.1,0.142,0.142,1030.0,1030.0
bioandroid,paladin,legendaryforms,xenofp,m0,5,10.4,10.4,10.4,1.0,1.0,10.31,2912.0,4430.4,1248.0,10.4,626.6,3406.4,0.184,244.3,903.8,0.2,0.237,0.237,1030.0,1030.0
bioandroid,paladin,legendaryforms,xenofp,m0,7,10.4,10.4,10.4,1.0,1.0,10.31,2912.0,4430.4,1248.0,10.4,626.6,3406.4,0.184,309.4,1339.0,0.3,0.3,0.3,1030.0,1030.0
bioandroid,paladin,legendaryforms,xenofp,m100,1,15.6,15.6,15.6,1.0,1.0,15.47,4368.0,6645.6,1872.0,15.6,839.4,5108.0,0.164,85.7,140.6,0.02,0.083,0.083,1030.0,1030.0
bioandroid,paladin,legendaryforms,xenofp,m100,3,15.6,15.6,15.6,1.0,1.0,15.47,4368.0,6645.6,1872.0,15.6,750.4,5108.0,0.147,154.3,435.2,0.07,0.15,0.15,1030.0,1030.0
bioandroid,paladin,legendaryforms,xenofp,m100,5,15.6,15.6,15.6,1.0,1.0,15.47,4368.0,6645.6,1872.0,15.6,671.0,5108.0,0.131,257.1,903.8,0.14,0.25,0.25,1030.0,1030.0
bioandroid,paladin,legendaryforms,xenofp,m100,7,15.6,15.6,15.6,1.0,1.0,15.47,4368.0,6645.6,1872.0,15.6,671.0,5108.0,0.131,325.7,1339.0,0.2,0.316,0.316,1030.0,1030.0
bioandroid,paladin,legendaryforms,xenomax,m0,1,14.5,14.5,14.5,1.0,1.0,12.69,4060.0,6177.0,1740.0,14.5,832.0,4748.0,0.175,84.9,140.6,0.02,0.082,0.082,1030.0,1030.0
bioandroid,paladin,legendaryforms,xenomax,m0,3,14.5,14.5,14.5,1.0,1.0,12.69,4060.0,6177.0,1740.0,14.5,740.8,4748.0,0.156,152.9,435.2,0.07,0.148,0.148,1030.0,1030.0
bioandroid,paladin,legendaryforms,xenomax,m0,5,14.5,14.5,14.5,1.0,1.0,12.69,4060.0,6177.0,1740.0,14.5,663.1,4748.0,0.14,254.8,903.8,0.15,0.247,0.247,1030.0,1030.0
bioandroid,paladin,legendaryforms,xenomax,m0,7,14.5,14.5,14.5,1.0,1.0,12.69,4060.0,6177.0,1740.0,14.5,663.1,4748.0,0.14,322.8,1339.0,0.22,0.313,0.313,1030.0,1030.0
bioandroid,paladin,legendaryforms,xenomax,m100,1,21.75,21.75,21.75,1.0,1.0,19.03,6090.0,9265.5,2610.0,21.75,868.2,7120.4,0.122,89.2,140.6,0.02,0.087,0.087,1030.0,1030.0
bioandroid,paladin,legendaryforms,xenomax,m100,3,21.75,21.75,21.75,1.0,1.0,19.03,6090.0,9265.5,2610.0,21.75,792.8,7120.4,0.111,160.6,435.2,0.05,0.156,0.156,1030.0,1030.0
bioandroid,paladin,legendaryforms,xenomax,m100,5,21.75,21.75,21.75,1.0,1.0,19.03,6090.0,9265.5,2610.0,21.75,705.3,7120.4,0.099,267.7,903.8,0.1,0.26,0.26,1030.0,1030.0
bioandroid,paladin,legendaryforms,xenomax,m100,7,21.75,21.75,21.75,1.0,1.0,19.03,6090.0,9265.5,2610.0,21.75,705.3,7120.4,0.099,339.1,1339.0,0.14,0.329,0.329,1030.0,1030.0
bioandroid,tank,base,Base,m0,1,1.0,1.0,1.0,1.0,1.0,1.0,120.0,140.0,50.0,1.0,113.3,113.3,1.0,23.8,245.0,1.75,0.013,0.06,1795.0,1795.0
bioandroid,tank,base,Base,m0,3,1.0,1.0,1.0,1.0,1.0,1.0,120.0,140.0,50.0,1.0,113.3,113.3,1.0,73.7,758.4,5.42,0.041,0.099,1795.0,1795.0
bioandroid,tank,base,Base,m0,5,1.0,1.0,1.0,1.0,1.0,1.0,120.0,140.0,50.0,1.0,113.3,113.3,1.0,153.0,1575.1,11.25,0.085,0.165,1795.0,1795.0
bioandroid,tank,base,Base,m0,7,1.0,1.0,1.0,1.0,1.0,1.0,120.0,140.0,50.0,1.0,113.3,113.3,1.0,226.6,2333.5,16.67,0.126,0.209,1795.0,1795.0
bioandroid,tank,bioevolution,semiperfect,m0,1,3.75,3.75,3.75,1.0,1.0,3.5,450.0,525.0,187.5,3.75,233.7,421.0,0.555,49.1,245.0,0.47,0.027,0.069,1795.0,1795.0
bioandroid,tank,bioevolution,semiperfect,m0,3,3.75,3.75,3.75,1.0,1.0,3.5,450.0,525.0,187.5,3.75,268.6,421.0,0.638,174.6,758.4,1.44,0.097,0.123,1795.0,1795.0
bioandroid,tank,bioevolution,semiperfect,m0,5,3.75,3.75,3.75,1.0,1.0,3.5,450.0,525.0,187.5,3.75,192.2,421.0,0.456,275.0,1575.1,3.0,0.153,0.206,1795.0,1795.0
bioandroid,tank,bioevolution,semiperfect,m0,7,3.75,3.75,3.75,1.0,1.0,3.5,450.0,525.0,187.5,3.75,192.2,421.0,0.456,422.7,2333.5,4.44,0.236,0.261,1795.0,1795.0
bioandroid,tank,bioevolution,semiperfect,m100,1,5.62,5.62,5.62,1.0,1.0,5.25,675.0,787.5,281.2,5.62,291.1,630.7,0.461,61.1,245.0,0.31,0.034,0.073,1795.0,1795.0
bioandroid,tank,bioevolution,semiperfect,m100,3,5.62,5.62,5.62,1.0,1.0,5.25,675.0,787.5,281.2,5.62,342.7,630.7,0.543,222.7,758.4,0.96,0.124,0.131,1795.0,1795.0
bioandroid,tank,bioevolution,semiperfect,m100,5,5.62,5.62,5.62,1.0,1.0,5.25,675.0,787.5,281.2,5.62,229.7,630.7,0.364,328.8,1575.1,2.0,0.183,0.218,1795.0,1795.0
bioandroid,tank,bioevolution,semiperfect,m100,7,5.62,5.62,5.62,1.0,1.0,5.25,675.0,787.5,281.2,5.62,229.7,630.7,0.364,496.1,2333.5,2.96,0.276,0.276,1795.0,1795.0
bioandroid,tank,bioevolution,perfect,m0,1,6.4,6.4,6.4,1.0,1.0,6.06,768.0,896.0,320.0,6.4,239.2,717.4,0.333,50.2,245.0,0.27,0.028,0.074,1795.0,1795.0
bioandroid,tank,bioevolution,perfect,m0,3,6.4,6.4,6.4,1.0,1.0,6.06,768.0,896.0,320.0,6.4,215.0,717.4,0.3,139.8,758.4,0.85,0.078,0.133,1795.0,1795.0
bioandroid,tank,bioevolution,perfect,m0,5,6.4,6.4,6.4,1.0,1.0,6.06,768.0,896.0,320.0,6.4,195.8,717.4,0.273,280.2,1575.1,1.76,0.156,0.222,1795.0,1795.0
bioandroid,tank,bioevolution,perfect,m0,7,6.4,6.4,6.4,1.0,1.0,6.06,768.0,896.0,320.0,6.4,195.8,717.4,0.273,430.7,2333.5,2.6,0.24,0.281,1795.0,1795.0
bioandroid,tank,bioevolution,perfect,m100,1,9.6,9.6,9.6,1.0,1.0,9.09,1152.0,1344.0,480.0,9.6,263.2,1075.4,0.245,55.3,245.0,0.18,0.031,0.078,1795.0,1795.0
bioandroid,tank,bioevolution,perfect,m100,3,9.6,9.6,9.6,1.0,1.0,9.09,1152.0,1344.0,480.0,9.6,234.4,1075.4,0.218,152.4,758.4,0.56,0.085,0.141,1795.0,1795.0
bioandroid,tank,bioevolution,perfect,m100,5,9.6,9.6,9.6,1.0,1.0,9.09,1152.0,1344.0,480.0,9.6,211.5,1075.4,0.197,302.7,1575.1,1.17,0.169,0.235,1795.0,1795.0
bioandroid,tank,bioevolution,perfect,m100,7,9.6,9.6,9.6,1.0,1.0,9.09,1152.0,1344.0,480.0,9.6,211.5,1075.4,0.197,465.3,2333.5,1.74,0.259,0.297,1795.0,1795.0
bioandroid,tank,bioevolution,superperfect,m0,1,9.45,9.45,9.45,1.0,1.0,9.04,1134.0,1323.0,472.5,9.45,262.3,1058.7,0.248,55.1,245.0,0.19,0.031,0.078,1795.0,1795.0
bioandroid,tank,bioevolution,superperfect,m0,3,9.45,9.45,9.45,1.0,1.0,9.04,1134.0,1323.0,472.5,9.45,233.7,1058.7,0.221,151.9,758.4,0.57,0.085,0.141,1795.0,1795.0
bioandroid,tank,bioevolution,superperfect,m0,5,9.45,9.45,9.45,1.0,1.0,9.04,1134.0,1323.0,472.5,9.45,210.9,1058.7,0.199,301.8,1575.1,1.19,0.168,0.234,1795.0,1795.0
bioandroid,tank,bioevolution,superperfect,m0,7,9.45,9.45,9.45,1.0,1.0,9.04,1134.0,1323.0,472.5,9.45,210.9,1058.7,0.199,464.0,2333.5,1.76,0.258,0.297,1795.0,1795.0
bioandroid,tank,bioevolution,superperfect,m100,1,14.17,14.17,14.17,1.0,1.0,13.56,1701.0,1984.5,708.8,14.17,284.0,1587.3,0.179,59.6,245.0,0.12,0.033,0.082,1795.0,1795.0
bioandroid,tank,bioevolution,superperfect,m100,3,14.17,14.17,14.17,1.0,1.0,13.56,1701.0,1984.5,708.8,14.17,252.6,1587.3,0.159,164.2,758.4,0.38,0.091,0.148,1795.0,1795.0
bioandroid,tank,bioevolution,superperfect,m100,5,14.17,14.17,14.17,1.0,1.0,13.56,1701.0,1984.5,708.8,14.17,226.2,1587.3,0.143,323.7,1575.1,0.79,0.18,0.247,1795.0,1795.0
bioandroid,tank,bioevolution,superperfect,m100,7,14.17,14.17,14.17,1.0,1.0,13.56,1701.0,1984.5,708.8,14.17,226.2,1587.3,0.143,497.7,2333.5,1.18,0.277,0.312,1795.0,1795.0
bioandroid,tank,bioevolution,ultraperfect,m0,1,14.5,14.5,14.5,1.0,1.0,13.0,1740.0,2030.0,725.0,14.5,284.8,1623.6,0.175,59.8,245.0,0.12,0.033,0.082,1795.0,1795.0
bioandroid,tank,bioevolution,ultraperfect,m0,3,14.5,14.5,14.5,1.0,1.0,13.0,1740.0,2030.0,725.0,14.5,253.6,1623.6,0.156,164.8,758.4,0.37,0.092,0.148,1795.0,1795.0
bioandroid,tank,bioevolution,ultraperfect,m0,5,14.5,14.5,14.5,1.0,1.0,13.0,1740.0,2030.0,725.0,14.5,227.1,1623.6,0.14,324.9,1575.1,0.78,0.181,0.247,1795.0,1795.0
bioandroid,tank,bioevolution,ultraperfect,m0,7,14.5,14.5,14.5,1.0,1.0,13.0,1740.0,2030.0,725.0,14.5,227.1,1623.6,0.14,499.5,2333.5,1.15,0.278,0.313,1795.0,1795.0
bioandroid,tank,bioevolution,ultraperfect,m100,1,21.75,21.75,21.75,1.0,1.0,19.5,2610.0,3045.0,1087.5,21.75,297.2,2434.7,0.122,62.4,245.0,0.08,0.035,0.087,1795.0,1795.0
bioandroid,tank,bioevolution,ultraperfect,m100,3,21.75,21.75,21.75,1.0,1.0,19.5,2610.0,3045.0,1087.5,21.75,271.4,2434.7,0.111,176.4,758.4,0.25,0.098,0.156,1795.0,1795.0
bioandroid,tank,bioevolution,ultraperfect,m100,5,21.75,21.75,21.75,1.0,1.0,19.5,2610.0,3045.0,1087.5,21.75,241.5,2434.7,0.099,345.5,1575.1,0.52,0.193,0.26,1795.0,1795.0
bioandroid,tank,bioevolution,ultraperfect,m100,7,21.75,21.75,21.75,1.0,1.0,19.5,2610.0,3045.0,1087.5,21.75,241.5,2434.7,0.099,531.2,2333.5,0.77,0.296,0.329,1795.0,1795.0
bioandroid,tank,custom_forms_3,accelerated_evolution,m0,1,1.0,1.0,1.0,1.0,1.0,1.0,120.0,140.0,50.0,1.0,113.3,113.3,1.0,23.8,245.0,1.75,0.013,0.06,1795.0,1795.0
bioandroid,tank,custom_forms_3,accelerated_evolution,m0,3,1.0,1.0,1.0,1.0,1.0,1.0,120.0,140.0,50.0,1.0,113.3,113.3,1.0,73.7,758.4,5.42,0.041,0.099,1795.0,1795.0
bioandroid,tank,custom_forms_3,accelerated_evolution,m0,5,1.0,1.0,1.0,1.0,1.0,1.0,120.0,140.0,50.0,1.0,113.3,113.3,1.0,153.0,1575.1,11.25,0.085,0.165,1795.0,1795.0
bioandroid,tank,custom_forms_3,accelerated_evolution,m0,7,1.0,1.0,1.0,1.0,1.0,1.0,120.0,140.0,50.0,1.0,113.3,113.3,1.0,226.6,2333.5,16.67,0.126,0.209,1795.0,1795.0
bioandroid,tank,custom_forms_3,accelerated_evolution,m100,1,1.0,1.0,1.0,1.0,1.0,1.0,120.0,140.0,50.0,1.0,113.3,113.3,1.0,23.8,245.0,1.75,0.013,0.06,1795.0,1795.0
bioandroid,tank,custom_forms_3,accelerated_evolution,m100,3,1.0,1.0,1.0,1.0,1.0,1.0,120.0,140.0,50.0,1.0,113.3,113.3,1.0,73.7,758.4,5.42,0.041,0.099,1795.0,1795.0
bioandroid,tank,custom_forms_3,accelerated_evolution,m100,5,1.0,1.0,1.0,1.0,1.0,1.0,120.0,140.0,50.0,1.0,113.3,113.3,1.0,153.0,1575.1,11.25,0.085,0.165,1795.0,1795.0
bioandroid,tank,custom_forms_3,accelerated_evolution,m100,7,1.0,1.0,1.0,1.0,1.0,1.0,120.0,140.0,50.0,1.0,113.3,113.3,1.0,226.6,2333.5,16.67,0.126,0.209,1795.0,1795.0
bioandroid,tank,custom_forms_3,accelerated_evolution_2,m0,1,1.0,1.0,1.0,1.0,1.0,1.0,120.0,140.0,50.0,1.0,113.3,113.3,1.0,23.8,245.0,1.75,0.013,0.06,1795.0,1795.0
bioandroid,tank,custom_forms_3,accelerated_evolution_2,m0,3,1.0,1.0,1.0,1.0,1.0,1.0,120.0,140.0,50.0,1.0,113.3,113.3,1.0,73.7,758.4,5.42,0.041,0.099,1795.0,1795.0
bioandroid,tank,custom_forms_3,accelerated_evolution_2,m0,5,1.0,1.0,1.0,1.0,1.0,1.0,120.0,140.0,50.0,1.0,113.3,113.3,1.0,153.0,1575.1,11.25,0.085,0.165,1795.0,1795.0
bioandroid,tank,custom_forms_3,accelerated_evolution_2,m0,7,1.0,1.0,1.0,1.0,1.0,1.0,120.0,140.0,50.0,1.0,113.3,113.3,1.0,226.6,2333.5,16.67,0.126,0.209,1795.0,1795.0
bioandroid,tank,custom_forms_3,accelerated_evolution_2,m100,1,1.0,1.0,1.0,1.0,1.0,1.0,120.0,140.0,50.0,1.0,113.3,113.3,1.0,23.8,245.0,1.75,0.013,0.06,1795.0,1795.0
bioandroid,tank,custom_forms_3,accelerated_evolution_2,m100,3,1.0,1.0,1.0,1.0,1.0,1.0,120.0,140.0,50.0,1.0,113.3,113.3,1.0,73.7,758.4,5.42,0.041,0.099,1795.0,1795.0
bioandroid,tank,custom_forms_3,accelerated_evolution_2,m100,5,1.0,1.0,1.0,1.0,1.0,1.0,120.0,140.0,50.0,1.0,113.3,113.3,1.0,153.0,1575.1,11.25,0.085,0.165,1795.0,1795.0
bioandroid,tank,custom_forms_3,accelerated_evolution_2,m100,7,1.0,1.0,1.0,1.0,1.0,1.0,120.0,140.0,50.0,1.0,113.3,113.3,1.0,226.6,2333.5,16.67,0.126,0.209,1795.0,1795.0
bioandroid,tank,divine_evolution,cell_max,m0,1,1.0,1.0,1.0,1.0,1.0,1.0,120.0,140.0,50.0,1.0,113.3,113.3,1.0,23.8,245.0,1.75,0.013,0.06,1795.0,1795.0
bioandroid,tank,divine_evolution,cell_max,m0,3,1.0,1.0,1.0,1.0,1.0,1.0,120.0,140.0,50.0,1.0,113.3,113.3,1.0,73.7,758.4,5.42,0.041,0.099,1795.0,1795.0
bioandroid,tank,divine_evolution,cell_max,m0,5,1.0,1.0,1.0,1.0,1.0,1.0,120.0,140.0,50.0,1.0,113.3,113.3,1.0,153.0,1575.1,11.25,0.085,0.165,1795.0,1795.0
bioandroid,tank,divine_evolution,cell_max,m0,7,1.0,1.0,1.0,1.0,1.0,1.0,120.0,140.0,50.0,1.0,113.3,113.3,1.0,226.6,2333.5,16.67,0.126,0.209,1795.0,1795.0
bioandroid,tank,divine_evolution,cell_max,m100,1,1.0,1.0,1.0,1.0,1.0,1.0,120.0,140.0,50.0,1.0,113.3,113.3,1.0,23.8,245.0,1.75,0.013,0.06,1795.0,1795.0
bioandroid,tank,divine_evolution,cell_max,m100,3,1.0,1.0,1.0,1.0,1.0,1.0,120.0,140.0,50.0,1.0,113.3,113.3,1.0,73.7,758.4,5.42,0.041,0.099,1795.0,1795.0
bioandroid,tank,divine_evolution,cell_max,m100,5,1.0,1.0,1.0,1.0,1.0,1.0,120.0,140.0,50.0,1.0,113.3,113.3,1.0,153.0,1575.1,11.25,0.085,0.165,1795.0,1795.0
bioandroid,tank,divine_evolution,cell_max,m100,7,1.0,1.0,1.0,1.0,1.0,1.0,120.0,140.0,50.0,1.0,113.3,113.3,1.0,226.6,2333.5,16.67,0.126,0.209,1795.0,1795.0
bioandroid,tank,divine_evolution,cell_max_perfect,m0,1,1.0,1.0,1.0,1.0,1.0,1.0,120.0,140.0,50.0,1.0,113.3,113.3,1.0,23.8,245.0,1.75,0.013,0.06,1795.0,1795.0
bioandroid,tank,divine_evolution,cell_max_perfect,m0,3,1.0,1.0,1.0,1.0,1.0,1.0,120.0,140.0,50.0,1.0,113.3,113.3,1.0,73.7,758.4,5.42,0.041,0.099,1795.0,1795.0
bioandroid,tank,divine_evolution,cell_max_perfect,m0,5,1.0,1.0,1.0,1.0,1.0,1.0,120.0,140.0,50.0,1.0,113.3,113.3,1.0,153.0,1575.1,11.25,0.085,0.165,1795.0,1795.0
bioandroid,tank,divine_evolution,cell_max_perfect,m0,7,1.0,1.0,1.0,1.0,1.0,1.0,120.0,140.0,50.0,1.0,113.3,113.3,1.0,226.6,2333.5,16.67,0.126,0.209,1795.0,1795.0
bioandroid,tank,divine_evolution,cell_max_perfect,m100,1,1.0,1.0,1.0,1.0,1.0,1.0,120.0,140.0,50.0,1.0,113.3,113.3,1.0,23.8,245.0,1.75,0.013,0.06,1795.0,1795.0
bioandroid,tank,divine_evolution,cell_max_perfect,m100,3,1.0,1.0,1.0,1.0,1.0,1.0,120.0,140.0,50.0,1.0,113.3,113.3,1.0,73.7,758.4,5.42,0.041,0.099,1795.0,1795.0
bioandroid,tank,divine_evolution,cell_max_perfect,m100,5,1.0,1.0,1.0,1.0,1.0,1.0,120.0,140.0,50.0,1.0,113.3,113.3,1.0,153.0,1575.1,11.25,0.085,0.165,1795.0,1795.0
bioandroid,tank,divine_evolution,cell_max_perfect,m100,7,1.0,1.0,1.0,1.0,1.0,1.0,120.0,140.0,50.0,1.0,113.3,113.3,1.0,226.6,2333.5,16.67,0.126,0.209,1795.0,1795.0
bioandroid,tank,legendaryforms,xeno,m0,1,6.5,6.5,6.5,1.0,1.0,6.69,780.0,910.0,325.0,6.69,239.8,728.6,0.329,50.4,245.0,0.27,0.028,0.075,1795.0,1795.0
bioandroid,tank,legendaryforms,xeno,m0,3,6.5,6.5,6.5,1.0,1.0,6.69,780.0,910.0,325.0,6.69,215.5,728.6,0.296,140.1,758.4,0.83,0.078,0.134,1795.0,1795.0
bioandroid,tank,legendaryforms,xeno,m0,5,6.5,6.5,6.5,1.0,1.0,6.69,780.0,910.0,325.0,6.69,196.2,728.6,0.269,280.7,1575.1,1.73,0.156,0.224,1795.0,1795.0
bioandroid,tank,legendaryforms,xeno,m0,7,6.5,6.5,6.5,1.0,1.0,6.69,780.0,910.0,325.0,6.69,196.2,728.6,0.269,431.6,2333.5,2.56,0.24,0.283,1795.0,1795.0
bioandroid,tank,legendaryforms,xeno,m100,1,9.75,9.75,9.75,1.0,1.0,10.03,1170.0,1365.0,487.5,10.03,263.6,1092.2,0.241,55.4,245.0,0.18,0.031,0.079,1795.0,1795.0
bioandroid,tank,legendaryforms,xeno,m100,3,9.75,9.75,9.75,1.0,1.0,10.03,1170.0,1365.0,487.5,10.03,234.7,1092.2,0.215,152.6,758.4,0.56,0.085,0.142,1795.0,1795.0
bioandroid,tank,legendaryforms,xeno,m100,5,9.75,9.75,9.75,1.0,1.0,10.03,1170.0,1365.0,487.5,10.03,211.8,1092.2,0.194,303.0,1575.1,1.15,0.169,0.236,1795.0,1795.0
bioandroid,tank,legendaryforms,xeno,m100,7,9.75,9.75,9.75,1.0,1.0,10.03,1170.0,1365.0,487.5,10.03,211.8,1092.2,0.194,465.9,2333.5,1.71,0.26,0.299,1795.0,1795.0
bioandroid,tank,legendaryforms,xenofp,m0,1,10.4,10.4,10.4,1.0,1.0,10.31,1248.0,1456.0,520.0,10.4,267.9,1164.9,0.23,56.3,245.0,0.17,0.031,0.079,1795.0,1795.0
bioandroid,tank,legendaryforms,xenofp,m0,3,10.4,10.4,10.4,1.0,1.0,10.31,1248.0,1456.0,520.0,10.4,238.2,1164.9,0.204,154.8,758.4,0.52,0.086,0.142,1795.0,1795.0
bioandroid,tank,legendaryforms,xenofp,m0,5,10.4,10.4,10.4,1.0,1.0,10.31,1248.0,1456.0,520.0,10.4,214.6,1164.9,0.184,307.1,1575.1,1.08,0.171,0.237,1795.0,1795.0
bioandroid,tank,legendaryforms,xenofp,m0,7,10.4,10.4,10.4,1.0,1.0,10.31,1248.0,1456.0,520.0,10.4,214.6,1164.9,0.184,472.1,2333.5,1.6,0.263,0.3,1795.0,1795.0
bioandroid,tank,legendaryforms,xenofp,m100,1,15.6,15.6,15.6,1.0,1.0,15.47,1872.0,2184.0,780.0,15.6,287.3,1746.7,0.164,60.3,245.0,0.11,0.034,0.083,1795.0,1795.0
bioandroid,tank,legendaryforms,xenofp,m100,3,15.6,15.6,15.6,1.0,1.0,15.47,1872.0,2184.0,780.0,15.6,256.9,1746.7,0.147,167.0,758.4,0.35,0.093,0.15,1795.0,1795.0
bioandroid,tank,legendaryforms,xenofp,m100,5,15.6,15.6,15.6,1.0,1.0,15.47,1872.0,2184.0,780.0,15.6,229.7,1746.7,0.132,328.7,1575.1,0.72,0.183,0.25,1795.0,1795.0
bioandroid,tank,legendaryforms,xenofp,m100,7,15.6,15.6,15.6,1.0,1.0,15.47,1872.0,2184.0,780.0,15.6,229.7,1746.7,0.132,505.4,2333.5,1.07,0.282,0.316,1795.0,1795.0
bioandroid,tank,legendaryforms,xenomax,m0,1,14.5,14.5,14.5,1.0,1.0,12.69,1740.0,2030.0,725.0,14.5,284.8,1623.6,0.175,59.8,245.0,0.12,0.033,0.082,1795.0,1795.0
bioandroid,tank,legendaryforms,xenomax,m0,3,14.5,14.5,14.5,1.0,1.0,12.69,1740.0,2030.0,725.0,14.5,253.6,1623.6,0.156,164.8,758.4,0.37,0.092,0.148,1795.0,1795.0
bioandroid,tank,legendaryforms,xenomax,m0,5,14.5,14.5,14.5,1.0,1.0,12.69,1740.0,2030.0,725.0,14.5,227.1,1623.6,0.14,324.9,1575.1,0.78,0.181,0.247,1795.0,1795.0
bioandroid,tank,legendaryforms,xenomax,m0,7,14.5,14.5,14.5,1.0,1.0,12.69,1740.0,2030.0,725.0,14.5,227.1,1623.6,0.14,499.5,2333.5,1.15,0.278,0.313,1795.0,1795.0
bioandroid,tank,legendaryforms,xenomax,m100,1,21.75,21.75,21.75,1.0,1.0,19.03,2610.0,3045.0,1087.5,21.75,297.2,2434.7,0.122,62.4,245.0,0.08,0.035,0.087,1795.0,1795.0
bioandroid,tank,legendaryforms,xenomax,m100,3,21.75,21.75,21.75,1.0,1.0,19.03,2610.0,3045.0,1087.5,21.75,271.4,2434.7,0.111,176.4,758.4,0.25,0.098,0.156,1795.0,1795.0
bioandroid,tank,legendaryforms,xenomax,m100,5,21.75,21.75,21.75,1.0,1.0,19.03,2610.0,3045.0,1087.5,21.75,241.5,2434.7,0.099,345.5,1575.1,0.52,0.193,0.26,1795.0,1795.0
bioandroid,tank,legendaryforms,xenomax,m100,7,21.75,21.75,21.75,1.0,1.0,19.03,2610.0,3045.0,1087.5,21.75,241.5,2434.7,0.099,531.2,2333.5,0.77,0.296,0.329,1795.0,1795.0
frostdemon,cleric,base,Base,m0,1,1.0,1.0,1.0,1.0,1.0,1.0,50.0,75.0,640.0,1.0,462.8,462.8,1.0,37.2,84.6,0.13,0.06,0.06,620.0,620.0
frostdemon,cleric,base,Base,m0,3,1.0,1.0,1.0,1.0,1.0,1.0,50.0,75.0,640.0,1.0,462.8,462.8,1.0,61.4,261.9,0.41,0.099,0.099,620.0,620.0
frostdemon,cleric,base,Base,m0,5,1.0,1.0,1.0,1.0,1.0,1.0,50.0,75.0,640.0,1.0,462.8,462.8,1.0,102.3,544.1,0.85,0.165,0.165,620.0,620.0
frostdemon,cleric,base,Base,m0,7,1.0,1.0,1.0,1.0,1.0,1.0,50.0,75.0,640.0,1.0,462.8,462.8,1.0,129.6,806.0,1.26,0.209,0.209,620.0,620.0
frostdemon,cleric,android_enhancement_a,metal_overdrive,m0,1,10.0,10.0,50.0,10.0,2.0,25.0,500.0,750.0,32000.0,50.0,1244.7,21587.7,0.058,85.6,122.8,0.0,0.07,0.095,899.7,1220.0
frostdemon,cleric,android_enhancement_a,metal_overdrive,m0,3,10.0,10.0,50.0,10.0,2.0,25.0,500.0,750.0,32000.0,50.0,1213.4,21587.7,0.056,154.1,380.1,0.01,0.126,0.171,899.7,1220.0
frostdemon,cleric,android_enhancement_a,metal_overdrive,m0,5,10.0,10.0,50.0,10.0,2.0,25.0,500.0,750.0,32000.0,50.0,1071.4,21587.7,0.05,256.9,789.5,0.02,0.211,0.286,899.7,1220.0
frostdemon,cleric,android_enhancement_a,metal_overdrive,m0,7,10.0,10.0,50.0,10.0,2.0,25.0,500.0,750.0,32000.0,50.0,1071.4,21587.7,0.05,325.4,1169.6,0.04,0.267,0.362,899.7,1220.0
frostdemon,cleric,android_enhancement_a,metal_overdrive,m100,1,15.0,15.0,75.0,15.0,3.0,37.5,750.0,1125.0,48000.0,75.0,1244.7,32381.5,0.038,99.7,137.0,0.0,0.055,0.099,1003.8,1820.0
frostdemon,cleric,android_enhancement_a,metal_overdrive,m100,3,15.0,15.0,75.0,15.0,3.0,37.5,750.0,1125.0,48000.0,75.0,1244.7,32381.5,0.038,179.5,424.1,0.01,0.099,0.179,1003.8,1820.0
frostdemon,cleric,android_enhancement_a,metal_overdrive,m100,5,15.0,15.0,75.0,15.0,3.0,37.5,750.0,1125.0,48000.0,75.0,1108.1,32381.5,0.034,299.1,880.8,0.02,0.164,0.298,1003.8,1820.0
frostdemon,cleric,android_enhancement_a,metal_overdrive,m100,7,15.0,15.0,75.0,15.0,3.0,37.5,750.0,1125.0,48000.0,75.0,1108.1,32381.5,0.034,378.9,1304.9,0.03,0.208,0.377,1003.8,1820.0
frostdemon,cleric,android_enhancement_a,metal_overheat,m0,1,50.0,50.0,10.0,5.0,2.0,25.0,2500.0,3750.0,6400.0,50.0,906.1,5066.7,0.179,85.6,122.8,0.02,0.07,0.095,899.7,1220.0
frostdemon,cleric,android_enhancement_a,metal_overheat,m0,3,50.0,50.0,10.0,5.0,2.0,25.0,2500.0,3750.0,6400.0,50.0,888.3,5066.7,0.175,154.1,380.1,0.06,0.126,0.171,899.7,1220.0
frostdemon,cleric,android_enhancement_a,metal_overheat,m0,5,50.0,50.0,10.0,5.0,2.0,25.0,2500.0,3750.0,6400.0,50.0,807.8,5066.7,0.159,256.9,789.5,0.12,0.211,0.286,899.7,1220.0
frostdemon,cleric,android_enhancement_a,metal_overheat,m0,7,50.0,50.0,10.0,5.0,2.0,25.0,2500.0,3750.0,6400.0,50.0,807.8,5066.7,0.159,325.4,1169.6,0.18,0.267,0.362,899.7,1220.0
frostdemon,cleric,android_enhancement_a,metal_overheat,m100,1,75.0,75.0,15.0,7.5,3.0,37.5,3750.0,5625.0,9600.0,75.0,925.9,7600.0,0.122,99.7,137.0,0.01,0.055,0.099,1003.8,1820.0
frostdemon,cleric,android_enhancement_a,metal_overheat,m100,3,75.0,75.0,15.0,7.5,3.0,37.5,3750.0,5625.0,9600.0,75.0,925.9,7600.0,0.122,179.5,424.1,0.04,0.099,0.179,1003.8,1820.0
frostdemon,cleric,android_enhancement_a,metal_overheat,m100,5,75.0,75.0,15.0,7.5,3.0,37.5,3750.0,5625.0,9600.0,75.0,845.0,7600.0,0.111,299.1,880.8,0.09,0.164,0.298,1003.8,1820.0
frostdemon,cleric,android_enhancement_a,metal_overheat,m100,7,75.0,75.0,15.0,7.5,3.0,37.5,3750.0,5625.0,9600.0,75.0,845.0,7600.0,0.111,378.9,1304.9,0.14,0.208,0.377,1003.8,1820.0
frostdemon,cleric,androidforms,androidbase,m0,1,1.5,1.5,2.75,2.0,2.0,2.0,75.0,112.5,1760.0,2.75,804.4,1236.5,0.651,64.7,135.0,0.08,0.053,0.065,989.3,1220.0
frostdemon,cleric,androidforms,androidbase,m0,3,1.5,1.5,2.75,2.0,2.0,2.0,75.0,112.5,1760.0,2.75,903.6,1236.5,0.731,114.8,412.3,0.23,0.094,0.118,975.8,1220.0
frostdemon,cleric,androidforms,androidbase,m0,5,1.5,1.5,2.75,2.0,2.0,2.0,75.0,112.5,1760.0,2.75,686.6,1236.5,0.555,189.3,846.8,0.48,0.155,0.196,965.0,1220.0
frostdemon,cleric,androidforms,androidbase,m0,7,1.5,1.5,2.75,2.0,2.0,2.0,75.0,112.5,1760.0,2.75,686.6,1236.5,0.555,239.8,1254.4,0.71,0.197,0.248,965.0,1220.0
frostdemon,cleric,androidforms,androidbase,m100,1,2.25,2.25,4.12,3.0,3.0,3.0,112.5,168.8,2640.0,4.12,994.1,1854.8,0.536,89.5,175.6,0.07,0.049,0.07,1286.7,1820.0
frostdemon,cleric,androidforms,androidbase,m100,3,2.25,2.25,4.12,3.0,3.0,3.0,112.5,168.8,2640.0,4.12,1148.3,1854.8,0.619,158.0,533.3,0.2,0.087,0.125,1262.4,1820.0
frostdemon,cleric,androidforms,androidbase,m100,5,2.25,2.25,4.12,3.0,3.0,3.0,112.5,168.8,2640.0,4.12,810.8,1854.8,0.437,259.4,1090.7,0.41,0.143,0.209,1243.0,1820.0
frostdemon,cleric,androidforms,androidbase,m100,7,2.25,2.25,4.12,3.0,3.0,3.0,112.5,168.8,2640.0,4.12,810.8,1854.8,0.437,328.5,1615.9,0.61,0.181,0.264,1243.0,1820.0
frostdemon,cleric,androidforms,mecha,m0,1,9.0,9.0,14.5,2.0,2.0,13.0,450.0,675.0,9280.0,14.5,1142.1,6324.0,0.181,78.8,130.5,0.01,0.065,0.082,955.8,1220.0
frostdemon,cleric,androidforms,mecha,m0,3,9.0,9.0,14.5,2.0,2.0,13.0,450.0,675.0,9280.0,14.5,1018.5,6324.0,0.161,141.9,403.8,0.04,0.116,0.148,955.8,1220.0
frostdemon,cleric,androidforms,mecha,m0,5,9.0,9.0,14.5,2.0,2.0,13.0,450.0,675.0,9280.0,14.5,913.4,6324.0,0.144,236.5,838.7,0.09,0.194,0.247,955.8,1220.0
frostdemon,cleric,androidforms,mecha,m0,7,9.0,9.0,14.5,2.0,2.0,13.0,450.0,675.0,9280.0,14.5,913.4,6324.0,0.144,299.5,1242.6,0.13,0.246,0.313,955.8,1220.0
frostdemon,cleric,androidforms,mecha,m100,1,13.5,13.5,21.75,3.0,3.0,19.5,675.0,1012.5,13920.0,21.75,1193.9,9486.0,0.126,98.4,155.1,0.01,0.054,0.087,1136.0,1820.0
frostdemon,cleric,androidforms,mecha,m100,3,13.5,13.5,21.75,3.0,3.0,19.5,675.0,1012.5,13920.0,21.75,1091.3,9486.0,0.115,177.1,480.0,0.03,0.097,0.156,1136.0,1820.0
frostdemon,cleric,androidforms,mecha,m100,5,13.5,13.5,21.75,3.0,3.0,19.5,675.0,1012.5,13920.0,21.75,972.4,9486.0,0.103,295.2,996.8,0.07,0.162,0.26,1136.0,1820.0
frostdemon,cleric,androidforms,mecha,m100,7,13.5,13.5,21.75,3.0,3.0,19.5,675.0,1012.5,13920.0,21.75,972.4,9486.0,0.103,373.9,1476.8,0.11,0.205,0.329,1136.0,1820.0
frostdemon,cleric,androidforms,metal,m0,1,19.0,19.0,23.0,2.0,2.0,23.0,950.0,1425.0,14720.0,23.0,1198.0,10068.6,0.119,81.5,127.6,0.01,0.067,0.087,934.9,1220.0
frostdemon,cleric,androidforms,metal,m0,3,19.0,19.0,23.0,2.0,2.0,23.0,950.0,1425.0,14720.0,23.0,1099.3,10068.6,0.109,146.7,395.0,0.03,0.12,0.157,934.9,1220.0
frostdemon,cleric,androidforms,metal,m0,5,19.0,19.0,23.0,2.0,2.0,23.0,950.0,1425.0,14720.0,23.0,978.9,10068.6,0.097,244.6,820.4,0.06,0.2,0.262,934.9,1220.0
frostdemon,cleric,androidforms,metal,m0,7,19.0,19.0,23.0,2.0,2.0,23.0,950.0,1425.0,14720.0,23.0,978.9,10068.6,0.097,309.8,1215.4,0.08,0.254,0.331,934.9,1220.0
frostdemon,cleric,androidforms,metal,m100,1,28.5,28.5,34.5,3.0,3.0,34.5,1425.0,2137.5,22080.0,34.5,1231.7,15102.9,0.082,99.1,148.0,0.01,0.054,0.091,1084.2,1820.0
frostdemon,cleric,androidforms,metal,m100,3,28.5,28.5,34.5,3.0,3.0,34.5,1425.0,2137.5,22080.0,34.5,1164.5,15102.9,0.077,178.3,458.1,0.02,0.098,0.164,1084.2,1820.0
frostdemon,cleric,androidforms,metal,m100,5,28.5,28.5,34.5,3.0,3.0,34.5,1425.0,2137.5,22080.0,34.5,1031.7,15102.9,0.068,297.2,951.4,0.04,0.163,0.274,1084.2,1820.0
frostdemon,cleric,androidforms,metal,m100,7,28.5,28.5,34.5,3.0,3.0,34.5,1425.0,2137.5,22080.0,34.5,1031.7,15102.9,0.068,376.4,1409.4,0.06,0.207,0.347,1084.2,1820.0
frostdemon,cleric,arcosian_god,black,m0,1,1.0,1.0,1.0,1.0,1.0,1.0,50.0,75.0,640.0,1.0,462.8,462.8,1.0,37.2,84.6,0.13,0.06,0.06,620.0,620.0
frostdemon,cleric,arcosian_god,black,m0,3,1.0,1.0,1.0,1.0,1.0,1.0,50.0,75.0,640.0,1.0,462.8,462.8,1.0,61.4,261.9,0.41,0.099,0.099,620.0,620.0
frostdemon,cleric,arcosian_god,black,m0,5,1.0,1.0,1.0,1.0,1.0,1.0,50.0,75.0,640.0,1.0,462.8,462.8,1.0,102.3,544.1,0.85,0.165,0.165,620.0,620.0
frostdemon,cleric,arcosian_god,black,m0,7,1.0,1.0,1.0,1.0,1.0,1.0,50.0,75.0,640.0,1.0,462.8,462.8,1.0,129.6,806.0,1.26,0.209,0.209,620.0,620.0
frostdemon,cleric,arcosian_god,black,m100,1,1.0,1.0,1.0,1.0,1.0,1.0,50.0,75.0,640.0,1.0,462.8,462.8,1.0,37.2,84.6,0.13,0.06,0.06,620.0,620.0
frostdemon,cleric,arcosian_god,black,m100,3,1.0,1.0,1.0,1.0,1.0,1.0,50.0,75.0,640.0,1.0,462.8,462.8,1.0,61.4,261.9,0.41,0.099,0.099,620.0,620.0
frostdemon,cleric,arcosian_god,black,m100,5,1.0,1.0,1.0,1.0,1.0,1.0,50.0,75.0,640.0,1.0,462.8,462.8,1.0,102.3,544.1,0.85,0.165,0.165,620.0,620.0
frostdemon,cleric,arcosian_god,black,m100,7,1.0,1.0,1.0,1.0,1.0,1.0,50.0,75.0,640.0,1.0,462.8,462.8,1.0,129.6,806.0,1.26,0.209,0.209,620.0,620.0
frostdemon,cleric,arcosian_god,black_2,m0,1,1.0,1.0,1.0,1.0,1.0,1.0,50.0,75.0,640.0,1.0,462.8,462.8,1.0,37.2,84.6,0.13,0.06,0.06,620.0,620.0
frostdemon,cleric,arcosian_god,black_2,m0,3,1.0,1.0,1.0,1.0,1.0,1.0,50.0,75.0,640.0,1.0,462.8,462.8,1.0,61.4,261.9,0.41,0.099,0.099,620.0,620.0
frostdemon,cleric,arcosian_god,black_2,m0,5,1.0,1.0,1.0,1.0,1.0,1.0,50.0,75.0,640.0,1.0,462.8,462.8,1.0,102.3,544.1,0.85,0.165,0.165,620.0,620.0
frostdemon,cleric,arcosian_god,black_2,m0,7,1.0,1.0,1.0,1.0,1.0,1.0,50.0,75.0,640.0,1.0,462.8,462.8,1.0,129.6,806.0,1.26,0.209,0.209,620.0,620.0
frostdemon,cleric,arcosian_god,black_2,m100,1,1.0,1.0,1.0,1.0,1.0,1.0,50.0,75.0,640.0,1.0,462.8,462.8,1.0,37.2,84.6,0.13,0.06,0.06,620.0,620.0
frostdemon,cleric,arcosian_god,black_2,m100,3,1.0,1.0,1.0,1.0,1.0,1.0,50.0,75.0,640.0,1.0,462.8,462.8,1.0,61.4,261.9,0.41,0.099,0.099,620.0,620.0
frostdemon,cleric,arcosian_god,black_2,m100,5,1.0,1.0,1.0,1.0,1.0,1.0,50.0,75.0,640.0,1.0,462.8,462.8,1.0,102.3,544.1,0.85,0.165,0.165,620.0,620.0
frostdemon,cleric,arcosian_god,black_2,m100,7,1.0,1.0,1.0,1.0,1.0,1.0,50.0,75.0,640.0,1.0,462.8,462.8,1.0,129.6,806.0,1.26,0.209,0.209,620.0,620.0
frostdemon,cleric,evolutionforms,second,m0,1,2.65,2.65,2.65,1.0,1.0,2.38,132.5,198.8,1696.0,2.65,784.1,1185.6,0.661,40.3,84.6,0.05,0.065,0.065,620.0,620.0
frostdemon,cleric,evolutionforms,second,m0,3,2.65,2.65,2.65,1.0,1.0,2.38,132.5,198.8,1696.0,2.65,877.3,1185.6,0.74,72.5,261.9,0.15,0.117,0.117,620.0,620.0
frostdemon,cleric,evolutionforms,second,m0,5,2.65,2.65,2.65,1.0,1.0,2.38,132.5,198.8,1696.0,2.65,673.2,1185.6,0.568,120.9,544.1,0.32,0.195,0.195,620.0,620.0
frostdemon,cleric,evolutionforms,second,m0,7,2.65,2.65,2.65,1.0,1.0,2.38,132.5,198.8,1696.0,2.65,673.2,1185.6,0.568,153.2,806.0,0.48,0.247,0.247,620.0,620.0
frostdemon,cleric,evolutionforms,second,m100,1,3.97,3.97,3.97,1.0,1.0,3.56,198.7,298.1,2544.0,3.97,962.7,1766.0,0.545,42.9,84.6,0.03,0.069,0.069,620.0,620.0
frostdemon,cleric,evolutionforms,second,m100,3,3.97,3.97,3.97,1.0,1.0,3.56,198.7,298.1,2544.0,3.97,1107.8,1766.0,0.627,77.2,261.9,0.1,0.125,0.125,620.0,620.0
frostdemon,cleric,evolutionforms,second,m100,5,3.97,3.97,3.97,1.0,1.0,3.56,198.7,298.1,2544.0,3.97,790.2,1766.0,0.447,128.7,544.1,0.21,0.208,0.208,620.0,620.0
frostdemon,cleric,evolutionforms,second,m100,7,3.97,3.97,3.97,1.0,1.0,3.56,198.7,298.1,2544.0,3.97,790.2,1766.0,0.447,163.0,806.0,0.32,0.263,0.263,620.0,620.0
frostdemon,cleric,evolutionforms,third,m0,1,4.1,4.1,4.1,1.0,1.0,3.81,205.0,307.5,2624.0,4.1,978.4,1820.8,0.537,43.1,84.6,0.03,0.069,0.069,620.0,620.0
frostdemon,cleric,evolutionforms,third,m0,3,4.1,4.1,4.1,1.0,1.0,3.81,205.0,307.5,2624.0,4.1,1128.0,1820.8,0.62,77.6,261.9,0.1,0.125,0.125,620.0,620.0
frostdemon,cleric,evolutionforms,third,m0,5,4.1,4.1,4.1,1.0,1.0,3.81,205.0,307.5,2624.0,4.1,800.5,1820.8,0.44,129.3,544.1,0.21,0.208,0.208,620.0,620.0
frostdemon,cleric,evolutionforms,third,m0,7,4.1,4.1,4.1,1.0,1.0,3.81,205.0,307.5,2624.0,4.1,800.5,1820.8,0.44,163.7,806.0,0.31,0.264,0.264,620.0,620.0
frostdemon,cleric,evolutionforms,third,m100,1,6.15,6.15,6.15,1.0,1.0,5.72,307.5,461.2,3936.0,6.15,946.4,2718.8,0.348,45.7,84.6,0.02,0.074,0.074,620.0,620.0
frostdemon,cleric,evolutionforms,third,m100,3,6.15,6.15,6.15,1.0,1.0,5.72,307.5,461.2,3936.0,6.15,853.5,2718.8,0.314,82.2,261.9,0.07,0.133,0.133,620.0,620.0
frostdemon,cleric,evolutionforms,third,m100,5,6.15,6.15,6.15,1.0,1.0,5.72,307.5,461.2,3936.0,6.15,779.6,2718.8,0.287,137.0,544.1,0.14,0.221,0.221,620.0,620.0
frostdemon,cleric,evolutionforms,third,m100,7,6.15,6.15,6.15,1.0,1.0,5.72,307.5,461.2,3936.0,6.15,779.6,2718.8,0.287,173.5,806.0,0.2,0.28,0.28,620.0,620.0
frostdemon,cleric,evolutionforms,final,m0,1,6.5,6.5,6.5,1.0,1.0,6.19,325.0,487.5,4160.0,6.5,959.3,2872.1,0.334,46.0,84.6,0.02,0.074,0.074,620.0,620.0
frostdemon,cleric,evolutionforms,final,m0,3,6.5,6.5,6.5,1.0,1.0,6.19,325.0,487.5,4160.0,6.5,863.9,2872.1,0.301,82.8,261.9,0.06,0.134,0.134,620.0,620.0
frostdemon,cleric,evolutionforms,final,m0,5,6.5,6.5,6.5,1.0,1.0,6.19,325.0,487.5,4160.0,6.5,788.0,2872.1,0.274,138.1,544.1,0.13,0.223,0.223,620.0,620.0
frostdemon,cleric,evolutionforms,final,m0,7,6.5,6.5,6.5,1.0,1.0,6.19,325.0,487.5,4160.0,6.5,788.0,2872.1,0.274,174.9,806.0,0.19,0.282,0.282,620.0,620.0
frostdemon,cleric,evolutionforms,final,m100,1,9.75,9.75,9.75,1.0,1.0,9.28,487.5,731.2,6240.0,9.75,1053.3,4295.8,0.245,48.6,84.6,0.01,0.078,0.078,620.0,620.0
frostdemon,cleric,evolutionforms,final,m100,3,9.75,9.75,9.75,1.0,1.0,9.28,487.5,731.2,6240.0,9.75,939.8,4295.8,0.219,87.5,261.9,0.04,0.141,0.141,620.0,620.0
frostdemon,cleric,evolutionforms,final,m100,5,9.75,9.75,9.75,1.0,1.0,9.28,487.5,731.2,6240.0,9.75,849.6,4295.8,0.198,145.8,544.1,0.09,0.235,0.235,620.0,620.0
frostdemon,cleric,evolutionforms,final,m100,7,9.75,9.75,9.75,1.0,1.0,9.28,487.5,731.2,6240.0,9.75,849.6,4295.8,0.198,184.7,806.0,0.13,0.298,0.298,620.0,620.0
frostdemon,cleric,evolutionforms,fullpower,m0,1,9.15,9.15,9.15,1.0,1.0,8.5,457.5,686.2,5856.0,9.15,1038.7,4033.0,0.258,48.2,84.6,0.01,0.078,0.078,620.0,620.0
frostdemon,cleric,evolutionforms,fullpower,m0,3,9.15,9.15,9.15,1.0,1.0,8.5,457.5,686.2,5856.0,9.15,928.0,4033.0,0.23,86.8,261.9,0.04,0.14,0.14,620.0,620.0
frostdemon,cleric,evolutionforms,fullpower,m0,5,9.15,9.15,9.15,1.0,1.0,8.5,457.5,686.2,5856.0,9.15,840.0,4033.0,0.208,144.6,544.1,0.09,0.233,0.233,620.0,620.0
frostdemon,cleric,evolutionforms,fullpower,m0,7,9.15,9.15,9.15,1.0,1.0,8.5,457.5,686.2,5856.0,9.15,840.0,4033.0,0.208,183.1,806.0,0.14,0.295,0.295,620.0,620.0
frostdemon,cleric,evolutionforms,fullpower,m100,1,13.73,13.73,13.73,1.0,1.0,12.75,686.3,1029.4,8784.0,13.73,1126.6,6037.1,0.187,50.8,84.6,0.01,0.082,0.082,620.0,620.0
frostdemon,cleric,evolutionforms,fullpower,m100,3,13.73,13.73,13.73,1.0,1.0,12.75,686.3,1029.4,8784.0,13.73,1002.2,6037.1,0.166,91.4,261.9,0.03,0.147,0.147,620.0,620.0
frostdemon,cleric,evolutionforms,fullpower,m100,5,13.73,13.73,13.73,1.0,1.0,12.75,686.3,1029.4,8784.0,13.73,900.2,6037.1,0.149,152.3,544.1,0.06,0.246,0.246,620.0,620.0
frostdemon,cleric,evolutionforms,fullpower,m100,7,13.73,13.73,13.73,1.0,1.0,12.75,686.3,1029.4,8784.0,13.73,900.2,6037.1,0.149,193.0,806.0,0.09,0.311,0.311,620.0,620.0
frostdemon,cleric,evolutionforms,fifth,m0,1,14.5,14.5,14.5,1.0,1.0,12.0,725.0,1087.5,9280.0,14.5,1134.2,6376.6,0.178,51.1,85.2,0.01,0.082,0.082,620.0,620.0
frostdemon,cleric,evolutionforms,fifth,m0,3,14.5,14.5,14.5,1.0,1.0,12.0,725.0,1087.5,9280.0,14.5,1012.0,6376.6,0.159,92.0,261.9,0.03,0.148,0.148,620.0,620.0
frostdemon,cleric,evolutionforms,fifth,m0,5,14.5,14.5,14.5,1.0,1.0,12.0,725.0,1087.5,9280.0,14.5,908.1,6376.6,0.142,153.4,544.1,0.06,0.247,0.247,620.0,620.0
frostdemon,cleric,evolutionforms,fifth,m0,7,14.5,14.5,14.5,1.0,1.0,12.0,725.0,1087.5,9280.0,14.5,908.1,6376.6,0.142,194.3,806.0,0.09,0.313,0.313,620.0,620.0
frostdemon,cleric,evolutionforms,fifth,m100,1,21.75,21.75,21.75,1.0,1.0,18.0,1087.5,1631.2,13920.0,21.75,1182.7,9552.6,0.124,53.7,88.8,0.01,0.087,0.087,620.0,620.0
frostdemon,cleric,evolutionforms,fifth,m100,3,21.75,21.75,21.75,1.0,1.0,18.0,1087.5,1631.2,13920.0,21.75,1081.7,9552.6,0.113,96.7,261.9,0.02,0.156,0.156,620.0,620.0
frostdemon,cleric,evolutionforms,fifth,m100,5,21.75,21.75,21.75,1.0,1.0,18.0,1087.5,1631.2,13920.0,21.75,964.6,9552.6,0.101,161.1,544.1,0.04,0.26,0.26,620.0,620.0
frostdemon,cleric,evolutionforms,fifth,m100,7,21.75,21.75,21.75,1.0,1.0,18.0,1087.5,1631.2,13920.0,21.75,964.6,9552.6,0.101,204.1,806.0,0.06,0.329,0.329,620.0,620.0
frostdemon,cleric,legendaryforms,golden,m0,1,8.5,8.5,8.5,1.0,1.0,7.69,425.0,637.5,5440.0,8.5,1021.7,3748.2,0.273,47.7,84.6,0.02,0.077,0.077,620.0,620.0
frostdemon,cleric,legendaryforms,golden,m0,3,8.5,8.5,8.5,1.0,1.0,7.69,425.0,637.5,5440.0,8.5,914.3,3748.2,0.244,85.9,261.9,0.05,0.139,0.139,620.0,620.0
frostdemon,cleric,legendaryforms,golden,m0,5,8.5,8.5,8.5,1.0,1.0,7.69,425.0,637.5,5440.0,8.5,828.9,3748.2,0.221,143.2,544.1,0.1,0.231,0.231,620.0,620.0
frostdemon,cleric,legendaryforms,golden,m0,7,8.5,8.5,8.5,1.0,1.0,7.69,425.0,637.5,5440.0,8.5,828.9,3748.2,0.221,181.4,806.0,0.15,0.293,0.293,620.0,620.0
frostdemon,cleric,legendaryforms,golden,m100,1,12.75,12.75,12.75,1.0,1.0,11.53,637.5,956.2,8160.0,12.75,1114.1,5610.0,0.199,50.3,84.6,0.01,0.081,0.081,620.0,620.0
frostdemon,cleric,legendaryforms,golden,m100,3,12.75,12.75,12.75,1.0,1.0,11.53,637.5,956.2,8160.0,12.75,989.0,5610.0,0.176,90.6,261.9,0.03,0.146,0.146,620.0,620.0
frostdemon,cleric,legendaryforms,golden,m100,5,12.75,12.75,12.75,1.0,1.0,11.53,637.5,956.2,8160.0,12.75,889.4,5610.0,0.159,150.9,544.1,0.07,0.243,0.243,620.0,620.0
frostdemon,cleric,legendaryforms,golden,m100,7,12.75,12.75,12.75,1.0,1.0,11.53,637.5,956.2,8160.0,12.75,889.4,5610.0,0.159,191.2,806.0,0.1,0.308,0.308,620.0,620.0
frostdemon,cleric,legendaryforms,goldenfifth,m0,1,14.75,14.75,14.0,1.0,1.0,12.31,737.5,1106.2,8960.0,14.75,1121.0,6168.1,0.182,51.2,84.6,0.01,0.083,0.083,620.0,620.0
frostdemon,cleric,legendaryforms,goldenfifth,m0,3,14.75,14.75,14.0,1.0,1.0,12.31,737.5,1106.2,8960.0,14.75,1002.3,6168.1,0.162,92.2,261.9,0.03,0.149,0.149,620.0,620.0
frostdemon,cleric,legendaryforms,goldenfifth,m0,5,14.75,14.75,14.0,1.0,1.0,12.31,737.5,1106.2,8960.0,14.75,900.2,6168.1,0.146,153.7,544.1,0.06,0.248,0.248,620.0,620.0
frostdemon,cleric,legendaryforms,goldenfifth,m0,7,14.75,14.75,14.0,1.0,1.0,12.31,737.5,1106.2,8960.0,14.75,900.2,6168.1,0.146,194.7,806.0,0.09,0.314,0.314,620.0,620.0
frostdemon,cleric,legendaryforms,goldenfifth,m100,1,22.12,22.12,21.0,1.0,1.0,18.47,1106.2,1659.4,13440.0,22.12,1168.9,9239.8,0.127,53.8,87.8,0.01,0.087,0.087,620.0,620.0
frostdemon,cleric,legendaryforms,goldenfifth,m100,3,22.12,22.12,21.0,1.0,1.0,18.47,1106.2,1659.4,13440.0,22.12,1071.2,9239.8,0.116,96.9,261.9,0.02,0.156,0.156,620.0,620.0
frostdemon,cleric,legendaryforms,goldenfifth,m100,5,22.12,22.12,21.0,1.0,1.0,18.47,1106.2,1659.4,13440.0,22.12,956.1,9239.8,0.103,161.4,544.1,0.04,0.26,0.26,620.0,620.0
frostdemon,cleric,legendaryforms,goldenfifth,m100,7,22.12,22.12,21.0,1.0,1.0,18.47,1106.2,1659.4,13440.0,22.12,956.1,9239.8,0.103,204.5,806.0,0.06,0.33,0.33,620.0,620.0
frostdemon,warrior,base,Base,m0,1,1.0,1.0,1.0,1.0,1.0,1.0,1134.0,200.0,50.0,1.0,782.1,782.1,1.0,44.9,102.2,0.09,0.06,0.06,749.0,749.0
frostdemon,warrior,base,Base,m0,3,1.0,1.0,1.0,1.0,1.0,1.0,1134.0,200.0,50.0,1.0,782.1,782.1,1.0,74.2,316.5,0.28,0.099,0.099,749.0,749.0
frostdemon,warrior,base,Base,m0,5,1.0,1.0,1.0,1.0,1.0,1.0,1134.0,200.0,50.0,1.0,782.1,782.1,1.0,123.6,657.2,0.58,0.165,0.165,749.0,749.0
frostdemon,warrior,base,Base,m0,7,1.0,1.0,1.0,1.0,1.0,1.0,1134.0,200.0,50.0,1.0,782.1,782.1,1.0,156.5,973.7,0.86,0.209,0.209,749.0,749.0
frostdemon,warrior,android_enhancement_a,metal_overdrive,m0,1,10.0,10.0,50.0,10.0,2.0,25.0,11340.0,2000.0,2500.0,50.0,1526.7,8046.0,0.19,103.7,148.8,0.01,0.07,0.095,1090.0,1478.0
frostdemon,warrior,android_enhancement_a,metal_overdrive,m0,3,10.0,10.0,50.0,10.0,2.0,25.0,11340.0,2000.0,2500.0,50.0,1496.9,8046.0,0.186,186.7,460.5,0.04,0.126,0.171,1090.0,1478.0
frostdemon,warrior,android_enhancement_a,metal_overdrive,m0,5,10.0,10.0,50.0,10.0,2.0,25.0,11340.0,2000.0,2500.0,50.0,1361.7,8046.0,0.169,311.2,956.5,0.08,0.211,0.286,1090.0,1478.0
frostdemon,warrior,android_enhancement_a,metal_overdrive,m0,7,10.0,10.0,50.0,10.0,2.0,25.0,11340.0,2000.0,2500.0,50.0,1361.7,8046.0,0.169,394.2,1417.0,0.12,0.267,0.362,1090.0,1478.0
frostdemon,warrior,android_enhancement_a,metal_overdrive,m100,1,15.0,15.0,75.0,15.0,3.0,37.5,17010.0,3000.0,3750.0,75.0,1560.5,12069.0,0.129,120.9,166.2,0.01,0.055,0.099,1217.2,2207.0
frostdemon,warrior,android_enhancement_a,metal_overdrive,m100,3,15.0,15.0,75.0,15.0,3.0,37.5,17010.0,3000.0,3750.0,75.0,1560.5,12069.0,0.129,217.7,514.3,0.03,0.099,0.179,1217.2,2207.0
frostdemon,warrior,android_enhancement_a,metal_overdrive,m100,5,15.0,15.0,75.0,15.0,3.0,37.5,17010.0,3000.0,3750.0,75.0,1424.6,12069.0,0.118,362.8,1068.1,0.06,0.164,0.298,1217.2,2207.0
frostdemon,warrior,android_enhancement_a,metal_overdrive,m100,7,15.0,15.0,75.0,15.0,3.0,37.5,17010.0,3000.0,3750.0,75.0,1424.6,12069.0,0.118,459.5,1582.4,0.09,0.208,0.377,1217.2,2207.0
frostdemon,warrior,android_enhancement_a,metal_overheat,m0,1,50.0,50.0,10.0,5.0,2.0,25.0,56700.0,10000.0,500.0,50.0,2149.3,38758.5,0.055,103.7,161.4,0.0,0.07,0.095,1090.0,1478.0
frostdemon,warrior,android_enhancement_a,metal_overheat,m0,3,50.0,50.0,10.0,5.0,2.0,25.0,56700.0,10000.0,500.0,50.0,2094.6,38758.5,0.054,186.7,460.5,0.01,0.126,0.171,1090.0,1478.0
frostdemon,warrior,android_enhancement_a,metal_overheat,m0,5,50.0,50.0,10.0,5.0,2.0,25.0,56700.0,10000.0,500.0,50.0,1846.3,38758.5,0.048,311.2,956.5,0.02,0.211,0.286,1090.0,1478.0
frostdemon,warrior,android_enhancement_a,metal_overheat,m0,7,50.0,50.0,10.0,5.0,2.0,25.0,56700.0,10000.0,500.0,50.0,1846.3,38758.5,0.048,394.2,1417.0,0.02,0.267,0.362,1090.0,1478.0
frostdemon,warrior,android_enhancement_a,metal_overheat,m100,1,75.0,75.0,15.0,7.5,3.0,37.5,85050.0,15000.0,750.0,75.0,2146.6,58137.8,0.037,120.9,166.2,0.0,0.055,0.099,1217.2,2207.0
frostdemon,warrior,android_enhancement_a,metal_overheat,m100,3,75.0,75.0,15.0,7.5,3.0,37.5,85050.0,15000.0,750.0,75.0,2146.6,58137.8,0.037,217.7,514.3,0.01,0.099,0.179,1217.2,2207.0
frostdemon,warrior,android_enhancement_a,metal_overheat,m100,5,75.0,75.0,15.0,7.5,3.0,37.5,85050.0,15000.0,750.0,75.0,1908.3,58137.8,0.033,362.8,1068.1,0.01,0.164,0.298,1217.2,2207.0
frostdemon,warrior,android_enhancement_a,metal_overheat,m100,7,75.0,75.0,15.0,7.5,3.0,37.5,85050.0,15000.0,750.0,75.0,1908.3,58137.8,0.033,459.5,1582.4,0.02,0.208,0.377,1217.2,2207.0
frostdemon,warrior,androidforms,androidbase,m0,1,1.5,1.5,2.75,2.0,2.0,2.0,1701.0,300.0,137.5,2.75,1019.6,1181.5,0.863,78.4,163.6,0.1,0.053,0.065,1198.6,1478.0
frostdemon,warrior,androidforms,androidbase,m0,3,1.5,1.5,2.75,2.0,2.0,2.0,1701.0,300.0,137.5,2.75,1088.5,1181.5,0.921,139.1,499.4,0.29,0.094,0.118,1182.1,1478.0
frostdemon,warrior,androidforms,androidbase,m0,5,1.5,1.5,2.75,2.0,2.0,2.0,1701.0,300.0,137.5,2.75,937.6,1181.5,0.794,229.3,1025.8,0.6,0.155,0.196,1169.0,1478.0
frostdemon,warrior,androidforms,androidbase,m0,7,1.5,1.5,2.75,2.0,2.0,2.0,1701.0,300.0,137.5,2.75,937.6,1181.5,0.794,290.5,1519.7,0.89,0.197,0.248,1169.0,1478.0
frostdemon,warrior,androidforms,androidbase,m100,1,2.25,2.25,4.12,3.0,3.0,3.0,2551.5,450.0,206.2,4.12,1251.9,1772.3,0.706,108.5,213.0,0.08,0.049,0.07,1560.3,2207.0
frostdemon,warrior,androidforms,androidbase,m100,3,2.25,2.25,4.12,3.0,3.0,3.0,2551.5,450.0,206.2,4.12,1388.2,1772.3,0.783,191.6,646.8,0.25,0.087,0.125,1530.8,2207.0
frostdemon,warrior,androidforms,androidbase,m100,5,2.25,2.25,4.12,3.0,3.0,3.0,2551.5,450.0,206.2,4.12,1089.8,1772.3,0.615,314.5,1322.6,0.52,0.143,0.209,1507.3,2207.0
frostdemon,warrior,androidforms,androidbase,m100,7,2.25,2.25,4.12,3.0,3.0,3.0,2551.5,450.0,206.2,4.12,1089.8,1772.3,0.615,398.4,1959.5,0.77,0.181,0.264,1507.3,2207.0
frostdemon,warrior,androidforms,mecha,m0,1,9.0,9.0,14.5,2.0,2.0,13.0,10206.0,1800.0,725.0,14.5,1738.0,7050.9,0.246,95.5,158.1,0.02,0.065,0.082,1158.0,1478.0
frostdemon,warrior,androidforms,mecha,m0,3,9.0,9.0,14.5,2.0,2.0,13.0,10206.0,1800.0,725.0,14.5,1564.0,7050.9,0.222,171.9,489.2,0.05,0.116,0.148,1158.0,1478.0
frostdemon,warrior,androidforms,mecha,m0,5,9.0,9.0,14.5,2.0,2.0,13.0,10206.0,1800.0,725.0,14.5,1416.1,7050.9,0.201,286.5,1016.1,0.1,0.194,0.247,1158.0,1478.0
frostdemon,warrior,androidforms,mecha,m0,7,9.0,9.0,14.5,2.0,2.0,13.0,10206.0,1800.0,725.0,14.5,1416.1,7050.9,0.201,362.8,1505.3,0.15,0.246,0.313,1158.0,1478.0
frostdemon,warrior,androidforms,mecha,m100,1,13.5,13.5,21.75,3.0,3.0,19.5,15309.0,2700.0,1087.5,21.75,1825.9,10576.4,0.173,119.3,188.0,0.01,0.054,0.087,1377.6,2207.0
frostdemon,warrior,androidforms,mecha,m100,3,13.5,13.5,21.75,3.0,3.0,19.5,15309.0,2700.0,1087.5,21.75,1679.4,10576.4,0.159,214.8,582.0,0.04,0.097,0.156,1377.6,2207.0
frostdemon,warrior,androidforms,mecha,m100,5,13.5,13.5,21.75,3.0,3.0,19.5,15309.0,2700.0,1087.5,21.75,1509.7,10576.4,0.143,358.0,1208.8,0.08,0.162,0.26,1377.6,2207.0
frostdemon,warrior,androidforms,mecha,m100,7,13.5,13.5,21.75,3.0,3.0,19.5,15309.0,2700.0,1087.5,21.75,1509.7,10576.4,0.143,453.5,1790.8,0.12,0.205,0.329,1377.6,2207.0
frostdemon,warrior,androidforms,metal,m0,1,19.0,19.0,23.0,2.0,2.0,23.0,21546.0,3800.0,1150.0,23.0,1973.5,14836.5,0.133,98.8,154.6,0.01,0.067,0.087,1132.6,1478.0
frostdemon,warrior,androidforms,metal,m0,3,19.0,19.0,23.0,2.0,2.0,23.0,21546.0,3800.0,1150.0,23.0,1813.6,14836.5,0.122,177.8,478.5,0.02,0.12,0.157,1132.6,1478.0
frostdemon,warrior,androidforms,metal,m0,5,19.0,19.0,23.0,2.0,2.0,23.0,21546.0,3800.0,1150.0,23.0,1618.4,14836.5,0.109,296.3,993.9,0.05,0.2,0.262,1132.6,1478.0
frostdemon,warrior,androidforms,metal,m0,7,19.0,19.0,23.0,2.0,2.0,23.0,21546.0,3800.0,1150.0,23.0,1618.4,14836.5,0.109,375.3,1472.4,0.07,0.254,0.331,1132.6,1478.0
frostdemon,warrior,androidforms,metal,m100,1,28.5,28.5,34.5,3.0,3.0,34.5,32319.0,5700.0,1725.0,34.5,2031.5,22254.8,0.091,120.1,179.5,0.01,0.054,0.091,1314.7,2207.0
frostdemon,warrior,androidforms,metal,m100,3,28.5,28.5,34.5,3.0,3.0,34.5,32319.0,5700.0,1725.0,34.5,1922.2,22254.8,0.086,216.2,555.5,0.02,0.098,0.164,1314.7,2207.0
frostdemon,warrior,androidforms,metal,m100,5,28.5,28.5,34.5,3.0,3.0,34.5,32319.0,5700.0,1725.0,34.5,1706.5,22254.8,0.077,360.3,1153.7,0.04,0.163,0.274,1314.7,2207.0
frostdemon,warrior,androidforms,metal,m100,7,28.5,28.5,34.5,3.0,3.0,34.5,32319.0,5700.0,1725.0,34.5,1706.5,22254.8,0.077,456.4,1709.1,0.05,0.207,0.347,1314.7,2207.0
frostdemon,warrior,arcosian_god,black,m0,1,1.0,1.0,1.0,1.0,1.0,1.0,1134.0,200.0,50.0,1.0,782.1,782.1,1.0,44.9,102.2,0.09,0.06,0.06,749.0,749.0
frostdemon,warrior,arcosian_god,black,m0,3,1.0,1.0,1.0,1.0,1.0,1.0,1134.0,200.0,50.0,1.0,782.1,782.1,1.0,74.2,316.5,0.28,0.099,0.099,749.0,749.0
frostdemon,warrior,arcosian_god,black,m0,5,1.0,1.0,1.0,1.0,1.0,1.0,1134.0,200.0,50.0,1.0,782.1,782.1,1.0,123.6,657.2,0.58,0.165,0.165,749.0,749.0
frostdemon,warrior,arcosian_god,black,m0,7,1.0,1.0,1.0,1.0,1.0,1.0,1134.0,200.0,50.0,1.0,782.1,782.1,1.0,156.5,973.7,0.86,0.209,0.209,749.0,749.0
frostdemon,warrior,arcosian_god,black,m100,1,1.0,1.0,1.0,1.0,1.0,1.0,1134.0,200.0,50.0,1.0,782.1,782.1,1.0,44.9,102.2,0.09,0.06,0.06,749.0,749.0
frostdemon,warrior,arcosian_god,black,m100,3,1.0,1.0,1.0,1.0,1.0,1.0,1134.0,200.0,50.0,1.0,782.1,782.1,1.0,74.2,316.5,0.28,0.099,0.099,749.0,749.0
frostdemon,warrior,arcosian_god,black,m100,5,1.0,1.0,1.0,1.0,1.0,1.0,1134.0,200.0,50.0,1.0,782.1,782.1,1.0,123.6,657.2,0.58,0.165,0.165,749.0,749.0
frostdemon,warrior,arcosian_god,black,m100,7,1.0,1.0,1.0,1.0,1.0,1.0,1134.0,200.0,50.0,1.0,782.1,782.1,1.0,156.5,973.7,0.86,0.209,0.209,749.0,749.0
frostdemon,warrior,arcosian_god,black_2,m0,1,1.0,1.0,1.0,1.0,1.0,1.0,1134.0,200.0,50.0,1.0,782.1,782.1,1.0,44.9,102.2,0.09,0.06,0.06,749.0,749.0
frostdemon,warrior,arcosian_god,black_2,m0,3,1.0,1.0,1.0,1.0,1.0,1.0,1134.0,200.0,50.0,1.0,782.1,782.1,1.0,74.2,316.5,0.28,0.099,0.099,749.0,749.0
frostdemon,warrior,arcosian_god,black_2,m0,5,1.0,1.0,1.0,1.0,1.0,1.0,1134.0,200.0,50.0,1.0,782.1,782.1,1.0,123.6,657.2,0.58,0.165,0.165,749.0,749.0
frostdemon,warrior,arcosian_god,black_2,m0,7,1.0,1.0,1.0,1.0,1.0,1.0,1134.0,200.0,50.0,1.0,782.1,782.1,1.0,156.5,973.7,0.86,0.209,0.209,749.0,749.0
frostdemon,warrior,arcosian_god,black_2,m100,1,1.0,1.0,1.0,1.0,1.0,1.0,1134.0,200.0,50.0,1.0,782.1,782.1,1.0,44.9,102.2,0.09,0.06,0.06,749.0,749.0
frostdemon,warrior,arcosian_god,black_2,m100,3,1.0,1.0,1.0,1.0,1.0,1.0,1134.0,200.0,50.0,1.0,782.1,782.1,1.0,74.2,316.5,0.28,0.099,0.099,749.0,749.0
frostdemon,warrior,arcosian_god,black_2,m100,5,1.0,1.0,1.0,1.0,1.0,1.0,1134.0,200.0,50.0,1.0,782.1,782.1,1.0,123.6,657.2,0.58,0.165,0.165,749.0,749.0
frostdemon,warrior,arcosian_god,black_2,m100,7,1.0,1.0,1.0,1.0,1.0,1.0,1134.0,200.0,50.0,1.0,782.1,782.1,1.0,156.5,973.7,0.86,0.209,0.209,749.0,749.0
frostdemon,warrior,evolutionforms,second,m0,1,2.65,2.65,2.65,1.0,1.0,2.38,3005.1,530.0,132.5,2.65,1353.8,2068.1,0.655,48.7,102.2,0.03,0.065,0.065,749.0,749.0
frostdemon,warrior,evolutionforms,second,m0,3,2.65,2.65,2.65,1.0,1.0,2.38,3005.1,530.0,132.5,2.65,1519.6,2068.1,0.735,87.6,316.5,0.11,0.117,0.117,749.0,749.0
frostdemon,warrior,evolutionforms,second,m0,5,2.65,2.65,2.65,1.0,1.0,2.38,3005.1,530.0,132.5,2.65,1156.5,2068.1,0.559,146.1,657.2,0.22,0.195,0.195,749.0,749.0
frostdemon,warrior,evolutionforms,second,m0,7,2.65,2.65,2.65,1.0,1.0,2.38,3005.1,530.0,132.5,2.65,1156.5,2068.1,0.559,185.0,973.7,0.32,0.247,0.247,749.0,749.0
frostdemon,warrior,evolutionforms,second,m100,1,3.97,3.97,3.97,1.0,1.0,3.56,4507.6,795.0,198.7,3.97,1671.6,3100.8,0.539,51.8,125.5,0.03,0.069,0.069,749.0,749.0
frostdemon,warrior,evolutionforms,second,m100,3,3.97,3.97,3.97,1.0,1.0,3.56,4507.6,795.0,198.7,3.97,1929.7,3100.8,0.622,93.3,366.9,0.08,0.125,0.125,749.0,749.0
frostdemon,warrior,evolutionforms,second,m100,5,3.97,3.97,3.97,1.0,1.0,3.56,4507.6,795.0,198.7,3.97,1364.7,3100.8,0.44,155.4,657.2,0.15,0.208,0.208,749.0,749.0
frostdemon,warrior,evolutionforms,second,m100,7,3.97,3.97,3.97,1.0,1.0,3.56,4507.6,795.0,198.7,3.97,1364.7,3100.8,0.44,196.9,973.7,0.22,0.263,0.263,749.0,749.0
frostdemon,warrior,evolutionforms,third,m0,1,4.1,4.1,4.1,1.0,1.0,3.81,4649.4,820.0,205.0,4.1,1699.5,3198.2,0.531,52.0,127.6,0.03,0.069,0.069,749.0,749.0
frostdemon,warrior,evolutionforms,third,m0,3,4.1,4.1,4.1,1.0,1.0,3.81,4649.4,820.0,205.0,4.1,1965.7,3198.2,0.615,93.7,373.7,0.08,0.125,0.125,749.0,749.0
frostdemon,warrior,evolutionforms,third,m0,5,4.1,4.1,4.1,1.0,1.0,3.81,4649.4,820.0,205.0,4.1,1383.0,3198.2,0.432,156.1,657.2,0.14,0.208,0.208,749.0,749.0
frostdemon,warrior,evolutionforms,third,m0,7,4.1,4.1,4.1,1.0,1.0,3.81,4649.4,820.0,205.0,4.1,1383.0,3198.2,0.432,197.8,973.7,0.21,0.264,0.264,749.0,749.0
frostdemon,warrior,evolutionforms,third,m100,1,6.15,6.15,6.15,1.0,1.0,5.72,6974.1,1230.0,307.5,6.15,1642.6,4796.0,0.342,55.2,123.3,0.02,0.074,0.074,749.0,749.0
frostdemon,warrior,evolutionforms,third,m100,3,6.15,6.15,6.15,1.0,1.0,5.72,6974.1,1230.0,307.5,6.15,1477.2,4796.0,0.308,99.3,316.5,0.05,0.133,0.133,749.0,749.0
frostdemon,warrior,evolutionforms,third,m100,5,6.15,6.15,6.15,1.0,1.0,5.72,6974.1,1230.0,307.5,6.15,1345.7,4796.0,0.281,165.5,657.2,0.09,0.221,0.221,749.0,749.0
frostdemon,warrior,evolutionforms,third,m100,7,6.15,6.15,6.15,1.0,1.0,5.72,6974.1,1230.0,307.5,6.15,1345.7,4796.0,0.281,209.6,973.7,0.14,0.28,0.28,749.0,749.0
frostdemon,warrior,evolutionforms,final,m0,1,6.5,6.5,6.5,1.0,1.0,6.19,7371.0,1300.0,325.0,6.5,1665.6,5068.8,0.329,55.6,125.0,0.02,0.074,0.074,749.0,749.0
frostdemon,warrior,evolutionforms,final,m0,3,6.5,6.5,6.5,1.0,1.0,6.19,7371.0,1300.0,325.0,6.5,1495.8,5068.8,0.295,100.1,316.5,0.04,0.134,0.134,749.0,749.0
frostdemon,warrior,evolutionforms,final,m0,5,6.5,6.5,6.5,1.0,1.0,6.19,7371.0,1300.0,325.0,6.5,1360.8,5068.8,0.268,166.8,657.2,0.09,0.223,0.223,749.0,749.0
frostdemon,warrior,evolutionforms,final,m0,7,6.5,6.5,6.5,1.0,1.0,6.19,7371.0,1300.0,325.0,6.5,1360.8,5068.8,0.268,211.3,973.7,0.13,0.282,0.282,749.0,749.0
frostdemon,warrior,evolutionforms,final,m100,1,9.75,9.75,9.75,1.0,1.0,9.28,11056.5,1950.0,487.5,9.75,1832.8,7601.9,0.241,58.7,137.6,0.01,0.078,0.078,749.0,749.0
frostdemon,warrior,evolutionforms,final,m100,3,9.75,9.75,9.75,1.0,1.0,9.28,11056.5,1950.0,487.5,9.75,1630.9,7601.9,0.215,105.7,316.5,0.03,0.141,0.141,749.0,749.0
frostdemon,warrior,evolutionforms,final,m100,5,9.75,9.75,9.75,1.0,1.0,9.28,11056.5,1950.0,487.5,9.75,1470.3,7601.9,0.193,176.1,657.2,0.06,0.235,0.235,749.0,749.0
frostdemon,warrior,evolutionforms,final,m100,7,9.75,9.75,9.75,1.0,1.0,9.28,11056.5,1950.0,487.5,9.75,1470.3,7601.9,0.193,223.1,973.7,0.09,0.298,0.298,749.0,749.0
frostdemon,warrior,evolutionforms,fullpower,m0,1,9.15,9.15,9.15,1.0,1.0,8.5,10376.1,1830.0,457.5,9.15,1806.8,7134.2,0.253,58.2,135.6,0.01,0.078,0.078,749.0,749.0
frostdemon,warrior,evolutionforms,fullpower,m0,3,9.15,9.15,9.15,1.0,1.0,8.5,10376.1,1830.0,457.5,9.15,1609.9,7134.2,0.226,104.8,316.5,0.03,0.14,0.14,749.0,749.0
frostdemon,warrior,evolutionforms,fullpower,m0,5,9.15,9.15,9.15,1.0,1.0,8.5,10376.1,1830.0,457.5,9.15,1453.3,7134.2,0.204,174.7,657.2,0.06,0.233,0.233,749.0,749.0
frostdemon,warrior,evolutionforms,fullpower,m0,7,9.15,9.15,9.15,1.0,1.0,8.5,10376.1,1830.0,457.5,9.15,1453.3,7134.2,0.204,221.2,973.7,0.09,0.295,0.295,749.0,749.0
frostdemon,warrior,evolutionforms,fullpower,m100,1,13.73,13.73,13.73,1.0,1.0,12.75,15564.2,2745.0,686.3,13.73,1963.1,10700.0,0.183,61.3,146.9,0.01,0.082,0.082,749.0,749.0
frostdemon,warrior,evolutionforms,fullpower,m100,3,13.73,13.73,13.73,1.0,1.0,12.75,15564.2,2745.0,686.3,13.73,1741.9,10700.0,0.163,110.4,331.2,0.02,0.147,0.147,749.0,749.0
frostdemon,warrior,evolutionforms,fullpower,m100,5,13.73,13.73,13.73,1.0,1.0,12.75,15564.2,2745.0,686.3,13.73,1560.3,10700.0,0.146,184.0,657.2,0.04,0.246,0.246,749.0,749.0
frostdemon,warrior,evolutionforms,fullpower,m100,7,13.73,13.73,13.73,1.0,1.0,12.75,15564.2,2745.0,686.3,13.73,1560.3,10700.0,0.146,233.1,973.7,0.06,0.311,0.311,749.0,749.0
frostdemon,warrior,evolutionforms,fifth,m0,1,14.5,14.5,14.5,1.0,1.0,12.0,16443.0,2900.0,725.0,14.5,1976.7,11304.0,0.175,61.8,147.3,0.01,0.082,0.082,749.0,749.0
frostdemon,warrior,evolutionforms,fifth,m0,3,14.5,14.5,14.5,1.0,1.0,12.0,16443.0,2900.0,725.0,14.5,1759.4,11304.0,0.156,111.2,334.5,0.02,0.148,0.148,749.0,749.0
frostdemon,warrior,evolutionforms,fifth,m0,5,14.5,14.5,14.5,1.0,1.0,12.0,16443.0,2900.0,725.0,14.5,1574.5,11304.0,0.139,185.3,657.2,0.04,0.247,0.247,749.0,749.0
frostdemon,warrior,evolutionforms,fifth,m0,7,14.5,14.5,14.5,1.0,1.0,12.0,16443.0,2900.0,725.0,14.5,1574.5,11304.0,0.139,234.7,973.7,0.06,0.313,0.313,749.0,749.0
frostdemon,warrior,evolutionforms,fifth,m100,1,21.75,21.75,21.75,1.0,1.0,18.0,24664.5,4350.0,1087.5,21.75,2063.0,16954.7,0.122,64.9,150.3,0.01,0.087,0.087,749.0,749.0
frostdemon,warrior,evolutionforms,fifth,m100,3,21.75,21.75,21.75,1.0,1.0,18.0,24664.5,4350.0,1087.5,21.75,1883.3,16954.7,0.111,116.8,358.1,0.01,0.156,0.156,749.0,749.0
frostdemon,warrior,evolutionforms,fifth,m100,5,21.75,21.75,21.75,1.0,1.0,18.0,24664.5,4350.0,1087.5,21.75,1674.9,16954.7,0.099,194.6,657.2,0.03,0.26,0.26,749.0,749.0
frostdemon,warrior,evolutionforms,fifth,m100,7,21.75,21.75,21.75,1.0,1.0,18.0,24664.5,4350.0,1087.5,21.75,1674.9,16954.7,0.099,246.6,973.7,0.04,0.329,0.329,749.0,749.0
frostdemon,warrior,legendaryforms,golden,m0,1,8.5,8.5,8.5,1.0,1.0,7.69,9639.0,1700.0,425.0,8.5,1776.5,6627.6,0.268,57.7,133.4,0.01,0.077,0.077,749.0,749.0
frostdemon,warrior,legendaryforms,golden,m0,3,8.5,8.5,8.5,1.0,1.0,7.69,9639.0,1700.0,425.0,8.5,1585.5,6627.6,0.239,103.8,316.5,0.03,0.139,0.139,749.0,749.0
frostdemon,warrior,legendaryforms,golden,m0,5,8.5,8.5,8.5,1.0,1.0,7.69,9639.0,1700.0,425.0,8.5,1433.5,6627.6,0.216,173.0,657.2,0.07,0.231,0.231,749.0,749.0
frostdemon,warrior,legendaryforms,golden,m0,7,8.5,8.5,8.5,1.0,1.0,7.69,9639.0,1700.0,425.0,8.5,1433.5,6627.6,0.216,219.1,973.7,0.1,0.293,0.293,749.0,749.0
frostdemon,warrior,legendaryforms,golden,m100,1,12.75,12.75,12.75,1.0,1.0,11.53,14458.5,2550.0,637.5,12.75,1941.0,9940.1,0.195,60.8,145.7,0.01,0.081,0.081,749.0,749.0
frostdemon,warrior,legendaryforms,golden,m100,3,12.75,12.75,12.75,1.0,1.0,11.53,14458.5,2550.0,637.5,12.75,1718.3,9940.1,0.173,109.4,326.7,0.02,0.146,0.146,749.0,749.0
frostdemon,warrior,legendaryforms,golden,m100,5,12.75,12.75,12.75,1.0,1.0,11.53,14458.5,2550.0,637.5,12.75,1541.2,9940.1,0.155,182.3,657.2,0.05,0.243,0.243,749.0,749.0
frostdemon,warrior,legendaryforms,golden,m100,7,12.75,12.75,12.75,1.0,1.0,11.53,14458.5,2550.0,637.5,12.75,1541.2,9940.1,0.155,230.9,973.7,0.07,0.308,0.308,749.0,749.0
frostdemon,warrior,legendaryforms,goldenfifth,m0,1,14.75,14.75,14.0,1.0,1.0,12.31,16726.5,2950.0,700.0,14.75,1980.7,11494.6,0.172,61.9,147.4,0.01,0.083,0.083,749.0,749.0
frostdemon,warrior,legendaryforms,goldenfifth,m0,3,14.75,14.75,14.0,1.0,1.0,12.31,16726.5,2950.0,700.0,14.75,1764.6,11494.6,0.154,111.4,335.5,0.02,0.149,0.149,749.0,749.0
frostdemon,warrior,legendaryforms,goldenfifth,m0,5,14.75,14.75,14.0,1.0,1.0,12.31,16726.5,2950.0,700.0,14.75,1578.7,11494.6,0.137,185.7,657.2,0.04,0.248,0.248,749.0,749.0
frostdemon,warrior,legendaryforms,goldenfifth,m0,7,14.75,14.75,14.0,1.0,1.0,12.31,16726.5,2950.0,700.0,14.75,1578.7,11494.6,0.137,235.2,973.7,0.06,0.314,0.314,749.0,749.0
frostdemon,warrior,legendaryforms,goldenfifth,m100,1,22.12,22.12,21.0,1.0,1.0,18.47,25089.8,4425.0,1050.0,22.12,2065.8,17240.6,0.12,65.0,150.4,0.01,0.087,0.087,749.0,749.0
frostdemon,warrior,legendaryforms,goldenfifth,m100,3,22.12,22.12,21.0,1.0,1.0,18.47,25089.8,4425.0,1050.0,22.12,1888.1,17240.6,0.11,117.0,359.0,0.01,0.156,0.156,749.0,749.0
frostdemon,warrior,legendaryforms,goldenfifth,m100,5,22.12,22.12,21.0,1.0,1.0,18.47,25089.8,4425.0,1050.0,22.12,1678.8,17240.6,0.097,195.0,657.2,0.03,0.26,0.26,749.0,749.0
frostdemon,warrior,legendaryforms,goldenfifth,m100,7,22.12,22.12,21.0,1.0,1.0,18.47,25089.8,4425.0,1050.0,22.12,1678.8,17240.6,0.097,247.1,973.7,0.04,0.33,0.33,749.0,749.0
frostdemon,berserker,base,Base,m0,1,1.0,1.0,1.0,1.0,1.0,1.0,1547.0,120.0,20.0,1.0,1042.4,1042.4,1.0,93.0,211.6,0.14,0.06,0.06,1550.0,1550.0
frostdemon,berserker,base,Base,m0,3,1.0,1.0,1.0,1.0,1.0,1.0,1547.0,120.0,20.0,1.0,1042.4,1042.4,1.0,153.5,654.9,0.42,0.099,0.099,1550.0,1550.0
frostdemon,berserker,base,Base,m0,5,1.0,1.0,1.0,1.0,1.0,1.0,1547.0,120.0,20.0,1.0,1042.4,1042.4,1.0,255.8,1360.1,0.88,0.165,0.165,1550.0,1550.0
frostdemon,berserker,base,Base,m0,7,1.0,1.0,1.0,1.0,1.0,1.0,1547.0,120.0,20.0,1.0,1042.4,1042.4,1.0,324.0,2015.0,1.3,0.209,0.209,1550.0,1550.0
frostdemon,berserker,android_enhancement_a,metal_overdrive,m0,1,10.0,10.0,50.0,10.0,2.0,25.0,15470.0,1200.0,1000.0,50.0,2030.5,10513.9,0.193,216.2,310.0,0.02,0.07,0.095,2271.4,3080.0
frostdemon,berserker,android_enhancement_a,metal_overdrive,m0,3,10.0,10.0,50.0,10.0,2.0,25.0,15470.0,1200.0,1000.0,50.0,1991.1,10513.9,0.189,389.1,959.7,0.06,0.126,0.171,2271.4,3080.0
frostdemon,berserker,android_enhancement_a,metal_overdrive,m0,5,10.0,10.0,50.0,10.0,2.0,25.0,15470.0,1200.0,1000.0,50.0,1811.6,10513.9,0.172,648.5,1993.1,0.13,0.211,0.286,2271.4,3080.0
frostdemon,berserker,android_enhancement_a,metal_overdrive,m0,7,10.0,10.0,50.0,10.0,2.0,25.0,15470.0,1200.0,1000.0,50.0,1811.6,10513.9,0.172,821.5,2952.8,0.19,0.267,0.362,2271.4,3080.0
frostdemon,berserker,android_enhancement_a,metal_overdrive,m100,1,15.0,15.0,75.0,15.0,3.0,37.5,23205.0,1800.0,1500.0,75.0,2075.9,15770.9,0.132,252.6,347.1,0.01,0.055,0.099,2542.6,4610.0
frostdemon,berserker,android_enhancement_a,metal_overdrive,m100,3,15.0,15.0,75.0,15.0,3.0,37.5,23205.0,1800.0,1500.0,75.0,2075.9,15770.9,0.132,454.6,1074.2,0.05,0.099,0.179,2542.6,4610.0
frostdemon,berserker,android_enhancement_a,metal_overdrive,m100,5,15.0,15.0,75.0,15.0,3.0,37.5,23205.0,1800.0,1500.0,75.0,1895.4,15770.9,0.12,757.7,2231.1,0.1,0.164,0.298,2542.6,4610.0
frostdemon,berserker,android_enhancement_a,metal_overdrive,m100,7,15.0,15.0,75.0,15.0,3.0,37.5,23205.0,1800.0,1500.0,75.0,1895.4,15770.9,0.12,959.8,3305.3,0.14,0.208,0.377,2542.6,4610.0
frostdemon,berserker,android_enhancement_a,metal_overheat,m0,1,50.0,50.0,10.0,5.0,2.0,25.0,77350.0,6000.0,200.0,50.0,2870.8,51950.7,0.055,216.2,310.0,0.0,0.07,0.095,2271.4,3080.0
frostdemon,berserker,android_enhancement_a,metal_overheat,m0,3,50.0,50.0,10.0,5.0,2.0,25.0,77350.0,6000.0,200.0,50.0,2797.7,51950.7,0.054,389.1,959.7,0.01,0.126,0.171,2271.4,3080.0
frostdemon,berserker,android_enhancement_a,metal_overheat,m0,5,50.0,50.0,10.0,5.0,2.0,25.0,77350.0,6000.0,200.0,50.0,2465.6,51950.7,0.047,648.5,1993.1,0.03,0.211,0.286,2271.4,3080.0
frostdemon,berserker,android_enhancement_a,metal_overheat,m0,7,50.0,50.0,10.0,5.0,2.0,25.0,77350.0,6000.0,200.0,50.0,2465.6,51950.7,0.047,821.5,2952.8,0.04,0.267,0.362,2271.4,3080.0
frostdemon,berserker,android_enhancement_a,metal_overheat,m100,1,75.0,75.0,15.0,7.5,3.0,37.5,116025.0,9000.0,300.0,75.0,2866.9,77926.0,0.037,252.6,347.1,0.0,0.055,0.099,2542.6,4610.0
frostdemon,berserker,android_enhancement_a,metal_overheat,m100,3,75.0,75.0,15.0,7.5,3.0,37.5,116025.0,9000.0,300.0,75.0,2866.9,77926.0,0.037,454.6,1074.2,0.01,0.099,0.179,2542.6,4610.0
frostdemon,berserker,android_enhancement_a,metal_overheat,m100,5,75.0,75.0,15.0,7.5,3.0,37.5,116025.0,9000.0,300.0,75.0,2548.2,77926.0,0.033,757.7,2231.1,0.02,0.164,0.298,2542.6,4610.0
frostdemon,berserker,android_enhancement_a,metal_overheat,m100,7,75.0,75.0,15.0,7.5,3.0,37.5,116025.0,9000.0,300.0,75.0,2548.2,77926.0,0.033,959.8,3305.3,0.03,0.208,0.377,2542.6,4610.0
frostdemon,berserker,androidforms,androidbase,m0,1,1.5,1.5,2.75,2.0,2.0,2.0,2320.5,180.0,55.0,2.75,1356.1,1567.3,0.865,163.3,340.9,0.15,0.053,0.065,2497.7,3080.0
frostdemon,berserker,androidforms,androidbase,m0,3,1.5,1.5,2.75,2.0,2.0,2.0,2320.5,180.0,55.0,2.75,1447.1,1567.3,0.923,289.9,1040.8,0.45,0.094,0.118,2463.4,3080.0
frostdemon,berserker,androidforms,androidbase,m0,5,1.5,1.5,2.75,2.0,2.0,2.0,2320.5,180.0,55.0,2.75,1247.9,1567.3,0.796,477.9,2137.7,0.92,0.155,0.196,2436.1,3080.0
frostdemon,berserker,androidforms,androidbase,m0,7,1.5,1.5,2.75,2.0,2.0,2.0,2320.5,180.0,55.0,2.75,1247.9,1567.3,0.796,605.3,3167.0,1.36,0.197,0.248,2436.1,3080.0
frostdemon,berserker,androidforms,androidbase,m100,1,2.25,2.25,4.12,3.0,3.0,3.0,3480.8,270.0,82.5,4.12,1665.0,2350.9,0.708,226.7,444.9,0.13,0.049,0.07,3259.2,4610.0
frostdemon,berserker,androidforms,androidbase,m100,3,2.25,2.25,4.12,3.0,3.0,3.0,3480.8,270.0,82.5,4.12,1845.7,2350.9,0.785,400.3,1350.9,0.39,0.087,0.125,3197.5,4610.0
frostdemon,berserker,androidforms,androidbase,m100,5,2.25,2.25,4.12,3.0,3.0,3.0,3480.8,270.0,82.5,4.12,1450.2,2350.9,0.617,656.9,2762.8,0.79,0.143,0.209,3148.4,4610.0
frostdemon,berserker,androidforms,androidbase,m100,7,2.25,2.25,4.12,3.0,3.0,3.0,3480.8,270.0,82.5,4.12,1450.2,2350.9,0.617,832.1,4093.0,1.18,0.181,0.264,3148.4,4610.0
frostdemon,berserker,androidforms,mecha,m0,1,9.0,9.0,14.5,2.0,2.0,13.0,13923.0,1080.0,290.0,14.5,2316.1,9381.6,0.247,199.0,329.4,0.02,0.065,0.082,2413.1,3080.0
frostdemon,berserker,androidforms,mecha,m0,3,9.0,9.0,14.5,2.0,2.0,13.0,13923.0,1080.0,290.0,14.5,2084.3,9381.6,0.222,358.2,1019.5,0.07,0.116,0.148,2413.1,3080.0
frostdemon,berserker,androidforms,mecha,m0,5,9.0,9.0,14.5,2.0,2.0,13.0,13923.0,1080.0,290.0,14.5,1887.2,9381.6,0.201,597.0,2117.5,0.15,0.194,0.247,2413.1,3080.0
frostdemon,berserker,androidforms,mecha,m0,7,9.0,9.0,14.5,2.0,2.0,13.0,13923.0,1080.0,290.0,14.5,1887.2,9381.6,0.201,756.1,3137.0,0.23,0.246,0.313,2413.1,3080.0
frostdemon,berserker,androidforms,mecha,m100,1,13.5,13.5,21.75,3.0,3.0,19.5,20884.5,1620.0,435.0,21.75,2433.3,14072.4,0.173,249.3,392.8,0.02,0.054,0.087,2877.5,4610.0
frostdemon,berserker,androidforms,mecha,m100,3,13.5,13.5,21.75,3.0,3.0,19.5,20884.5,1620.0,435.0,21.75,2238.1,14072.4,0.159,448.7,1215.7,0.06,0.097,0.156,2877.5,4610.0
frostdemon,berserker,androidforms,mecha,m100,5,13.5,13.5,21.75,3.0,3.0,19.5,20884.5,1620.0,435.0,21.75,2011.9,14072.4,0.143,747.8,2525.0,0.12,0.162,0.26,2877.5,4610.0
frostdemon,berserker,androidforms,mecha,m100,7,13.5,13.5,21.75,3.0,3.0,19.5,20884.5,1620.0,435.0,21.75,2011.9,14072.4,0.143,947.2,3740.7,0.18,0.205,0.329,2877.5,4610.0
frostdemon,berserker,androidforms,metal,m0,1,19.0,19.0,23.0,2.0,2.0,23.0,29393.0,2280.0,460.0,23.0,2631.6,19784.6,0.133,205.8,322.2,0.01,0.067,0.087,2360.3,3080.0
frostdemon,berserker,androidforms,metal,m0,3,19.0,19.0,23.0,2.0,2.0,23.0,29393.0,2280.0,460.0,23.0,2418.2,19784.6,0.122,370.5,997.2,0.03,0.12,0.157,2360.3,3080.0
frostdemon,berserker,androidforms,metal,m0,5,19.0,19.0,23.0,2.0,2.0,23.0,29393.0,2280.0,460.0,23.0,2157.9,19784.6,0.109,617.4,2071.1,0.07,0.2,0.262,2360.3,3080.0
frostdemon,berserker,androidforms,metal,m0,7,19.0,19.0,23.0,2.0,2.0,23.0,29393.0,2280.0,460.0,23.0,2157.9,19784.6,0.109,782.1,3068.3,0.1,0.254,0.331,2360.3,3080.0
frostdemon,berserker,androidforms,metal,m100,1,28.5,28.5,34.5,3.0,3.0,34.5,44089.5,3420.0,690.0,34.5,2708.8,29676.9,0.091,250.9,374.9,0.01,0.054,0.091,2746.2,4610.0
frostdemon,berserker,androidforms,metal,m100,3,28.5,28.5,34.5,3.0,3.0,34.5,44089.5,3420.0,690.0,34.5,2563.1,29676.9,0.086,451.6,1160.3,0.03,0.098,0.164,2746.2,4610.0
frostdemon,berserker,androidforms,metal,m100,5,28.5,28.5,34.5,3.0,3.0,34.5,44089.5,3420.0,690.0,34.5,2275.4,29676.9,0.077,752.7,2409.8,0.05,0.163,0.274,2746.2,4610.0
frostdemon,berserker,androidforms,metal,m100,7,28.5,28.5,34.5,3.0,3.0,34.5,44089.5,3420.0,690.0,34.5,2275.4,29676.9,0.077,953.4,3570.0,0.08,0.207,0.347,2746.2,4610.0
frostdemon,berserker,arcosian_god,black,m0,1,1.0,1.0,1.0,1.0,1.0,1.0,1547.0,120.0,20.0,1.0,1042.4,1042.4,1.0,93.0,211.6,0.14,0.06,0.06,1550.0,1550.0
frostdemon,berserker,arcosian_god,black,m0,3,1.0,1.0,1.0,1.0,1.0,1.0,1547.0,120.0,20.0,1.0,1042.4,1042.4,1.0,153.5,654.9,0.42,0.099,0.099,1550.0,1550.0
frostdemon,berserker,arcosian_god,black,m0,5,1.0,1.0,1.0,1.0,1.0,1.0,1547.0,120.0,20.0,1.0,1042.4,1042.4,1.0,255.8,1360.1,0.88,0.165,0.165,1550.0,1550.0
frostdemon,berserker,arcosian_god,black,m0,7,1.0,1.0,1.0,1.0,1.0,1.0,1547.0,120.0,20.0,1.0,1042.4,1042.4,1.0,324.0,2015.0,1.3,0.209,0.209,1550.0,1550.0
frostdemon,berserker,arcosian_god,black,m100,1,1.0,1.0,1.0,1.0,1.0,1.0,1547.0,120.0,20.0,1.0,1042.4,1042.4,1.0,93.0,211.6,0.14,0.06,0.06,1550.0,1550.0
frostdemon,berserker,arcosian_god,black,m100,3,1.0,1.0,1.0,1.0,1.0,1.0,1547.0,120.0,20.0,1.0,1042.4,1042.4,1.0,153.5,654.9,0.42,0.099,0.099,1550.0,1550.0
frostdemon,berserker,arcosian_god,black,m100,5,1.0,1.0,1.0,1.0,1.0,1.0,1547.0,120.0,20.0,1.0,1042.4,1042.4,1.0,255.8,1360.1,0.88,0.165,0.165,1550.0,1550.0
frostdemon,berserker,arcosian_god,black,m100,7,1.0,1.0,1.0,1.0,1.0,1.0,1547.0,120.0,20.0,1.0,1042.4,1042.4,1.0,324.0,2015.0,1.3,0.209,0.209,1550.0,1550.0
frostdemon,berserker,arcosian_god,black_2,m0,1,1.0,1.0,1.0,1.0,1.0,1.0,1547.0,120.0,20.0,1.0,1042.4,1042.4,1.0,93.0,211.6,0.14,0.06,0.06,1550.0,1550.0
frostdemon,berserker,arcosian_god,black_2,m0,3,1.0,1.0,1.0,1.0,1.0,1.0,1547.0,120.0,20.0,1.0,1042.4,1042.4,1.0,153.5,654.9,0.42,0.099,0.099,1550.0,1550.0
frostdemon,berserker,arcosian_god,black_2,m0,5,1.0,1.0,1.0,1.0,1.0,1.0,1547.0,120.0,20.0,1.0,1042.4,1042.4,1.0,255.8,1360.1,0.88,0.165,0.165,1550.0,1550.0
frostdemon,berserker,arcosian_god,black_2,m0,7,1.0,1.0,1.0,1.0,1.0,1.0,1547.0,120.0,20.0,1.0,1042.4,1042.4,1.0,324.0,2015.0,1.3,0.209,0.209,1550.0,1550.0
frostdemon,berserker,arcosian_god,black_2,m100,1,1.0,1.0,1.0,1.0,1.0,1.0,1547.0,120.0,20.0,1.0,1042.4,1042.4,1.0,93.0,211.6,0.14,0.06,0.06,1550.0,1550.0
frostdemon,berserker,arcosian_god,black_2,m100,3,1.0,1.0,1.0,1.0,1.0,1.0,1547.0,120.0,20.0,1.0,1042.4,1042.4,1.0,153.5,654.9,0.42,0.099,0.099,1550.0,1550.0
frostdemon,berserker,arcosian_god,black_2,m100,5,1.0,1.0,1.0,1.0,1.0,1.0,1547.0,120.0,20.0,1.0,1042.4,1042.4,1.0,255.8,1360.1,0.88,0.165,0.165,1550.0,1550.0
frostdemon,berserker,arcosian_god,black_2,m100,7,1.0,1.0,1.0,1.0,1.0,1.0,1547.0,120.0,20.0,1.0,1042.4,1042.4,1.0,324.0,2015.0,1.3,0.209,0.209,1550.0,1550.0
frostdemon,berserker,evolutionforms,second,m0,1,2.65,2.65,2.65,1.0,1.0,2.38,4099.6,318.0,53.0,2.65,1805.6,2759.4,0.654,100.8,211.6,0.05,0.065,0.065,1550.0,1550.0
frostdemon,berserker,evolutionforms,second,m0,3,2.65,2.65,2.65,1.0,1.0,2.38,4099.6,318.0,53.0,2.65,2027.1,2759.4,0.735,181.4,654.9,0.16,0.117,0.117,1550.0,1550.0
frostdemon,berserker,evolutionforms,second,m0,5,2.65,2.65,2.65,1.0,1.0,2.38,4099.6,318.0,53.0,2.65,1542.3,2759.4,0.559,302.3,1360.1,0.33,0.195,0.195,1550.0,1550.0
frostdemon,berserker,evolutionforms,second,m0,7,2.65,2.65,2.65,1.0,1.0,2.38,4099.6,318.0,53.0,2.65,1542.3,2759.4,0.559,382.9,2015.0,0.49,0.247,0.247,1550.0,1550.0
frostdemon,berserker,evolutionforms,second,m100,1,3.97,3.97,3.97,1.0,1.0,3.56,6149.3,477.0,79.5,3.97,2230.0,4138.3,0.539,107.2,211.6,0.03,0.069,0.069,1550.0,1550.0
frostdemon,berserker,evolutionforms,second,m100,3,3.97,3.97,3.97,1.0,1.0,3.56,6149.3,477.0,79.5,3.97,2574.6,4138.3,0.622,193.0,654.9,0.11,0.125,0.125,1550.0,1550.0
frostdemon,berserker,evolutionforms,second,m100,5,3.97,3.97,3.97,1.0,1.0,3.56,6149.3,477.0,79.5,3.97,1820.3,4138.3,0.44,321.6,1360.1,0.22,0.208,0.208,1550.0,1550.0
frostdemon,berserker,evolutionforms,second,m100,7,3.97,3.97,3.97,1.0,1.0,3.56,6149.3,477.0,79.5,3.97,1820.3,4138.3,0.44,407.4,2015.0,0.33,0.263,0.263,1550.0,1550.0
frostdemon,berserker,evolutionforms,third,m0,1,4.1,4.1,4.1,1.0,1.0,3.81,6342.7,492.0,82.0,4.1,2267.2,4268.4,0.531,107.7,211.6,0.03,0.069,0.069,1550.0,1550.0
frostdemon,berserker,evolutionforms,third,m0,3,4.1,4.1,4.1,1.0,1.0,3.81,6342.7,492.0,82.0,4.1,2622.7,4268.4,0.614,193.9,654.9,0.1,0.125,0.125,1550.0,1550.0
frostdemon,berserker,evolutionforms,third,m0,5,4.1,4.1,4.1,1.0,1.0,3.81,6342.7,492.0,82.0,4.1,1844.7,4268.4,0.432,323.1,1360.1,0.21,0.208,0.208,1550.0,1550.0
frostdemon,berserker,evolutionforms,third,m0,7,4.1,4.1,4.1,1.0,1.0,3.81,6342.7,492.0,82.0,4.1,1844.7,4268.4,0.432,409.3,2015.0,0.32,0.264,0.264,1550.0,1550.0
frostdemon,berserker,evolutionforms,third,m100,1,6.15,6.15,6.15,1.0,1.0,5.72,9514.0,738.0,123.0,6.15,2191.3,6401.7,0.342,114.2,211.6,0.02,0.074,0.074,1550.0,1550.0
frostdemon,berserker,evolutionforms,third,m100,3,6.15,6.15,6.15,1.0,1.0,5.72,9514.0,738.0,123.0,6.15,1970.5,6401.7,0.308,205.5,654.9,0.07,0.133,0.133,1550.0,1550.0
frostdemon,berserker,evolutionforms,third,m100,5,6.15,6.15,6.15,1.0,1.0,5.72,9514.0,738.0,123.0,6.15,1794.9,6401.7,0.28,342.5,1360.1,0.14,0.221,0.221,1550.0,1550.0
frostdemon,berserker,evolutionforms,third,m100,7,6.15,6.15,6.15,1.0,1.0,5.72,9514.0,738.0,123.0,6.15,1794.9,6401.7,0.28,433.8,2015.0,0.21,0.28,0.28,1550.0,1550.0
frostdemon,berserker,evolutionforms,final,m0,1,6.5,6.5,6.5,1.0,1.0,6.19,10055.5,780.0,130.0,6.5,2222.0,6765.9,0.328,115.0,211.6,0.02,0.074,0.074,1550.0,1550.0
frostdemon,berserker,evolutionforms,final,m0,3,6.5,6.5,6.5,1.0,1.0,6.19,10055.5,780.0,130.0,6.5,1995.3,6765.9,0.295,207.1,654.9,0.07,0.134,0.134,1550.0,1550.0
frostdemon,berserker,evolutionforms,final,m0,5,6.5,6.5,6.5,1.0,1.0,6.19,10055.5,780.0,130.0,6.5,1815.0,6765.9,0.268,345.1,1360.1,0.14,0.223,0.223,1550.0,1550.0
frostdemon,berserker,evolutionforms,final,m0,7,6.5,6.5,6.5,1.0,1.0,6.19,10055.5,780.0,130.0,6.5,1815.0,6765.9,0.268,437.2,2015.0,0.2,0.282,0.282,1550.0,1550.0
frostdemon,berserker,evolutionforms,final,m100,1,9.75,9.75,9.75,1.0,1.0,9.28,15083.2,1170.0,195.0,9.75,2445.2,10148.0,0.241,121.5,211.6,0.01,0.078,0.078,1550.0,1550.0
frostdemon,berserker,evolutionforms,final,m100,3,9.75,9.75,9.75,1.0,1.0,9.28,15083.2,1170.0,195.0,9.75,2175.7,10148.0,0.214,218.7,654.9,0.04,0.141,0.141,1550.0,1550.0
frostdemon,berserker,evolutionforms,final,m100,5,9.75,9.75,9.75,1.0,1.0,9.28,15083.2,1170.0,195.0,9.75,1961.3,10148.0,0.193,364.5,1360.1,0.09,0.235,0.235,1550.0,1550.0
frostdemon,berserker,evolutionforms,final,m100,7,9.75,9.75,9.75,1.0,1.0,9.28,15083.2,1170.0,195.0,9.75,1961.3,10148.0,0.193,461.7,2015.0,0.13,0.298,0.298,1550.0,1550.0
frostdemon,berserker,evolutionforms,fullpower,m0,1,9.15,9.15,9.15,1.0,1.0,8.5,14155.1,1098.0,183.0,9.15,2410.5,9523.6,0.253,120.5,211.6,0.01,0.078,0.078,1550.0,1550.0
frostdemon,berserker,evolutionforms,fullpower,m0,3,9.15,9.15,9.15,1.0,1.0,8.5,14155.1,1098.0,183.0,9.15,2147.7,9523.6,0.226,216.9,654.9,0.05,0.14,0.14,1550.0,1550.0
frostdemon,berserker,evolutionforms,fullpower,m0,5,9.15,9.15,9.15,1.0,1.0,8.5,14155.1,1098.0,183.0,9.15,1938.6,9523.6,0.204,361.5,1360.1,0.1,0.233,0.233,1550.0,1550.0
frostdemon,berserker,evolutionforms,fullpower,m0,7,9.15,9.15,9.15,1.0,1.0,8.5,14155.1,1098.0,183.0,9.15,1938.6,9523.6,0.204,457.9,2015.0,0.14,0.295,0.295,1550.0,1550.0
frostdemon,berserker,evolutionforms,fullpower,m100,1,13.73,13.73,13.73,1.0,1.0,12.75,21232.6,1647.0,274.5,13.73,2619.3,14284.5,0.183,126.9,211.6,0.01,0.082,0.082,1550.0,1550.0
frostdemon,berserker,evolutionforms,fullpower,m100,3,13.73,13.73,13.73,1.0,1.0,12.75,21232.6,1647.0,274.5,13.73,2323.9,14284.5,0.163,228.5,654.9,0.03,0.147,0.147,1550.0,1550.0
frostdemon,berserker,evolutionforms,fullpower,m100,5,13.73,13.73,13.73,1.0,1.0,12.75,21232.6,1647.0,274.5,13.73,2081.5,14284.5,0.146,380.8,1360.1,0.06,0.246,0.246,1550.0,1550.0
frostdemon,berserker,evolutionforms,fullpower,m100,7,13.73,13.73,13.73,1.0,1.0,12.75,21232.6,1647.0,274.5,13.73,2081.5,14284.5,0.146,482.4,2015.0,0.09,0.311,0.311,1550.0,1550.0
frostdemon,berserker,evolutionforms,fifth,m0,1,14.5,14.5,14.5,1.0,1.0,12.0,22431.5,1740.0,290.0,14.5,2637.5,15091.0,0.175,127.8,211.6,0.01,0.082,0.082,1550.0,1550.0
frostdemon,berserker,evolutionforms,fifth,m0,3,14.5,14.5,14.5,1.0,1.0,12.0,22431.5,1740.0,290.0,14.5,2347.2,15091.0,0.156,230.1,654.9,0.03,0.148,0.148,1550.0,1550.0
frostdemon,berserker,evolutionforms,fifth,m0,5,14.5,14.5,14.5,1.0,1.0,12.0,22431.5,1740.0,290.0,14.5,2100.3,15091.0,0.139,383.4,1360.1,0.06,0.247,0.247,1550.0,1550.0
frostdemon,berserker,evolutionforms,fifth,m0,7,14.5,14.5,14.5,1.0,1.0,12.0,22431.5,1740.0,290.0,14.5,2100.3,15091.0,0.139,485.7,2015.0,0.09,0.313,0.313,1550.0,1550.0
frostdemon,berserker,evolutionforms,fifth,m100,1,21.75,21.75,21.75,1.0,1.0,18.0,33647.2,2610.0,435.0,21.75,2752.6,22635.6,0.122,134.3,211.6,0.01,0.087,0.087,1550.0,1550.0
frostdemon,berserker,evolutionforms,fifth,m100,3,21.75,21.75,21.75,1.0,1.0,18.0,33647.2,2610.0,435.0,21.75,2512.6,22635.6,0.111,241.7,654.9,0.02,0.156,0.156,1550.0,1550.0
frostdemon,berserker,evolutionforms,fifth,m100,5,21.75,21.75,21.75,1.0,1.0,18.0,33647.2,2610.0,435.0,21.75,2234.5,22635.6,0.099,402.8,1360.1,0.04,0.26,0.26,1550.0,1550.0
frostdemon,berserker,evolutionforms,fifth,m100,7,21.75,21.75,21.75,1.0,1.0,18.0,33647.2,2610.0,435.0,21.75,2234.5,22635.6,0.099,510.2,2015.0,0.06,0.329,0.329,1550.0,1550.0
frostdemon,berserker,legendaryforms,golden,m0,1,8.5,8.5,8.5,1.0,1.0,7.69,13149.5,1020.0,170.0,8.5,2370.1,8847.2,0.268,119.3,211.6,0.02,0.077,0.077,1550.0,1550.0
frostdemon,berserker,legendaryforms,golden,m0,3,8.5,8.5,8.5,1.0,1.0,7.69,13149.5,1020.0,170.0,8.5,2115.0,8847.2,0.239,214.8,654.9,0.05,0.139,0.139,1550.0,1550.0
frostdemon,berserker,legendaryforms,golden,m0,5,8.5,8.5,8.5,1.0,1.0,7.69,13149.5,1020.0,170.0,8.5,1912.1,8847.2,0.216,357.9,1360.1,0.1,0.231,0.231,1550.0,1550.0
frostdemon,berserker,legendaryforms,golden,m0,7,8.5,8.5,8.5,1.0,1.0,7.69,13149.5,1020.0,170.0,8.5,1912.1,8847.2,0.216,453.4,2015.0,0.15,0.293,0.293,1550.0,1550.0
frostdemon,berserker,legendaryforms,golden,m100,1,12.75,12.75,12.75,1.0,1.0,11.53,19724.2,1530.0,255.0,12.75,2589.7,13269.9,0.195,125.8,211.6,0.01,0.081,0.081,1550.0,1550.0
frostdemon,berserker,legendaryforms,golden,m100,3,12.75,12.75,12.75,1.0,1.0,11.53,19724.2,1530.0,255.0,12.75,2292.4,13269.9,0.173,226.4,654.9,0.03,0.146,0.146,1550.0,1550.0
frostdemon,berserker,legendaryforms,golden,m100,5,12.75,12.75,12.75,1.0,1.0,11.53,19724.2,1530.0,255.0,12.75,2055.9,13269.9,0.155,377.3,1360.1,0.07,0.243,0.243,1550.0,1550.0
frostdemon,berserker,legendaryforms,golden,m100,7,12.75,12.75,12.75,1.0,1.0,11.53,19724.2,1530.0,255.0,12.75,2055.9,13269.9,0.155,477.9,2015.0,0.1,0.308,0.308,1550.0,1550.0
frostdemon,berserker,legendaryforms,goldenfifth,m0,1,14.75,14.75,14.0,1.0,1.0,12.31,22818.2,1770.0,280.0,14.75,2642.9,15349.5,0.172,128.1,211.6,0.01,0.083,0.083,1550.0,1550.0
frostdemon,berserker,legendaryforms,goldenfifth,m0,3,14.75,14.75,14.0,1.0,1.0,12.31,22818.2,1770.0,280.0,14.75,2354.3,15349.5,0.153,230.6,654.9,0.03,0.149,0.149,1550.0,1550.0
frostdemon,berserker,legendaryforms,goldenfifth,m0,5,14.75,14.75,14.0,1.0,1.0,12.31,22818.2,1770.0,280.0,14.75,2106.1,15349.5,0.137,384.3,1360.1,0.06,0.248,0.248,1550.0,1550.0
frostdemon,berserker,legendaryforms,goldenfifth,m0,7,14.75,14.75,14.0,1.0,1.0,12.31,22818.2,1770.0,280.0,14.75,2106.1,15349.5,0.137,486.7,2015.0,0.09,0.314,0.314,1550.0,1550.0
frostdemon,berserker,legendaryforms,goldenfifth,m100,1,22.12,22.12,21.0,1.0,1.0,18.47,34227.4,2655.0,420.0,22.12,2756.6,23023.3,0.12,134.5,211.6,0.01,0.087,0.087,1550.0,1550.0
frostdemon,berserker,legendaryforms,goldenfifth,m100,3,22.12,22.12,21.0,1.0,1.0,18.47,34227.4,2655.0,420.0,22.12,2519.2,23023.3,0.109,242.2,654.9,0.02,0.156,0.156,1550.0,1550.0
frostdemon,berserker,legendaryforms,goldenfifth,m100,5,22.12,22.12,21.0,1.0,1.0,18.47,34227.4,2655.0,420.0,22.12,2239.8,23023.3,0.097,403.6,1360.1,0.04,0.26,0.26,1550.0,1550.0
frostdemon,berserker,legendaryforms,goldenfifth,m100,7,22.12,22.12,21.0,1.0,1.0,18.47,34227.4,2655.0,420.0,22.12,2239.8,23023.3,0.097,511.3,2015.0,0.06,0.33,0.33,1550.0,1550.0
frostdemon,spiritualist,base,Base,m0,1,1.0,1.0,1.0,1.0,1.0,1.0,45.0,100.0,1729.0,1.0,1188.7,1188.7,1.0,30.6,69.6,0.04,0.06,0.06,510.0,510.0
frostdemon,spiritualist,base,Base,m0,3,1.0,1.0,1.0,1.0,1.0,1.0,45.0,100.0,1729.0,1.0,1188.7,1188.7,1.0,50.5,215.5,0.12,0.099,0.099,510.0,510.0
frostdemon,spiritualist,base,Base,m0,5,1.0,1.0,1.0,1.0,1.0,1.0,45.0,100.0,1729.0,1.0,1188.7,1188.7,1.0,84.1,447.5,0.26,0.165,0.165,510.0,510.0
frostdemon,spiritualist,base,Base,m0,7,1.0,1.0,1.0,1.0,1.0,1.0,45.0,100.0,1729.0,1.0,1188.7,1188.7,1.0,106.6,663.0,0.38,0.209,0.209,510.0,510.0
frostdemon,spiritualist,android_enhancement_a,metal_overdrive,m0,1,10.0,10.0,50.0,10.0,2.0,25.0,450.0,1000.0,86450.0,50.0,3242.9,57706.0,0.056,70.2,153.9,0.0,0.07,0.095,737.5,1000.0
frostdemon,spiritualist,android_enhancement_a,metal_overdrive,m0,3,10.0,10.0,50.0,10.0,2.0,25.0,450.0,1000.0,86450.0,50.0,3160.8,57706.0,0.055,126.3,476.4,0.01,0.126,0.171,737.5,1000.0
frostdemon,spiritualist,android_enhancement_a,metal_overdrive,m0,5,10.0,10.0,50.0,10.0,2.0,25.0,450.0,1000.0,86450.0,50.0,2787.7,57706.0,0.048,210.6,856.2,0.01,0.211,0.286,737.5,1000.0
frostdemon,spiritualist,android_enhancement_a,metal_overdrive,m0,7,10.0,10.0,50.0,10.0,2.0,25.0,450.0,1000.0,86450.0,50.0,2787.7,57706.0,0.048,266.7,1087.2,0.01,0.267,0.362,737.5,1000.0
frostdemon,spiritualist,android_enhancement_a,metal_overdrive,m100,1,15.0,15.0,75.0,15.0,3.0,37.5,675.0,1500.0,129675.0,75.0,3240.3,86559.0,0.037,81.6,174.8,0.0,0.055,0.099,821.8,1490.0
frostdemon,spiritualist,android_enhancement_a,metal_overdrive,m100,3,15.0,15.0,75.0,15.0,3.0,37.5,675.0,1500.0,129675.0,75.0,3240.3,86559.0,0.037,146.9,540.9,0.0,0.099,0.179,821.8,1490.0
frostdemon,spiritualist,android_enhancement_a,metal_overdrive,m100,5,15.0,15.0,75.0,15.0,3.0,37.5,675.0,1500.0,129675.0,75.0,2882.0,86559.0,0.033,244.9,885.1,0.01,0.164,0.298,821.8,1490.0
frostdemon,spiritualist,android_enhancement_a,metal_overdrive,m100,7,15.0,15.0,75.0,15.0,3.0,37.5,675.0,1500.0,129675.0,75.0,2882.0,86559.0,0.033,310.2,1124.0,0.01,0.208,0.377,821.8,1490.0
frostdemon,spiritualist,android_enhancement_a,metal_overheat,m0,1,50.0,50.0,10.0,5.0,2.0,25.0,2250.0,5000.0,17290.0,50.0,2320.3,12405.1,0.187,70.2,153.9,0.01,0.07,0.095,737.5,1000.0
frostdemon,spiritualist,android_enhancement_a,metal_overheat,m0,3,50.0,50.0,10.0,5.0,2.0,25.0,2250.0,5000.0,17290.0,50.0,2275.0,12405.1,0.183,126.3,432.5,0.03,0.126,0.171,737.5,1000.0
frostdemon,spiritualist,android_enhancement_a,metal_overheat,m0,5,50.0,50.0,10.0,5.0,2.0,25.0,2250.0,5000.0,17290.0,50.0,2069.5,12405.1,0.167,210.6,647.1,0.04,0.211,0.286,737.5,1000.0
frostdemon,spiritualist,android_enhancement_a,metal_overheat,m0,7,50.0,50.0,10.0,5.0,2.0,25.0,2250.0,5000.0,17290.0,50.0,2069.5,12405.1,0.167,266.7,958.7,0.06,0.267,0.362,737.5,1000.0
frostdemon,spiritualist,android_enhancement_a,metal_overheat,m100,1,75.0,75.0,15.0,7.5,3.0,37.5,3375.0,7500.0,25935.0,75.0,2371.7,18607.7,0.127,81.6,174.8,0.01,0.055,0.099,821.8,1490.0
frostdemon,spiritualist,android_enhancement_a,metal_overheat,m100,3,75.0,75.0,15.0,7.5,3.0,37.5,3375.0,7500.0,25935.0,75.0,2371.7,18607.7,0.127,146.9,450.9,0.02,0.099,0.179,821.8,1490.0
frostdemon,spiritualist,android_enhancement_a,metal_overheat,m100,5,75.0,75.0,15.0,7.5,3.0,37.5,3375.0,7500.0,25935.0,75.0,2165.1,18607.7,0.116,244.9,721.1,0.03,0.164,0.298,821.8,1490.0
frostdemon,spiritualist,android_enhancement_a,metal_overheat,m100,7,75.0,75.0,15.0,7.5,3.0,37.5,3375.0,7500.0,25935.0,75.0,2165.1,18607.7,0.116,310.2,1068.3,0.04,0.208,0.377,821.8,1490.0
frostdemon,spiritualist,androidforms,androidbase,m0,1,1.5,1.5,2.75,2.0,2.0,2.0,67.5,150.0,4754.8,2.75,2085.3,3228.4,0.646,53.0,146.4,0.03,0.053,0.065,810.9,1000.0
frostdemon,spiritualist,androidforms,androidbase,m0,3,1.5,1.5,2.75,2.0,2.0,2.0,67.5,150.0,4754.8,2.75,2345.4,3228.4,0.726,94.1,445.9,0.09,0.094,0.118,799.8,1000.0
frostdemon,spiritualist,androidforms,androidbase,m0,5,1.5,1.5,2.75,2.0,2.0,2.0,67.5,150.0,4754.8,2.75,1776.0,3228.4,0.55,155.2,694.1,0.15,0.155,0.196,790.9,1000.0
frostdemon,spiritualist,androidforms,androidbase,m0,7,1.5,1.5,2.75,2.0,2.0,2.0,67.5,150.0,4754.8,2.75,1776.0,3228.4,0.55,196.5,1028.2,0.22,0.197,0.248,790.9,1000.0
frostdemon,spiritualist,androidforms,androidbase,m100,1,2.25,2.25,4.12,3.0,3.0,3.0,101.2,225.0,7132.1,4.12,2577.7,4842.7,0.532,73.3,193.5,0.03,0.049,0.07,1053.4,1490.0
frostdemon,spiritualist,androidforms,androidbase,m100,3,2.25,2.25,4.12,3.0,3.0,3.0,101.2,225.0,7132.1,4.12,2980.7,4842.7,0.616,129.4,566.7,0.08,0.087,0.125,1033.5,1490.0
frostdemon,spiritualist,androidforms,androidbase,m100,5,2.25,2.25,4.12,3.0,3.0,3.0,101.2,225.0,7132.1,4.12,2098.5,4842.7,0.433,212.3,893.0,0.13,0.143,0.209,1017.6,1490.0
frostdemon,spiritualist,androidforms,androidbase,m100,7,2.25,2.25,4.12,3.0,3.0,3.0,101.2,225.0,7132.1,4.12,2098.5,4842.7,0.433,269.0,1322.9,0.19,0.181,0.264,1017.6,1490.0
frostdemon,spiritualist,androidforms,mecha,m0,1,9.0,9.0,14.5,2.0,2.0,13.0,405.0,900.0,25070.5,14.5,2977.9,16810.0,0.177,64.6,154.1,0.01,0.065,0.082,783.5,1000.0
frostdemon,spiritualist,androidforms,mecha,m0,3,9.0,9.0,14.5,2.0,2.0,13.0,405.0,900.0,25070.5,14.5,2652.3,16810.0,0.158,116.3,476.9,0.02,0.116,0.148,783.5,1000.0
frostdemon,spiritualist,androidforms,mecha,m0,5,9.0,9.0,14.5,2.0,2.0,13.0,405.0,900.0,25070.5,14.5,2375.4,16810.0,0.141,193.8,729.5,0.03,0.194,0.247,783.5,1000.0
frostdemon,spiritualist,androidforms,mecha,m0,7,9.0,9.0,14.5,2.0,2.0,13.0,405.0,900.0,25070.5,14.5,2375.4,16810.0,0.141,245.5,1018.5,0.04,0.246,0.313,783.5,1000.0
frostdemon,spiritualist,androidforms,mecha,m100,1,13.5,13.5,21.75,3.0,3.0,19.5,607.5,1350.0,37605.8,21.75,3110.0,25214.9,0.123,80.6,186.6,0.0,0.054,0.087,930.0,1490.0
frostdemon,spiritualist,androidforms,mecha,m100,3,13.5,13.5,21.75,3.0,3.0,19.5,607.5,1350.0,37605.8,21.75,2840.4,25214.9,0.113,145.0,540.0,0.01,0.097,0.156,930.0,1490.0
frostdemon,spiritualist,androidforms,mecha,m100,5,13.5,13.5,21.75,3.0,3.0,19.5,607.5,1350.0,37605.8,21.75,2527.9,25214.9,0.1,241.7,816.1,0.02,0.162,0.26,930.0,1490.0
frostdemon,spiritualist,androidforms,mecha,m100,7,13.5,13.5,21.75,3.0,3.0,19.5,607.5,1350.0,37605.8,21.75,2527.9,25214.9,0.1,306.1,1209.0,0.03,0.205,0.329,930.0,1490.0
frostdemon,spiritualist,androidforms,metal,m0,1,19.0,19.0,23.0,2.0,2.0,23.0,855.0,1900.0,39767.0,23.0,3123.2,26709.5,0.117,66.8,154.1,0.0,0.067,0.087,766.3,1000.0
frostdemon,spiritualist,androidforms,metal,m0,3,19.0,19.0,23.0,2.0,2.0,23.0,855.0,1900.0,39767.0,23.0,2863.5,26709.5,0.107,120.3,477.1,0.01,0.12,0.157,766.3,1000.0
frostdemon,spiritualist,androidforms,metal,m0,5,19.0,19.0,23.0,2.0,2.0,23.0,855.0,1900.0,39767.0,23.0,2546.7,26709.5,0.095,200.5,782.2,0.02,0.2,0.262,766.3,1000.0
frostdemon,spiritualist,androidforms,metal,m0,7,19.0,19.0,23.0,2.0,2.0,23.0,855.0,1900.0,39767.0,23.0,2546.7,26709.5,0.095,253.9,996.2,0.03,0.254,0.331,766.3,1000.0
frostdemon,spiritualist,androidforms,metal,m100,1,28.5,28.5,34.5,3.0,3.0,34.5,1282.5,2850.0,59650.5,34.5,3208.3,40064.3,0.08,81.1,182.0,0.0,0.054,0.091,887.6,1490.0
frostdemon,spiritualist,androidforms,metal,m100,3,28.5,28.5,34.5,3.0,3.0,34.5,1282.5,2850.0,59650.5,34.5,3031.7,40064.3,0.076,146.0,563.5,0.01,0.098,0.164,887.6,1490.0
frostdemon,spiritualist,androidforms,metal,m100,5,28.5,28.5,34.5,3.0,3.0,34.5,1282.5,2850.0,59650.5,34.5,2683.0,40064.3,0.067,243.3,824.0,0.01,0.163,0.274,887.6,1490.0
frostdemon,spiritualist,androidforms,metal,m100,7,28.5,28.5,34.5,3.0,3.0,34.5,1282.5,2850.0,59650.5,34.5,2683.0,40064.3,0.067,308.2,1153.9,0.02,0.207,0.347,887.6,1490.0
frostdemon,spiritualist,arcosian_god,black,m0,1,1.0,1.0,1.0,1.0,1.0,1.0,45.0,100.0,1729.0,1.0,1188.7,1188.7,1.0,30.6,69.6,0.04,0.06,0.06,510.0,510.0
frostdemon,spiritualist,arcosian_god,black,m0,3,1.0,1.0,1.0,1.0,1.0,1.0,45.0,100.0,1729.0,1.0,1188.7,1188.7,1.0,50.5,215.5,0.12,0.099,0.099,510.0,510.0
frostdemon,spiritualist,arcosian_god,black,m0,5,1.0,1.0,1.0,1.0,1.0,1.0,45.0,100.0,1729.0,1.0,1188.7,1188.7,1.0,84.1,447.5,0.26,0.165,0.165,510.0,510.0
frostdemon,spiritualist,arcosian_god,black,m0,7,1.0,1.0,1.0,1.0,1.0,1.0,45.0,100.0,1729.0,1.0,1188.7,1188.7,1.0,106.6,663.0,0.38,0.209,0.209,510.0,510.0
frostdemon,spiritualist,arcosian_god,black,m100,1,1.0,1.0,1.0,1.0,1.0,1.0,45.0,100.0,1729.0,1.0,1188.7,1188.7,1.0,30.6,69.6,0.04,0.06,0.06,510.0,510.0
frostdemon,spiritualist,arcosian_god,black,m100,3,1.0,1.0,1.0,1.0,1.0,1.0,45.0,100.0,1729.0,1.0,1188.7,1188.7,1.0,50.5,215.5,0.12,0.099,0.099,510.0,510.0
frostdemon,spiritualist,arcosian_god,black,m100,5,1.0,1.0,1.0,1.0,1.0,1.0,45.0,100.0,1729.0,1.0,1188.7,1188.7,1.0,84.1,447.5,0.26,0.165,0.165,510.0,510.0
frostdemon,spiritualist,arcosian_god,black,m100,7,1.0,1.0,1.0,1.0,1.0,1.0,45.0,100.0,1729.0,1.0,1188.7,1188.7,1.0,106.6,663.0,0.38,0.209,0.209,510.0,510.0
frostdemon,spiritualist,arcosian_god,black_2,m0,1,1.0,1.0,1.0,1.0,1.0,1.0,45.0,100.0,1729.0,1.0,1188.7,1188.7,1.0,30.6,69.6,0.04,0.06,0.06,510.0,510.0
frostdemon,spiritualist,arcosian_god,black_2,m0,3,1.0,1.0,1.0,1.0,1.0,1.0,45.0,100.0,1729.0,1.0,1188.7,1188.7,1.0,50.5,215.5,0.12,0.099,0.099,510.0,510.0
frostdemon,spiritualist,arcosian_god,black_2,m0,5,1.0,1.0,1.0,1.0,1.0,1.0,45.0,100.0,1729.0,1.0,1188.7,1188.7,1.0,84.1,447.5,0.26,0.165,0.165,510.0,510.0
frostdemon,spiritualist,arcosian_god,black_2,m0,7,1.0,1.0,1.0,1.0,1.0,1.0,45.0,100.0,1729.0,1.0,1188.7,1188.7,1.0,106.6,663.0,0.38,0.209,0.209,510.0,510.0
frostdemon,spiritualist,arcosian_god,black_2,m100,1,1.0,1.0,1.0,1.0,1.0,1.0,45.0,100.0,1729.0,1.0,1188.7,1188.7,1.0,30.6,69.6,0.04,0.06,0.06,510.0,510.0
frostdemon,spiritualist,arcosian_god,black_2,m100,3,1.0,1.0,1.0,1.0,1.0,1.0,45.0,100.0,1729.0,1.0,1188.7,1188.7,1.0,50.5,215.5,0.12,0.099,0.099,510.0,510.0
frostdemon,spiritualist,arcosian_god,black_2,m100,5,1.0,1.0,1.0,1.0,1.0,1.0,45.0,100.0,1729.0,1.0,1188.7,1188.7,1.0,84.1,447.5,0.26,0.165,0.165,510.0,510.0
frostdemon,spiritualist,arcosian_god,black_2,m100,7,1.0,1.0,1.0,1.0,1.0,1.0,45.0,100.0,1729.0,1.0,1188.7,1188.7,1.0,106.6,663.0,0.38,0.209,0.209,510.0,510.0
frostdemon,spiritualist,evolutionforms,second,m0,1,2.65,2.65,2.65,1.0,1.0,2.38,119.2,265.0,4581.8,2.65,2040.9,3105.7,0.657,33.2,91.9,0.02,0.065,0.065,510.0,510.0
frostdemon,spiritualist,evolutionforms,second,m0,3,2.65,2.65,2.65,1.0,1.0,2.38,119.2,265.0,4581.8,2.65,2288.1,3105.7,0.737,59.7,284.3,0.06,0.117,0.117,510.0,510.0
frostdemon,spiritualist,evolutionforms,second,m0,5,2.65,2.65,2.65,1.0,1.0,2.38,119.2,265.0,4581.8,2.65,1746.9,3105.7,0.562,99.5,536.5,0.12,0.195,0.195,510.0,510.0
frostdemon,spiritualist,evolutionforms,second,m0,7,2.65,2.65,2.65,1.0,1.0,2.38,119.2,265.0,4581.8,2.65,1746.9,3105.7,0.562,126.0,681.3,0.15,0.247,0.247,510.0,510.0
frostdemon,spiritualist,evolutionforms,second,m100,1,3.97,3.97,3.97,1.0,1.0,3.56,178.9,397.5,6872.8,3.97,2514.6,4645.0,0.541,35.3,93.9,0.01,0.069,0.069,510.0,510.0
frostdemon,spiritualist,evolutionforms,second,m100,3,3.97,3.97,3.97,1.0,1.0,3.56,178.9,397.5,6872.8,3.97,2899.4,4645.0,0.624,63.5,290.5,0.04,0.125,0.125,510.0,510.0
frostdemon,spiritualist,evolutionforms,second,m100,5,3.97,3.97,3.97,1.0,1.0,3.56,178.9,397.5,6872.8,3.97,2057.2,4645.0,0.443,105.8,603.4,0.09,0.208,0.208,510.0,510.0
frostdemon,spiritualist,evolutionforms,second,m100,7,3.97,3.97,3.97,1.0,1.0,3.56,178.9,397.5,6872.8,3.97,2057.2,4645.0,0.443,134.1,802.3,0.12,0.263,0.263,510.0,510.0
frostdemon,spiritualist,evolutionforms,third,m0,1,4.1,4.1,4.1,1.0,1.0,3.81,184.5,410.0,7088.9,4.1,2556.2,4790.3,0.534,35.4,94.0,0.01,0.069,0.069,510.0,510.0
frostdemon,spiritualist,evolutionforms,third,m0,3,4.1,4.1,4.1,1.0,1.0,3.81,184.5,410.0,7088.9,4.1,2953.0,4790.3,0.616,63.8,291.0,0.04,0.125,0.125,510.0,510.0
frostdemon,spiritualist,evolutionforms,third,m0,5,4.1,4.1,4.1,1.0,1.0,3.81,184.5,410.0,7088.9,4.1,2084.4,4790.3,0.435,106.3,604.4,0.09,0.208,0.208,510.0,510.0
frostdemon,spiritualist,evolutionforms,third,m0,7,4.1,4.1,4.1,1.0,1.0,3.81,184.5,410.0,7088.9,4.1,2084.4,4790.3,0.435,134.7,812.9,0.11,0.264,0.264,510.0,510.0
frostdemon,spiritualist,evolutionforms,third,m100,1,6.15,6.15,6.15,1.0,1.0,5.72,276.8,615.0,10633.3,6.15,2471.4,7171.9,0.345,37.6,96.0,0.01,0.074,0.074,510.0,510.0
frostdemon,spiritualist,evolutionforms,third,m100,3,6.15,6.15,6.15,1.0,1.0,5.72,276.8,615.0,10633.3,6.15,2224.9,7171.9,0.31,67.6,297.3,0.03,0.133,0.133,510.0,510.0
frostdemon,spiritualist,evolutionforms,third,m100,5,6.15,6.15,6.15,1.0,1.0,5.72,276.8,615.0,10633.3,6.15,2028.9,7171.9,0.283,112.7,617.4,0.06,0.221,0.221,510.0,510.0
frostdemon,spiritualist,evolutionforms,third,m100,7,6.15,6.15,6.15,1.0,1.0,5.72,276.8,615.0,10633.3,6.15,2028.9,7171.9,0.283,142.7,791.3,0.07,0.28,0.28,510.0,510.0
frostdemon,spiritualist,evolutionforms,final,m0,1,6.5,6.5,6.5,1.0,1.0,6.19,292.5,650.0,11238.5,6.5,2505.6,7578.5,0.331,37.9,96.3,0.01,0.074,0.074,510.0,510.0
frostdemon,spiritualist,evolutionforms,final,m0,3,6.5,6.5,6.5,1.0,1.0,6.19,292.5,650.0,11238.5,6.5,2252.6,7578.5,0.297,68.1,298.1,0.03,0.134,0.134,510.0,510.0
frostdemon,spiritualist,evolutionforms,final,m0,5,6.5,6.5,6.5,1.0,1.0,6.19,292.5,650.0,11238.5,6.5,2051.3,7578.5,0.271,113.6,619.1,0.06,0.223,0.223,510.0,510.0
frostdemon,spiritualist,evolutionforms,final,m0,7,6.5,6.5,6.5,1.0,1.0,6.19,292.5,650.0,11238.5,6.5,2051.3,7578.5,0.271,143.8,800.0,0.07,0.282,0.282,510.0,510.0
frostdemon,spiritualist,evolutionforms,final,m100,1,9.75,9.75,9.75,1.0,1.0,9.28,438.8,975.0,16857.8,9.75,2754.9,11354.3,0.243,40.0,98.3,0.01,0.078,0.078,510.0,510.0
frostdemon,spiritualist,evolutionforms,final,m100,3,9.75,9.75,9.75,1.0,1.0,9.28,438.8,975.0,16857.8,9.75,2454.0,11354.3,0.216,72.0,304.3,0.02,0.141,0.141,510.0,510.0
frostdemon,spiritualist,evolutionforms,final,m100,5,9.75,9.75,9.75,1.0,1.0,9.28,438.8,975.0,16857.8,9.75,2214.6,11354.3,0.195,119.9,632.1,0.04,0.235,0.235,510.0,510.0
frostdemon,spiritualist,evolutionforms,final,m100,7,9.75,9.75,9.75,1.0,1.0,9.28,438.8,975.0,16857.8,9.75,2214.6,11354.3,0.195,151.9,863.7,0.05,0.298,0.298,510.0,510.0
frostdemon,spiritualist,evolutionforms,fullpower,m0,1,9.15,9.15,9.15,1.0,1.0,8.5,411.8,915.0,15820.4,9.15,2716.2,10657.2,0.255,39.6,98.0,0.01,0.078,0.078,510.0,510.0
frostdemon,spiritualist,evolutionforms,fullpower,m0,3,9.15,9.15,9.15,1.0,1.0,8.5,411.8,915.0,15820.4,9.15,2422.7,10657.2,0.227,71.4,303.4,0.02,0.14,0.14,510.0,510.0
frostdemon,spiritualist,evolutionforms,fullpower,m0,5,9.15,9.15,9.15,1.0,1.0,8.5,411.8,915.0,15820.4,9.15,2189.2,10657.2,0.205,118.9,630.1,0.04,0.233,0.233,510.0,510.0
frostdemon,spiritualist,evolutionforms,fullpower,m0,7,9.15,9.15,9.15,1.0,1.0,8.5,411.8,915.0,15820.4,9.15,2189.2,10657.2,0.205,150.6,853.8,0.05,0.295,0.295,510.0,510.0
frostdemon,spiritualist,evolutionforms,fullpower,m100,1,13.73,13.73,13.73,1.0,1.0,12.75,617.6,1372.5,23730.5,13.73,2949.2,15972.3,0.185,41.8,100.0,0.0,0.082,0.082,510.0,510.0
frostdemon,spiritualist,evolutionforms,fullpower,m100,3,13.73,13.73,13.73,1.0,1.0,12.75,617.6,1372.5,23730.5,13.73,2619.4,15972.3,0.164,75.2,309.6,0.01,0.147,0.147,510.0,510.0
frostdemon,spiritualist,evolutionforms,fullpower,m100,5,13.73,13.73,13.73,1.0,1.0,12.75,617.6,1372.5,23730.5,13.73,2348.8,15972.3,0.147,125.3,643.0,0.03,0.246,0.246,510.0,510.0
frostdemon,spiritualist,evolutionforms,fullpower,m100,7,13.73,13.73,13.73,1.0,1.0,12.75,617.6,1372.5,23730.5,13.73,2348.8,15972.3,0.147,158.7,916.0,0.04,0.311,0.311,510.0,510.0
frostdemon,spiritualist,evolutionforms,fifth,m0,1,14.5,14.5,14.5,1.0,1.0,12.0,652.5,1450.0,25070.5,14.5,2969.5,16872.7,0.176,42.1,100.3,0.0,0.082,0.082,510.0,510.0
frostdemon,spiritualist,evolutionforms,fifth,m0,3,14.5,14.5,14.5,1.0,1.0,12.0,652.5,1450.0,25070.5,14.5,2645.4,16872.7,0.157,75.7,310.4,0.01,0.148,0.148,510.0,510.0
frostdemon,spiritualist,evolutionforms,fifth,m0,5,14.5,14.5,14.5,1.0,1.0,12.0,652.5,1450.0,25070.5,14.5,2369.9,16872.7,0.14,126.2,644.8,0.03,0.247,0.247,510.0,510.0
frostdemon,spiritualist,evolutionforms,fifth,m0,7,14.5,14.5,14.5,1.0,1.0,12.0,652.5,1450.0,25070.5,14.5,2369.9,16872.7,0.14,159.8,924.2,0.04,0.313,0.313,510.0,510.0
frostdemon,spiritualist,evolutionforms,fifth,m100,1,21.75,21.75,21.75,1.0,1.0,18.0,978.8,2175.0,37605.8,21.75,3098.1,25295.6,0.122,44.2,102.3,0.0,0.087,0.087,510.0,510.0
frostdemon,spiritualist,evolutionforms,fifth,m100,3,21.75,21.75,21.75,1.0,1.0,18.0,978.8,2175.0,37605.8,21.75,2830.1,25295.6,0.112,79.5,316.7,0.01,0.156,0.156,510.0,510.0
frostdemon,spiritualist,evolutionforms,fifth,m100,5,21.75,21.75,21.75,1.0,1.0,18.0,978.8,2175.0,37605.8,21.75,2519.6,25295.6,0.1,132.5,657.7,0.02,0.26,0.26,510.0,510.0
frostdemon,spiritualist,evolutionforms,fifth,m100,7,21.75,21.75,21.75,1.0,1.0,18.0,978.8,2175.0,37605.8,21.75,2519.6,25295.6,0.1,167.9,974.4,0.03,0.329,0.329,510.0,510.0
frostdemon,spiritualist,legendaryforms,golden,m0,1,8.5,8.5,8.5,1.0,1.0,7.69,382.5,850.0,14696.5,8.5,2671.0,9902.1,0.27,39.3,97.6,0.01,0.077,0.077,510.0,510.0
frostdemon,spiritualist,legendaryforms,golden,m0,3,8.5,8.5,8.5,1.0,1.0,7.69,382.5,850.0,14696.5,8.5,2386.2,9902.1,0.241,70.7,302.2,0.02,0.139,0.139,510.0,510.0
frostdemon,spiritualist,legendaryforms,golden,m0,5,8.5,8.5,8.5,1.0,1.0,7.69,382.5,850.0,14696.5,8.5,2159.7,9902.1,0.218,117.8,627.7,0.04,0.231,0.231,510.0,510.0
frostdemon,spiritualist,legendaryforms,golden,m0,7,8.5,8.5,8.5,1.0,1.0,7.69,382.5,850.0,14696.5,8.5,2159.7,9902.1,0.218,149.2,842.3,0.06,0.293,0.293,510.0,510.0
frostdemon,spiritualist,legendaryforms,golden,m100,1,12.75,12.75,12.75,1.0,1.0,11.53,573.8,1275.0,22044.8,12.75,2916.2,14839.6,0.197,41.4,99.7,0.0,0.081,0.081,510.0,510.0
frostdemon,spiritualist,legendaryforms,golden,m100,3,12.75,12.75,12.75,1.0,1.0,11.53,573.8,1275.0,22044.8,12.75,2584.3,14839.6,0.174,74.5,308.5,0.01,0.146,0.146,510.0,510.0
frostdemon,spiritualist,legendaryforms,golden,m100,5,12.75,12.75,12.75,1.0,1.0,11.53,573.8,1275.0,22044.8,12.75,2320.3,14839.6,0.156,124.1,640.6,0.03,0.243,0.243,510.0,510.0
frostdemon,spiritualist,legendaryforms,golden,m100,7,12.75,12.75,12.75,1.0,1.0,11.53,573.8,1275.0,22044.8,12.75,2320.3,14839.6,0.156,157.3,904.9,0.04,0.308,0.308,510.0,510.0
frostdemon,spiritualist,legendaryforms,goldenfifth,m0,1,14.75,14.75,14.0,1.0,1.0,12.31,663.8,1475.0,24206.0,14.75,2933.6,16304.1,0.18,42.1,100.4,0.0,0.083,0.083,510.0,510.0
frostdemon,spiritualist,legendaryforms,goldenfifth,m0,3,14.75,14.75,14.0,1.0,1.0,12.31,663.8,1475.0,24206.0,14.75,2619.0,16304.1,0.161,75.9,310.7,0.01,0.149,0.149,510.0,510.0
frostdemon,spiritualist,legendaryforms,goldenfifth,m0,5,14.75,14.75,14.0,1.0,1.0,12.31,663.8,1475.0,24206.0,14.75,2348.4,16304.1,0.144,126.4,645.3,0.03,0.248,0.248,510.0,510.0
frostdemon,spiritualist,legendaryforms,goldenfifth,m0,7,14.75,14.75,14.0,1.0,1.0,12.31,663.8,1475.0,24206.0,14.75,2348.4,16304.1,0.144,160.2,915.9,0.04,0.314,0.314,510.0,510.0
frostdemon,spiritualist,legendaryforms,goldenfifth,m100,1,22.12,22.12,21.0,1.0,1.0,18.47,995.6,2212.5,36309.0,22.12,3060.8,24442.6,0.125,44.3,102.4,0.0,0.087,0.087,510.0,510.0
frostdemon,spiritualist,legendaryforms,goldenfifth,m100,3,22.12,22.12,21.0,1.0,1.0,18.47,995.6,2212.5,36309.0,22.12,2801.6,24442.6,0.115,79.7,316.9,0.01,0.156,0.156,510.0,510.0
frostdemon,spiritualist,legendaryforms,goldenfifth,m100,5,22.12,22.12,21.0,1.0,1.0,18.47,995.6,2212.5,36309.0,22.12,2496.4,24442.6,0.102,132.8,658.2,0.02,0.26,0.26,510.0,510.0
frostdemon,spiritualist,legendaryforms,goldenfifth,m100,7,22.12,22.12,21.0,1.0,1.0,18.47,995.6,2212.5,36309.0,22.12,2496.4,24442.6,0.102,168.2,973.6,0.03,0.33,0.33,510.0,510.0
frostdemon,martialartist,base,Base,m0,1,1.0,1.0,1.0,1.0,1.0,1.0,240.0,1638.0,90.0,1.0,1125.9,1125.9,1.0,61.9,140.9,0.09,0.06,0.06,1032.0,1032.0
frostdemon,martialartist,base,Base,m0,3,1.0,1.0,1.0,1.0,1.0,1.0,240.0,1638.0,90.0,1.0,1125.9,1125.9,1.0,102.2,436.0,0.27,0.099,0.099,1032.0,1032.0
frostdemon,martialartist,base,Base,m0,5,1.0,1.0,1.0,1.0,1.0,1.0,240.0,1638.0,90.0,1.0,1125.9,1125.9,1.0,170.3,905.6,0.55,0.165,0.165,1032.0,1032.0
frostdemon,martialartist,base,Base,m0,7,1.0,1.0,1.0,1.0,1.0,1.0,240.0,1638.0,90.0,1.0,1125.9,1125.9,1.0,215.7,1341.6,0.82,0.209,0.209,1032.0,1032.0
frostdemon,martialartist,android_enhancement_a,metal_overdrive,m0,1,10.0,10.0,50.0,10.0,2.0,25.0,2400.0,16380.0,4500.0,50.0,2199.5,11664.0,0.189,143.5,205.8,0.01,0.07,0.095,1507.4,2044.0
frostdemon,martialartist,android_enhancement_a,metal_overdrive,m0,3,10.0,10.0,50.0,10.0,2.0,25.0,2400.0,16380.0,4500.0,50.0,2156.6,11664.0,0.185,258.2,636.9,0.04,0.126,0.171,1507.4,2044.0
frostdemon,martialartist,android_enhancement_a,metal_overdrive,m0,5,10.0,10.0,50.0,10.0,2.0,25.0,2400.0,16380.0,4500.0,50.0,1961.6,11664.0,0.168,430.4,1322.7,0.08,0.211,0.286,1507.4,2044.0
frostdemon,martialartist,android_enhancement_a,metal_overdrive,m0,7,10.0,10.0,50.0,10.0,2.0,25.0,2400.0,16380.0,4500.0,50.0,1961.6,11664.0,0.168,545.2,1959.6,0.12,0.267,0.362,1507.4,2044.0
frostdemon,martialartist,android_enhancement_a,metal_overdrive,m100,1,15.0,15.0,75.0,15.0,3.0,37.5,3600.0,24570.0,6750.0,75.0,2248.1,17496.0,0.128,167.4,230.1,0.01,0.055,0.099,1685.5,3056.0
frostdemon,martialartist,android_enhancement_a,metal_overdrive,m100,3,15.0,15.0,75.0,15.0,3.0,37.5,3600.0,24570.0,6750.0,75.0,2248.1,17496.0,0.128,301.4,712.1,0.03,0.099,0.179,1685.5,3056.0
frostdemon,martialartist,android_enhancement_a,metal_overdrive,m100,5,15.0,15.0,75.0,15.0,3.0,37.5,3600.0,24570.0,6750.0,75.0,2052.1,17496.0,0.117,502.3,1479.0,0.06,0.164,0.298,1685.5,3056.0
frostdemon,martialartist,android_enhancement_a,metal_overdrive,m100,7,15.0,15.0,75.0,15.0,3.0,37.5,3600.0,24570.0,6750.0,75.0,2052.1,17496.0,0.117,636.2,2191.1,0.09,0.208,0.377,1685.5,3056.0
frostdemon,martialartist,android_enhancement_a,metal_overheat,m0,1,50.0,50.0,10.0,5.0,2.0,25.0,12000.0,81900.0,900.0,50.0,3092.7,55728.0,0.055,143.5,232.2,0.0,0.07,0.095,1507.4,2044.0
frostdemon,martialartist,android_enhancement_a,metal_overheat,m0,3,50.0,50.0,10.0,5.0,2.0,25.0,12000.0,81900.0,900.0,50.0,3014.1,55728.0,0.054,258.2,636.9,0.01,0.126,0.171,1507.4,2044.0
frostdemon,martialartist,android_enhancement_a,metal_overheat,m0,5,50.0,50.0,10.0,5.0,2.0,25.0,12000.0,81900.0,900.0,50.0,2656.9,55728.0,0.048,430.4,1322.7,0.02,0.211,0.286,1507.4,2044.0
frostdemon,martialartist,android_enhancement_a,metal_overheat,m0,7,50.0,50.0,10.0,5.0,2.0,25.0,12000.0,81900.0,900.0,50.0,2656.9,55728.0,0.048,545.2,1959.6,0.02,0.267,0.362,1507.4,2044.0
frostdemon,martialartist,android_enhancement_a,metal_overheat,m100,1,75.0,75.0,15.0,7.5,3.0,37.5,18000.0,122850.0,1350.0,75.0,3089.0,83592.0,0.037,167.4,231.9,0.0,0.055,0.099,1685.5,3056.0
frostdemon,martialartist,android_enhancement_a,metal_overheat,m100,3,75.0,75.0,15.0,7.5,3.0,37.5,18000.0,122850.0,1350.0,75.0,3089.0,83592.0,0.037,301.4,712.1,0.01,0.099,0.179,1685.5,3056.0
frostdemon,martialartist,android_enhancement_a,metal_overheat,m100,5,75.0,75.0,15.0,7.5,3.0,37.5,18000.0,122850.0,1350.0,75.0,2746.1,83592.0,0.033,502.3,1479.0,0.01,0.164,0.298,1685.5,3056.0
frostdemon,martialartist,android_enhancement_a,metal_overheat,m100,7,75.0,75.0,15.0,7.5,3.0,37.5,18000.0,122850.0,1350.0,75.0,2746.1,83592.0,0.033,636.2,2191.1,0.02,0.208,0.377,1685.5,3056.0
frostdemon,martialartist,androidforms,androidbase,m0,1,1.5,1.5,2.75,2.0,2.0,2.0,360.0,2457.0,247.5,2.75,1468.6,1703.3,0.862,108.4,226.3,0.09,0.053,0.065,1657.6,2044.0
frostdemon,martialartist,androidforms,androidbase,m0,3,1.5,1.5,2.75,2.0,2.0,2.0,360.0,2457.0,247.5,2.75,1568.1,1703.3,0.921,192.4,690.7,0.28,0.094,0.118,1634.8,2044.0
frostdemon,martialartist,androidforms,androidbase,m0,5,1.5,1.5,2.75,2.0,2.0,2.0,360.0,2457.0,247.5,2.75,1350.4,1703.3,0.793,317.1,1418.7,0.58,0.155,0.196,1616.7,2044.0
frostdemon,martialartist,androidforms,androidbase,m0,7,1.5,1.5,2.75,2.0,2.0,2.0,360.0,2457.0,247.5,2.75,1350.4,1703.3,0.793,401.7,2101.7,0.86,0.197,0.248,1616.7,2044.0
frostdemon,martialartist,androidforms,androidbase,m100,1,2.25,2.25,4.12,3.0,3.0,3.0,540.0,3685.5,371.2,4.12,1803.3,2555.0,0.706,150.3,294.9,0.08,0.049,0.07,2160.5,3056.0
frostdemon,martialartist,androidforms,androidbase,m100,3,2.25,2.25,4.12,3.0,3.0,3.0,540.0,3685.5,371.2,4.12,1999.9,2555.0,0.783,265.4,895.5,0.24,0.087,0.125,2119.6,3056.0
frostdemon,martialartist,androidforms,androidbase,m100,5,2.25,2.25,4.12,3.0,3.0,3.0,540.0,3685.5,371.2,4.12,1569.6,2555.0,0.614,435.5,1831.4,0.5,0.143,0.209,2087.1,3056.0
frostdemon,martialartist,androidforms,androidbase,m100,7,2.25,2.25,4.12,3.0,3.0,3.0,540.0,3685.5,371.2,4.12,1569.6,2555.0,0.614,551.6,2713.3,0.74,0.181,0.264,2087.1,3056.0
frostdemon,martialartist,androidforms,mecha,m0,1,9.0,9.0,14.5,2.0,2.0,13.0,2160.0,14742.0,1305.0,14.5,2502.8,10163.6,0.246,132.1,218.6,0.01,0.065,0.082,1601.4,2044.0
frostdemon,martialartist,androidforms,mecha,m0,3,9.0,9.0,14.5,2.0,2.0,13.0,2160.0,14742.0,1305.0,14.5,2252.3,10163.6,0.222,237.7,676.6,0.05,0.116,0.148,1601.4,2044.0
frostdemon,martialartist,androidforms,mecha,m0,5,9.0,9.0,14.5,2.0,2.0,13.0,2160.0,14742.0,1305.0,14.5,2039.2,10163.6,0.201,396.2,1405.2,0.1,0.194,0.247,1601.4,2044.0
frostdemon,martialartist,androidforms,mecha,m0,7,9.0,9.0,14.5,2.0,2.0,13.0,2160.0,14742.0,1305.0,14.5,2039.2,10163.6,0.201,501.8,2081.8,0.14,0.246,0.313,1601.4,2044.0
frostdemon,martialartist,androidforms,mecha,m100,1,13.5,13.5,21.75,3.0,3.0,19.5,3240.0,22113.0,1957.5,21.75,2629.4,15245.4,0.172,165.2,260.4,0.01,0.054,0.087,1907.5,3056.0
frostdemon,martialartist,androidforms,mecha,m100,3,13.5,13.5,21.75,3.0,3.0,19.5,3240.0,22113.0,1957.5,21.75,2418.4,15245.4,0.159,297.4,805.9,0.04,0.097,0.156,1907.5,3056.0
frostdemon,martialartist,androidforms,mecha,m100,5,13.5,13.5,21.75,3.0,3.0,19.5,3240.0,22113.0,1957.5,21.75,2173.9,15245.4,0.143,495.7,1673.8,0.08,0.162,0.26,1907.5,3056.0
frostdemon,martialartist,androidforms,mecha,m100,7,13.5,13.5,21.75,3.0,3.0,19.5,3240.0,22113.0,1957.5,21.75,2173.9,15245.4,0.143,627.9,2479.7,0.11,0.205,0.329,1907.5,3056.0
frostdemon,martialartist,androidforms,metal,m0,1,19.0,19.0,23.0,2.0,2.0,23.0,4560.0,31122.0,2070.0,23.0,2841.6,21371.4,0.133,136.6,213.8,0.01,0.067,0.087,1566.4,2044.0
frostdemon,martialartist,androidforms,metal,m0,3,19.0,19.0,23.0,2.0,2.0,23.0,4560.0,31122.0,2070.0,23.0,2611.3,21371.4,0.122,245.9,661.8,0.02,0.12,0.157,1566.4,2044.0
frostdemon,martialartist,androidforms,metal,m0,5,19.0,19.0,23.0,2.0,2.0,23.0,4560.0,31122.0,2070.0,23.0,2330.2,21371.4,0.109,409.8,1374.5,0.04,0.2,0.262,1566.4,2044.0
frostdemon,martialartist,androidforms,metal,m0,7,19.0,19.0,23.0,2.0,2.0,23.0,4560.0,31122.0,2070.0,23.0,2330.2,21371.4,0.109,519.0,2036.3,0.07,0.254,0.331,1566.4,2044.0
frostdemon,martialartist,androidforms,metal,m100,1,28.5,28.5,34.5,3.0,3.0,34.5,6840.0,46683.0,3105.0,34.5,2925.0,32057.1,0.091,166.3,248.5,0.01,0.054,0.091,1820.5,3056.0
frostdemon,martialartist,androidforms,metal,m100,3,28.5,28.5,34.5,3.0,3.0,34.5,6840.0,46683.0,3105.0,34.5,2767.7,32057.1,0.086,299.4,769.1,0.02,0.098,0.164,1820.5,3056.0
frostdemon,martialartist,androidforms,metal,m100,5,28.5,28.5,34.5,3.0,3.0,34.5,6840.0,46683.0,3105.0,34.5,2457.1,32057.1,0.077,499.0,1597.5,0.03,0.163,0.274,1820.5,3056.0
frostdemon,martialartist,androidforms,metal,m100,7,28.5,28.5,34.5,3.0,3.0,34.5,6840.0,46683.0,3105.0,34.5,2457.1,32057.1,0.077,632.0,2366.6,0.05,0.207,0.347,1820.5,3056.0
frostdemon,martialartist,arcosian_god,black,m0,1,1.0,1.0,1.0,1.0,1.0,1.0,240.0,1638.0,90.0,1.0,1125.9,1125.9,1.0,61.9,140.9,0.09,0.06,0.06,1032.0,1032.0
frostdemon,martialartist,arcosian_god,black,m0,3,1.0,1.0,1.0,1.0,1.0,1.0,240.0,1638.0,90.0,1.0,1125.9,1125.9,1.0,102.2,436.0,0.27,0.099,0.099,1032.0,1032.0
frostdemon,martialartist,arcosian_god,black,m0,5,1.0,1.0,1.0,1.0,1.0,1.0,240.0,1638.0,90.0,1.0,1125.9,1125.9,1.0,170.3,905.6,0.55,0.165,0.165,1032.0,1032.0
frostdemon,martialartist,arcosian_god,black,m0,7,1.0,1.0,1.0,1.0,1.0,1.0,240.0,1638.0,90.0,1.0,1125.9,1125.9,1.0,215.7,1341.6,0.82,0.209,0.209,1032.0,1032.0
frostdemon,martialartist,arcosian_god,black,m100,1,1.0,1.0,1.0,1.0,1.0,1.0,240.0,1638.0,90.0,1.0,1125.9,1125.9,1.0,61.9,140.9,0.09,0.06,0.06,1032.0,1032.0
frostdemon,martialartist,arcosian_god,black,m100,3,1.0,1.0,1.0,1.0,1.0,1.0,240.0,1638.0,90.0,1.0,1125.9,1125.9,1.0,102.2,436.0,0.27,0.099,0.099,1032.0,1032.0
frostdemon,martialartist,arcosian_god,black,m100,5,1.0,1.0,1.0,1.0,1.0,1.0,240.0,1638.0,90.0,1.0,1125.9,1125.9,1.0,170.3,905.6,0.55,0.165,0.165,1032.0,1032.0
frostdemon,martialartist,arcosian_god,black,m100,7,1.0,1.0,1.0,1.0,1.0,1.0,240.0,1638.0,90.0,1.0,1125.9,1125.9,1.0,215.7,1341.6,0.82,0.209,0.209,1032.0,1032.0
frostdemon,martialartist,arcosian_god,black_2,m0,1,1.0,1.0,1.0,1.0,1.0,1.0,240.0,1638.0,90.0,1.0,1125.9,1125.9,1.0,61.9,140.9,0.09,0.06,0.06,1032.0,1032.0
frostdemon,martialartist,arcosian_god,black_2,m0,3,1.0,1.0,1.0,1.0,1.0,1.0,240.0,1638.0,90.0,1.0,1125.9,1125.9,1.0,102.2,436.0,0.27,0.099,0.099,1032.0,1032.0
frostdemon,martialartist,arcosian_god,black_2,m0,5,1.0,1.0,1.0,1.0,1.0,1.0,240.0,1638.0,90.0,1.0,1125.9,1125.9,1.0,170.3,905.6,0.55,0.165,0.165,1032.0,1032.0
frostdemon,martialartist,arcosian_god,black_2,m0,7,1.0,1.0,1.0,1.0,1.0,1.0,240.0,1638.0,90.0,1.0,1125.9,1125.9,1.0,215.7,1341.6,0.82,0.209,0.209,1032.0,1032.0
frostdemon,martialartist,arcosian_god,black_2,m100,1,1.0,1.0,1.0,1.0,1.0,1.0,240.0,1638.0,90.0,1.0,1125.9,1125.9,1.0,61.9,140.9,0.09,0.06,0.06,1032.0,1032.0
frostdemon,martialartist,arcosian_god,black_2,m100,3,1.0,1.0,1.0,1.0,1.0,1.0,240.0,1638.0,90.0,1.0,1125.9,1125.9,1.0,102.2,436.0,0.27,0.099,0.099,1032.0,1032.0
frostdemon,martialartist,arcosian_god,black_2,m100,5,1.0,1.0,1.0,1.0,1.0,1.0,240.0,1638.0,90.0,1.0,1125.9,1125.9,1.0,170.3,905.6,0.55,0.165,0.165,1032.0,1032.0
frostdemon,martialartist,arcosian_god,black_2,m100,7,1.0,1.0,1.0,1.0,1.0,1.0,240.0,1638.0,90.0,1.0,1125.9,1125.9,1.0,215.7,1341.6,0.82,0.209,0.209,1032.0,1032.0
frostdemon,martialartist,evolutionforms,second,m0,1,2.65,2.65,2.65,1.0,1.0,2.38,636.0,4340.7,238.5,2.65,1949.1,2977.7,0.655,67.1,146.3,0.03,0.065,0.065,1032.0,1032.0
frostdemon,martialartist,evolutionforms,second,m0,3,2.65,2.65,2.65,1.0,1.0,2.38,636.0,4340.7,238.5,2.65,2187.9,2977.7,0.735,120.8,436.0,0.1,0.117,0.117,1032.0,1032.0
frostdemon,martialartist,evolutionforms,second,m0,5,2.65,2.65,2.65,1.0,1.0,2.38,636.0,4340.7,238.5,2.65,1665.1,2977.7,0.559,201.3,905.6,0.21,0.195,0.195,1032.0,1032.0
frostdemon,martialartist,evolutionforms,second,m0,7,2.65,2.65,2.65,1.0,1.0,2.38,636.0,4340.7,238.5,2.65,1665.1,2977.7,0.559,254.9,1341.6,0.31,0.247,0.247,1032.0,1032.0
frostdemon,martialartist,evolutionforms,second,m100,1,3.97,3.97,3.97,1.0,1.0,3.56,954.0,6511.0,357.7,3.97,2406.7,4464.7,0.539,71.4,180.7,0.03,0.069,0.069,1032.0,1032.0
frostdemon,martialartist,evolutionforms,second,m100,3,3.97,3.97,3.97,1.0,1.0,3.56,954.0,6511.0,357.7,3.97,2778.4,4464.7,0.622,128.5,528.2,0.08,0.125,0.125,1032.0,1032.0
frostdemon,martialartist,evolutionforms,second,m100,5,3.97,3.97,3.97,1.0,1.0,3.56,954.0,6511.0,357.7,3.97,1964.9,4464.7,0.44,214.2,905.6,0.14,0.208,0.208,1032.0,1032.0
frostdemon,martialartist,evolutionforms,second,m100,7,3.97,3.97,3.97,1.0,1.0,3.56,954.0,6511.0,357.7,3.97,1964.9,4464.7,0.44,271.3,1341.6,0.21,0.263,0.263,1032.0,1032.0
frostdemon,martialartist,evolutionforms,third,m0,1,4.1,4.1,4.1,1.0,1.0,3.81,984.0,6715.8,369.0,4.1,2446.9,4605.0,0.531,71.7,183.7,0.03,0.069,0.069,1032.0,1032.0
frostdemon,martialartist,evolutionforms,third,m0,3,4.1,4.1,4.1,1.0,1.0,3.81,984.0,6715.8,369.0,4.1,2830.2,4605.0,0.615,129.1,538.1,0.08,0.125,0.125,1032.0,1032.0
frostdemon,martialartist,evolutionforms,third,m0,5,4.1,4.1,4.1,1.0,1.0,3.81,984.0,6715.8,369.0,4.1,1991.2,4605.0,0.432,215.1,905.6,0.13,0.208,0.208,1032.0,1032.0
frostdemon,martialartist,evolutionforms,third,m0,7,4.1,4.1,4.1,1.0,1.0,3.81,984.0,6715.8,369.0,4.1,1991.2,4605.0,0.432,272.5,1341.6,0.2,0.264,0.264,1032.0,1032.0
frostdemon,martialartist,evolutionforms,third,m100,1,6.15,6.15,6.15,1.0,1.0,5.72,1476.0,10073.7,553.5,6.15,2364.9,6905.7,0.342,76.0,177.5,0.02,0.074,0.074,1032.0,1032.0
frostdemon,martialartist,evolutionforms,third,m100,3,6.15,6.15,6.15,1.0,1.0,5.72,1476.0,10073.7,553.5,6.15,2126.9,6905.7,0.308,136.8,436.0,0.04,0.133,0.133,1032.0,1032.0
frostdemon,martialartist,evolutionforms,third,m100,5,6.15,6.15,6.15,1.0,1.0,5.72,1476.0,10073.7,553.5,6.15,1937.5,6905.7,0.281,228.0,905.6,0.09,0.221,0.221,1032.0,1032.0
frostdemon,martialartist,evolutionforms,third,m100,7,6.15,6.15,6.15,1.0,1.0,5.72,1476.0,10073.7,553.5,6.15,1937.5,6905.7,0.281,288.8,1341.6,0.13,0.28,0.28,1032.0,1032.0
frostdemon,martialartist,evolutionforms,final,m0,1,6.5,6.5,6.5,1.0,1.0,6.19,1560.0,10647.0,585.0,6.5,2398.0,7298.6,0.329,76.6,180.0,0.02,0.074,0.074,1032.0,1032.0
frostdemon,martialartist,evolutionforms,final,m0,3,6.5,6.5,6.5,1.0,1.0,6.19,1560.0,10647.0,585.0,6.5,2153.6,7298.6,0.295,137.9,436.0,0.04,0.134,0.134,1032.0,1032.0
frostdemon,martialartist,evolutionforms,final,m0,5,6.5,6.5,6.5,1.0,1.0,6.19,1560.0,10647.0,585.0,6.5,1959.2,7298.6,0.268,229.8,905.6,0.09,0.223,0.223,1032.0,1032.0
frostdemon,martialartist,evolutionforms,final,m0,7,6.5,6.5,6.5,1.0,1.0,6.19,1560.0,10647.0,585.0,6.5,1959.2,7298.6,0.268,291.1,1341.6,0.13,0.282,0.282,1032.0,1032.0
frostdemon,martialartist,evolutionforms,final,m100,1,9.75,9.75,9.75,1.0,1.0,9.28,2340.0,15970.5,877.5,9.75,2638.8,10946.0,0.241,80.9,198.1,0.01,0.078,0.078,1032.0,1032.0
frostdemon,martialartist,evolutionforms,final,m100,3,9.75,9.75,9.75,1.0,1.0,9.28,2340.0,15970.5,877.5,9.75,2348.1,10946.0,0.215,145.6,446.4,0.03,0.141,0.141,1032.0,1032.0
frostdemon,martialartist,evolutionforms,final,m100,5,9.75,9.75,9.75,1.0,1.0,9.28,2340.0,15970.5,877.5,9.75,2116.9,10946.0,0.193,242.7,905.6,0.06,0.235,0.235,1032.0,1032.0
frostdemon,martialartist,evolutionforms,final,m100,7,9.75,9.75,9.75,1.0,1.0,9.28,2340.0,15970.5,877.5,9.75,2116.9,10946.0,0.193,307.4,1341.6,0.08,0.298,0.298,1032.0,1032.0
frostdemon,martialartist,evolutionforms,fullpower,m0,1,9.15,9.15,9.15,1.0,1.0,8.5,2196.0,14987.7,823.5,9.15,2601.4,10272.6,0.253,80.2,195.3,0.01,0.078,0.078,1032.0,1032.0
frostdemon,martialartist,evolutionforms,fullpower,m0,3,9.15,9.15,9.15,1.0,1.0,8.5,2196.0,14987.7,823.5,9.15,2317.9,10272.6,0.226,144.4,440.7,0.03,0.14,0.14,1032.0,1032.0
frostdemon,martialartist,evolutionforms,fullpower,m0,5,9.15,9.15,9.15,1.0,1.0,8.5,2196.0,14987.7,823.5,9.15,2092.4,10272.6,0.204,240.7,905.6,0.06,0.233,0.233,1032.0,1032.0
frostdemon,martialartist,evolutionforms,fullpower,m0,7,9.15,9.15,9.15,1.0,1.0,8.5,2196.0,14987.7,823.5,9.15,2092.4,10272.6,0.204,304.8,1341.6,0.09,0.295,0.295,1032.0,1032.0
frostdemon,martialartist,evolutionforms,fullpower,m100,1,13.73,13.73,13.73,1.0,1.0,12.75,3294.0,22481.6,1235.3,13.73,2826.5,15407.2,0.183,84.5,202.4,0.01,0.082,0.082,1032.0,1032.0
frostdemon,martialartist,evolutionforms,fullpower,m100,3,13.73,13.73,13.73,1.0,1.0,12.75,3294.0,22481.6,1235.3,13.73,2508.0,15407.2,0.163,152.1,476.8,0.02,0.147,0.147,1032.0,1032.0
frostdemon,martialartist,evolutionforms,fullpower,m100,5,13.73,13.73,13.73,1.0,1.0,12.75,3294.0,22481.6,1235.3,13.73,2246.5,15407.2,0.146,253.6,905.6,0.04,0.246,0.246,1032.0,1032.0
frostdemon,martialartist,evolutionforms,fullpower,m100,7,13.73,13.73,13.73,1.0,1.0,12.75,3294.0,22481.6,1235.3,13.73,2246.5,15407.2,0.146,321.2,1341.6,0.06,0.311,0.311,1032.0,1032.0
frostdemon,martialartist,evolutionforms,fifth,m0,1,14.5,14.5,14.5,1.0,1.0,12.0,3480.0,23751.0,1305.0,14.5,2846.1,16277.0,0.175,85.1,202.9,0.01,0.082,0.082,1032.0,1032.0
frostdemon,martialartist,evolutionforms,fifth,m0,3,14.5,14.5,14.5,1.0,1.0,12.0,3480.0,23751.0,1305.0,14.5,2533.1,16277.0,0.156,153.2,481.6,0.02,0.148,0.148,1032.0,1032.0
frostdemon,martialartist,evolutionforms,fifth,m0,5,14.5,14.5,14.5,1.0,1.0,12.0,3480.0,23751.0,1305.0,14.5,2266.9,16277.0,0.139,255.3,905.6,0.04,0.247,0.247,1032.0,1032.0
frostdemon,martialartist,evolutionforms,fifth,m0,7,14.5,14.5,14.5,1.0,1.0,12.0,3480.0,23751.0,1305.0,14.5,2266.9,16277.0,0.139,323.4,1341.6,0.06,0.313,0.313,1032.0,1032.0
frostdemon,martialartist,evolutionforms,fifth,m100,1,21.75,21.75,21.75,1.0,1.0,18.0,5220.0,35626.5,1957.5,21.75,2970.3,24413.6,0.122,89.4,207.0,0.01,0.087,0.087,1032.0,1032.0
frostdemon,martialartist,evolutionforms,fifth,m100,3,21.75,21.75,21.75,1.0,1.0,18.0,5220.0,35626.5,1957.5,21.75,2711.5,24413.6,0.111,160.9,515.5,0.01,0.156,0.156,1032.0,1032.0
frostdemon,martialartist,evolutionforms,fifth,m100,5,21.75,21.75,21.75,1.0,1.0,18.0,5220.0,35626.5,1957.5,21.75,2411.5,24413.6,0.099,268.2,905.6,0.03,0.26,0.26,1032.0,1032.0
frostdemon,martialartist,evolutionforms,fifth,m100,7,21.75,21.75,21.75,1.0,1.0,18.0,5220.0,35626.5,1957.5,21.75,2411.5,24413.6,0.099,339.7,1341.6,0.04,0.329,0.329,1032.0,1032.0
frostdemon,martialartist,legendaryforms,golden,m0,1,8.5,8.5,8.5,1.0,1.0,7.69,2040.0,13923.0,765.0,8.5,2557.8,9543.2,0.268,79.4,192.0,0.01,0.077,0.077,1032.0,1032.0
frostdemon,martialartist,legendaryforms,golden,m0,3,8.5,8.5,8.5,1.0,1.0,7.69,2040.0,13923.0,765.0,8.5,2282.7,9543.2,0.239,143.0,436.0,0.03,0.139,0.139,1032.0,1032.0
frostdemon,martialartist,legendaryforms,golden,m0,5,8.5,8.5,8.5,1.0,1.0,7.69,2040.0,13923.0,765.0,8.5,2063.8,9543.2,0.216,238.3,905.6,0.07,0.231,0.231,1032.0,1032.0
frostdemon,martialartist,legendaryforms,golden,m0,7,8.5,8.5,8.5,1.0,1.0,7.69,2040.0,13923.0,765.0,8.5,2063.8,9543.2,0.216,301.9,1341.6,0.1,0.293,0.293,1032.0,1032.0
frostdemon,martialartist,legendaryforms,golden,m100,1,12.75,12.75,12.75,1.0,1.0,11.53,3060.0,20884.5,1147.5,12.75,2794.7,14312.9,0.195,83.7,201.7,0.01,0.081,0.081,1032.0,1032.0
frostdemon,martialartist,legendaryforms,golden,m100,3,12.75,12.75,12.75,1.0,1.0,11.53,3060.0,20884.5,1147.5,12.75,2474.0,14312.9,0.173,150.7,470.4,0.02,0.146,0.146,1032.0,1032.0
frostdemon,martialartist,legendaryforms,golden,m100,5,12.75,12.75,12.75,1.0,1.0,11.53,3060.0,20884.5,1147.5,12.75,2219.0,14312.9,0.155,251.2,905.6,0.04,0.243,0.243,1032.0,1032.0
frostdemon,martialartist,legendaryforms,golden,m100,7,12.75,12.75,12.75,1.0,1.0,11.53,3060.0,20884.5,1147.5,12.75,2219.0,14312.9,0.155,318.2,1341.6,0.06,0.308,0.308,1032.0,1032.0
frostdemon,martialartist,legendaryforms,goldenfifth,m0,1,14.75,14.75,14.0,1.0,1.0,12.31,3540.0,24160.5,1260.0,14.75,2851.7,16549.9,0.172,85.3,203.1,0.01,0.083,0.083,1032.0,1032.0
frostdemon,martialartist,legendaryforms,goldenfifth,m0,3,14.75,14.75,14.0,1.0,1.0,12.31,3540.0,24160.5,1260.0,14.75,2540.6,16549.9,0.154,153.5,483.0,0.02,0.149,0.149,1032.0,1032.0
frostdemon,martialartist,legendaryforms,goldenfifth,m0,5,14.75,14.75,14.0,1.0,1.0,12.31,3540.0,24160.5,1260.0,14.75,2272.9,16549.9,0.137,255.8,905.6,0.04,0.248,0.248,1032.0,1032.0
frostdemon,martialartist,legendaryforms,goldenfifth,m0,7,14.75,14.75,14.0,1.0,1.0,12.31,3540.0,24160.5,1260.0,14.75,2272.9,16549.9,0.137,324.1,1341.6,0.06,0.314,0.314,1032.0,1032.0
frostdemon,martialartist,legendaryforms,goldenfifth,m100,1,22.12,22.12,21.0,1.0,1.0,18.47,5310.0,36240.8,1890.0,22.12,2974.4,24823.1,0.12,89.6,207.2,0.01,0.087,0.087,1032.0,1032.0
frostdemon,martialartist,legendaryforms,goldenfifth,m100,3,22.12,22.12,21.0,1.0,1.0,18.47,5310.0,36240.8,1890.0,22.12,2718.4,24823.1,0.11,161.2,516.8,0.01,0.156,0.156,1032.0,1032.0
frostdemon,martialartist,legendaryforms,goldenfifth,m100,5,22.12,22.12,21.0,1.0,1.0,18.47,5310.0,36240.8,1890.0,22.12,2417.1,24823.1,0.097,268.7,905.6,0.02,0.26,0.26,1032.0,1032.0
frostdemon,martialartist,legendaryforms,goldenfifth,m100,7,22.12,22.12,21.0,1.0,1.0,18.47,5310.0,36240.8,1890.0,22.12,2417.1,24823.1,0.097,340.4,1341.6,0.04,0.33,0.33,1032.0,1032.0
frostdemon,paladin,base,Base,m0,1,1.0,1.0,1.0,1.0,1.0,1.0,280.0,426.0,120.0,1.0,330.5,330.5,1.0,61.8,140.6,0.33,0.06,0.06,1030.0,1030.0
frostdemon,paladin,base,Base,m0,3,1.0,1.0,1.0,1.0,1.0,1.0,280.0,426.0,120.0,1.0,330.5,330.5,1.0,102.0,435.2,1.02,0.099,0.099,1030.0,1030.0
frostdemon,paladin,base,Base,m0,5,1.0,1.0,1.0,1.0,1.0,1.0,280.0,426.0,120.0,1.0,330.5,330.5,1.0,170.0,903.8,2.12,0.165,0.165,1030.0,1030.0
frostdemon,paladin,base,Base,m0,7,1.0,1.0,1.0,1.0,1.0,1.0,280.0,426.0,120.0,1.0,330.5,330.5,1.0,215.3,1339.0,3.14,0.209,0.209,1030.0,1030.0
frostdemon,paladin,android_enhancement_a,metal_overdrive,m0,1,10.0,10.0,50.0,10.0,2.0,25.0,2800.0,4260.0,6000.0,50.0,654.1,4801.7,0.136,137.4,205.4,0.03,0.067,0.095,1504.4,2040.0
frostdemon,paladin,android_enhancement_a,metal_overdrive,m0,3,10.0,10.0,50.0,10.0,2.0,25.0,2800.0,4260.0,6000.0,50.0,641.2,4801.7,0.134,257.7,635.6,0.11,0.126,0.171,1504.4,2040.0
frostdemon,paladin,android_enhancement_a,metal_overdrive,m0,5,10.0,10.0,50.0,10.0,2.0,25.0,2800.0,4260.0,6000.0,50.0,582.4,4801.7,0.121,429.5,1320.1,0.22,0.211,0.286,1504.4,2040.0
frostdemon,paladin,android_enhancement_a,metal_overdrive,m0,7,10.0,10.0,50.0,10.0,2.0,25.0,2800.0,4260.0,6000.0,50.0,582.4,4801.7,0.121,544.1,1955.8,0.33,0.267,0.362,1504.4,2040.0
frostdemon,paladin,android_enhancement_a,metal_overdrive,m100,1,15.0,15.0,75.0,15.0,3.0,37.5,4200.0,6390.0,9000.0,75.0,667.9,7202.5,0.093,140.3,229.6,0.03,0.046,0.099,1682.2,3050.0
frostdemon,paladin,android_enhancement_a,metal_overdrive,m100,3,15.0,15.0,75.0,15.0,3.0,37.5,4200.0,6390.0,9000.0,75.0,667.9,7202.5,0.093,300.8,710.7,0.08,0.099,0.179,1682.2,3050.0
frostdemon,paladin,android_enhancement_a,metal_overdrive,m100,5,15.0,15.0,75.0,15.0,3.0,37.5,4200.0,6390.0,9000.0,75.0,608.9,7202.5,0.085,501.3,1476.1,0.16,0.164,0.298,1682.2,3050.0
frostdemon,paladin,android_enhancement_a,metal_overdrive,m100,7,15.0,15.0,75.0,15.0,3.0,37.5,4200.0,6390.0,9000.0,75.0,608.9,7202.5,0.085,635.0,2186.8,0.24,0.208,0.377,1682.2,3050.0
frostdemon,paladin,android_enhancement_a,metal_overheat,m0,1,50.0,50.0,10.0,5.0,2.0,25.0,14000.0,21300.0,1200.0,50.0,896.9,15837.5,0.057,143.2,205.4,0.01,0.07,0.095,1504.4,2040.0
frostdemon,paladin,android_enhancement_a,metal_overheat,m0,3,50.0,50.0,10.0,5.0,2.0,25.0,14000.0,21300.0,1200.0,50.0,874.3,15837.5,0.055,257.7,635.6,0.03,0.126,0.171,1504.4,2040.0
frostdemon,paladin,android_enhancement_a,metal_overheat,m0,5,50.0,50.0,10.0,5.0,2.0,25.0,14000.0,21300.0,1200.0,50.0,771.4,15837.5,0.049,429.5,1320.1,0.06,0.211,0.286,1504.4,2040.0
frostdemon,paladin,android_enhancement_a,metal_overheat,m0,7,50.0,50.0,10.0,5.0,2.0,25.0,14000.0,21300.0,1200.0,50.0,771.4,15837.5,0.049,544.1,1955.8,0.09,0.267,0.362,1504.4,2040.0
frostdemon,paladin,android_enhancement_a,metal_overheat,m100,1,75.0,75.0,15.0,7.5,3.0,37.5,21000.0,31950.0,1800.0,75.0,896.5,23756.2,0.038,167.1,229.6,0.01,0.055,0.099,1682.2,3050.0
frostdemon,paladin,android_enhancement_a,metal_overheat,m100,3,75.0,75.0,15.0,7.5,3.0,37.5,21000.0,31950.0,1800.0,75.0,896.5,23756.2,0.038,300.8,710.7,0.02,0.099,0.179,1682.2,3050.0
frostdemon,paladin,android_enhancement_a,metal_overheat,m100,5,75.0,75.0,15.0,7.5,3.0,37.5,21000.0,31950.0,1800.0,75.0,797.6,23756.2,0.034,501.3,1476.1,0.05,0.164,0.298,1682.2,3050.0
frostdemon,paladin,android_enhancement_a,metal_overheat,m100,7,75.0,75.0,15.0,7.5,3.0,37.5,21000.0,31950.0,1800.0,75.0,797.6,23756.2,0.034,635.0,2186.8,0.07,0.208,0.377,1682.2,3050.0
frostdemon,paladin,androidforms,androidbase,m0,1,1.5,1.5,2.75,2.0,2.0,2.0,420.0,639.0,330.0,2.75,436.4,514.2,0.849,91.6,225.8,0.35,0.045,0.065,1654.3,2040.0
frostdemon,paladin,androidforms,androidbase,m0,3,1.5,1.5,2.75,2.0,2.0,2.0,420.0,639.0,330.0,2.75,467.2,514.2,0.909,192.0,689.4,1.08,0.094,0.118,1631.6,2040.0
frostdemon,paladin,androidforms,androidbase,m0,5,1.5,1.5,2.75,2.0,2.0,2.0,420.0,639.0,330.0,2.75,399.9,514.2,0.778,316.5,1415.9,2.22,0.155,0.196,1613.5,2040.0
frostdemon,paladin,androidforms,androidbase,m0,7,1.5,1.5,2.75,2.0,2.0,2.0,420.0,639.0,330.0,2.75,399.9,514.2,0.778,400.9,2097.6,3.28,0.197,0.248,1613.5,2040.0
frostdemon,paladin,androidforms,androidbase,m100,1,2.25,2.25,4.12,3.0,3.0,3.0,630.0,958.5,495.0,4.12,536.0,771.3,0.695,112.6,294.3,0.31,0.037,0.07,2156.3,3050.0
frostdemon,paladin,androidforms,androidbase,m100,3,2.25,2.25,4.12,3.0,3.0,3.0,630.0,958.5,495.0,4.12,595.7,771.3,0.772,264.8,893.8,0.93,0.087,0.125,2115.5,3050.0
frostdemon,paladin,androidforms,androidbase,m100,5,2.25,2.25,4.12,3.0,3.0,3.0,630.0,958.5,495.0,4.12,465.1,771.3,0.603,434.6,1827.9,1.91,0.143,0.209,2083.0,3050.0
frostdemon,paladin,androidforms,androidbase,m100,7,2.25,2.25,4.12,3.0,3.0,3.0,630.0,958.5,495.0,4.12,465.1,771.3,0.603,550.5,2707.9,2.83,0.181,0.264,2083.0,3050.0
frostdemon,paladin,androidforms,mecha,m0,1,9.0,9.0,14.5,2.0,2.0,13.0,2520.0,3834.0,1740.0,14.5,736.3,3025.8,0.243,131.8,218.2,0.06,0.065,0.082,1598.3,2040.0
frostdemon,paladin,androidforms,mecha,m0,3,9.0,9.0,14.5,2.0,2.0,13.0,2520.0,3834.0,1740.0,14.5,662.4,3025.8,0.219,237.2,675.3,0.18,0.116,0.148,1598.3,2040.0
frostdemon,paladin,androidforms,mecha,m0,5,9.0,9.0,14.5,2.0,2.0,13.0,2520.0,3834.0,1740.0,14.5,599.6,3025.8,0.198,395.4,1402.5,0.37,0.194,0.247,1598.3,2040.0
frostdemon,paladin,androidforms,mecha,m0,7,9.0,9.0,14.5,2.0,2.0,13.0,2520.0,3834.0,1740.0,14.5,599.6,3025.8,0.198,500.8,2077.7,0.54,0.246,0.313,1598.3,2040.0
frostdemon,paladin,androidforms,mecha,m100,1,13.5,13.5,21.75,3.0,3.0,19.5,3780.0,5751.0,2610.0,21.75,773.5,4538.6,0.17,162.4,259.9,0.05,0.053,0.087,1903.7,3050.0
frostdemon,paladin,androidforms,mecha,m100,3,13.5,13.5,21.75,3.0,3.0,19.5,3780.0,5751.0,2610.0,21.75,711.3,4538.6,0.157,296.8,804.3,0.14,0.097,0.156,1903.7,3050.0
frostdemon,paladin,androidforms,mecha,m100,5,13.5,13.5,21.75,3.0,3.0,19.5,3780.0,5751.0,2610.0,21.75,639.2,4538.6,0.141,494.7,1670.5,0.29,0.162,0.26,1903.7,3050.0
frostdemon,paladin,androidforms,mecha,m100,7,13.5,13.5,21.75,3.0,3.0,19.5,3780.0,5751.0,2610.0,21.75,639.2,4538.6,0.141,626.7,2474.9,0.43,0.205,0.329,1903.7,3050.0
frostdemon,paladin,androidforms,metal,m0,1,19.0,19.0,23.0,2.0,2.0,23.0,5320.0,8094.0,2760.0,23.0,833.1,6277.8,0.133,136.3,213.4,0.03,0.067,0.087,1563.3,2040.0
frostdemon,paladin,androidforms,metal,m0,3,19.0,19.0,23.0,2.0,2.0,23.0,5320.0,8094.0,2760.0,23.0,765.6,6277.8,0.122,245.4,660.5,0.08,0.12,0.157,1563.3,2040.0
frostdemon,paladin,androidforms,metal,m0,5,19.0,19.0,23.0,2.0,2.0,23.0,5320.0,8094.0,2760.0,23.0,683.3,6277.8,0.109,409.0,1371.8,0.17,0.2,0.262,1563.3,2040.0
frostdemon,paladin,androidforms,metal,m0,7,19.0,19.0,23.0,2.0,2.0,23.0,5320.0,8094.0,2760.0,23.0,683.3,6277.8,0.109,518.0,2032.3,0.25,0.254,0.331,1563.3,2040.0
frostdemon,paladin,androidforms,metal,m100,1,28.5,28.5,34.5,3.0,3.0,34.5,7980.0,12141.0,4140.0,34.5,857.6,9416.6,0.091,166.0,248.0,0.02,0.054,0.091,1816.9,3050.0
frostdemon,paladin,androidforms,metal,m100,3,28.5,28.5,34.5,3.0,3.0,34.5,7980.0,12141.0,4140.0,34.5,811.5,9416.6,0.086,298.8,767.6,0.06,0.098,0.164,1816.9,3050.0
frostdemon,paladin,androidforms,metal,m100,5,28.5,28.5,34.5,3.0,3.0,34.5,7980.0,12141.0,4140.0,34.5,720.5,9416.6,0.077,498.0,1594.3,0.13,0.163,0.274,1816.9,3050.0
frostdemon,paladin,androidforms,metal,m100,7,28.5,28.5,34.5,3.0,3.0,34.5,7980.0,12141.0,4140.0,34.5,720.5,9416.6,0.077,630.8,2362.0,0.19,0.207,0.347,1816.9,3050.0
frostdemon,paladin,arcosian_god,black,m0,1,1.0,1.0,1.0,1.0,1.0,1.0,280.0,426.0,120.0,1.0,330.5,330.5,1.0,61.8,140.6,0.33,0.06,0.06,1030.0,1030.0
frostdemon,paladin,arcosian_god,black,m0,3,1.0,1.0,1.0,1.0,1.0,1.0,280.0,426.0,120.0,1.0,330.5,330.5,1.0,102.0,435.2,1.02,0.099,0.099,1030.0,1030.0
frostdemon,paladin,arcosian_god,black,m0,5,1.0,1.0,1.0,1.0,1.0,1.0,280.0,426.0,120.0,1.0,330.5,330.5,1.0,170.0,903.8,2.12,0.165,0.165,1030.0,1030.0
frostdemon,paladin,arcosian_god,black,m0,7,1.0,1.0,1.0,1.0,1.0,1.0,280.0,426.0,120.0,1.0,330.5,330.5,1.0,215.3,1339.0,3.14,0.209,0.209,1030.0,1030.0
frostdemon,paladin,arcosian_god,black,m100,1,1.0,1.0,1.0,1.0,1.0,1.0,280.0,426.0,120.0,1.0,330.5,330.5,1.0,61.8,140.6,0.33,0.06,0.06,1030.0,1030.0
frostdemon,paladin,arcosian_god,black,m100,3,1.0,1.0,1.0,1.0,1.0,1.0,280.0,426.0,120.0,1.0,330.5,330.5,1.0,102.0,435.2,1.02,0.099,0.099,1030.0,1030.0
frostdemon,paladin,arcosian_god,black,m100,5,1.0,1.0,1.0,1.0,1.0,1.0,280.0,426.0,120.0,1.0,330.5,330.5,1.0,170.0,903.8,2.12,0.165,0.165,1030.0,1030.0
frostdemon,paladin,arcosian_god,black,m100,7,1.0,1.0,1.0,1.0,1.0,1.0,280.0,426.0,120.0,1.0,330.5,330.5,1.0,215.3,1339.0,3.14,0.209,0.209,1030.0,1030.0
frostdemon,paladin,arcosian_god,black_2,m0,1,1.0,1.0,1.0,1.0,1.0,1.0,280.0,426.0,120.0,1.0,330.5,330.5,1.0,61.8,140.6,0.33,0.06,0.06,1030.0,1030.0
frostdemon,paladin,arcosian_god,black_2,m0,3,1.0,1.0,1.0,1.0,1.0,1.0,280.0,426.0,120.0,1.0,330.5,330.5,1.0,102.0,435.2,1.02,0.099,0.099,1030.0,1030.0
frostdemon,paladin,arcosian_god,black_2,m0,5,1.0,1.0,1.0,1.0,1.0,1.0,280.0,426.0,120.0,1.0,330.5,330.5,1.0,170.0,903.8,2.12,0.165,0.165,1030.0,1030.0
frostdemon,paladin,arcosian_god,black_2,m0,7,1.0,1.0,1.0,1.0,1.0,1.0,280.0,426.0,120.0,1.0,330.5,330.5,1.0,215.3,1339.0,3.14,0.209,0.209,1030.0,1030.0
frostdemon,paladin,arcosian_god,black_2,m100,1,1.0,1.0,1.0,1.0,1.0,1.0,280.0,426.0,120.0,1.0,330.5,330.5,1.0,61.8,140.6,0.33,0.06,0.06,1030.0,1030.0
frostdemon,paladin,arcosian_god,black_2,m100,3,1.0,1.0,1.0,1.0,1.0,1.0,280.0,426.0,120.0,1.0,330.5,330.5,1.0,102.0,435.2,1.02,0.099,0.099,1030.0,1030.0
frostdemon,paladin,arcosian_god,black_2,m100,5,1.0,1.0,1.0,1.0,1.0,1.0,280.0,426.0,120.0,1.0,330.5,330.5,1.0,170.0,903.8,2.12,0.165,0.165,1030.0,1030.0
frostdemon,paladin,arcosian_god,black_2,m100,7,1.0,1.0,1.0,1.0,1.0,1.0,280.0,426.0,120.0,1.0,330.5,330.5,1.0,215.3,1339.0,3.14,0.209,0.209,1030.0,1030.0
frostdemon,paladin,evolutionforms,second,m0,1,2.65,2.65,2.65,1.0,1.0,2.38,742.0,1128.9,318.0,2.65,570.5,870.4,0.655,67.0,140.6,0.12,0.065,0.065,1030.0,1030.0
frostdemon,paladin,evolutionforms,second,m0,3,2.65,2.65,2.65,1.0,1.0,2.38,742.0,1128.9,318.0,2.65,640.1,870.4,0.735,120.5,435.2,0.39,0.117,0.117,1030.0,1030.0
frostdemon,paladin,evolutionforms,second,m0,5,2.65,2.65,2.65,1.0,1.0,2.38,742.0,1128.9,318.0,2.65,487.7,870.4,0.56,200.9,903.8,0.8,0.195,0.195,1030.0,1030.0
frostdemon,paladin,evolutionforms,second,m0,7,2.65,2.65,2.65,1.0,1.0,2.38,742.0,1128.9,318.0,2.65,487.7,870.4,0.56,254.4,1339.0,1.19,0.247,0.247,1030.0,1030.0
frostdemon,paladin,evolutionforms,second,m100,1,3.97,3.97,3.97,1.0,1.0,3.56,1113.0,1693.3,477.0,3.97,703.9,1304.0,0.54,71.2,140.6,0.08,0.069,0.069,1030.0,1030.0
frostdemon,paladin,evolutionforms,second,m100,3,3.97,3.97,3.97,1.0,1.0,3.56,1113.0,1693.3,477.0,3.97,812.3,1304.0,0.623,128.2,435.2,0.26,0.125,0.125,1030.0,1030.0
frostdemon,paladin,evolutionforms,second,m100,5,3.97,3.97,3.97,1.0,1.0,3.56,1113.0,1693.3,477.0,3.97,575.1,1304.0,0.441,213.7,903.8,0.53,0.208,0.208,1030.0,1030.0
frostdemon,paladin,evolutionforms,second,m100,7,3.97,3.97,3.97,1.0,1.0,3.56,1113.0,1693.3,477.0,3.97,575.1,1304.0,0.441,270.7,1339.0,0.79,0.263,0.263,1030.0,1030.0
frostdemon,paladin,evolutionforms,third,m0,1,4.1,4.1,4.1,1.0,1.0,3.81,1148.0,1746.6,492.0,4.1,715.6,1344.9,0.532,71.6,140.6,0.08,0.069,0.069,1030.0,1030.0
frostdemon,paladin,evolutionforms,third,m0,3,4.1,4.1,4.1,1.0,1.0,3.81,1148.0,1746.6,492.0,4.1,827.4,1344.9,0.615,128.8,435.2,0.25,0.125,0.125,1030.0,1030.0
frostdemon,paladin,evolutionforms,third,m0,5,4.1,4.1,4.1,1.0,1.0,3.81,1148.0,1746.6,492.0,4.1,582.7,1344.9,0.433,214.7,903.8,0.52,0.208,0.208,1030.0,1030.0
frostdemon,paladin,evolutionforms,third,m0,7,4.1,4.1,4.1,1.0,1.0,3.81,1148.0,1746.6,492.0,4.1,582.7,1344.9,0.433,272.0,1339.0,0.77,0.264,0.264,1030.0,1030.0
frostdemon,paladin,evolutionforms,third,m100,1,6.15,6.15,6.15,1.0,1.0,5.72,1722.0,2619.9,738.0,6.15,691.7,2015.7,0.343,75.9,140.6,0.05,0.074,0.074,1030.0,1030.0
frostdemon,paladin,evolutionforms,third,m100,3,6.15,6.15,6.15,1.0,1.0,5.72,1722.0,2619.9,738.0,6.15,622.3,2015.7,0.309,136.6,435.2,0.17,0.133,0.133,1030.0,1030.0
frostdemon,paladin,evolutionforms,third,m100,5,6.15,6.15,6.15,1.0,1.0,5.72,1722.0,2619.9,738.0,6.15,567.1,2015.7,0.281,227.6,903.8,0.34,0.221,0.221,1030.0,1030.0
frostdemon,paladin,evolutionforms,third,m100,7,6.15,6.15,6.15,1.0,1.0,5.72,1722.0,2619.9,738.0,6.15,567.1,2015.7,0.281,288.3,1339.0,0.51,0.28,0.28,1030.0,1030.0
frostdemon,paladin,evolutionforms,final,m0,1,6.5,6.5,6.5,1.0,1.0,6.19,1820.0,2769.0,780.0,6.5,701.4,2130.2,0.329,76.4,140.6,0.05,0.074,0.074,1030.0,1030.0
frostdemon,paladin,evolutionforms,final,m0,3,6.5,6.5,6.5,1.0,1.0,6.19,1820.0,2769.0,780.0,6.5,630.1,2130.2,0.296,137.6,435.2,0.16,0.134,0.134,1030.0,1030.0
frostdemon,paladin,evolutionforms,final,m0,5,6.5,6.5,6.5,1.0,1.0,6.19,1820.0,2769.0,780.0,6.5,573.4,2130.2,0.269,229.3,903.8,0.33,0.223,0.223,1030.0,1030.0
frostdemon,paladin,evolutionforms,final,m0,7,6.5,6.5,6.5,1.0,1.0,6.19,1820.0,2769.0,780.0,6.5,573.4,2130.2,0.269,290.5,1339.0,0.48,0.282,0.282,1030.0,1030.0
frostdemon,paladin,evolutionforms,final,m100,1,9.75,9.75,9.75,1.0,1.0,9.28,2730.0,4153.5,1170.0,9.75,771.6,3193.7,0.242,80.7,140.6,0.03,0.078,0.078,1030.0,1030.0
frostdemon,paladin,evolutionforms,final,m100,3,9.75,9.75,9.75,1.0,1.0,9.28,2730.0,4153.5,1170.0,9.75,686.8,3193.7,0.215,145.3,435.2,0.1,0.141,0.141,1030.0,1030.0
frostdemon,paladin,evolutionforms,final,m100,5,9.75,9.75,9.75,1.0,1.0,9.28,2730.0,4153.5,1170.0,9.75,619.4,3193.7,0.194,242.2,903.8,0.22,0.235,0.235,1030.0,1030.0
frostdemon,paladin,evolutionforms,final,m100,7,9.75,9.75,9.75,1.0,1.0,9.28,2730.0,4153.5,1170.0,9.75,619.4,3193.7,0.194,306.8,1339.0,0.32,0.298,0.298,1030.0,1030.0
frostdemon,paladin,evolutionforms,fullpower,m0,1,9.15,9.15,9.15,1.0,1.0,8.5,2562.0,3897.9,1098.0,9.15,760.7,2997.3,0.254,80.1,140.6,0.04,0.078,0.078,1030.0,1030.0
frostdemon,paladin,evolutionforms,fullpower,m0,3,9.15,9.15,9.15,1.0,1.0,8.5,2562.0,3897.9,1098.0,9.15,678.0,2997.3,0.226,144.1,435.2,0.11,0.14,0.14,1030.0,1030.0
frostdemon,paladin,evolutionforms,fullpower,m0,5,9.15,9.15,9.15,1.0,1.0,8.5,2562.0,3897.9,1098.0,9.15,612.3,2997.3,0.204,240.2,903.8,0.23,0.233,0.233,1030.0,1030.0
frostdemon,paladin,evolutionforms,fullpower,m0,7,9.15,9.15,9.15,1.0,1.0,8.5,2562.0,3897.9,1098.0,9.15,612.3,2997.3,0.204,304.2,1339.0,0.34,0.295,0.295,1030.0,1030.0
frostdemon,paladin,evolutionforms,fullpower,m100,1,13.73,13.73,13.73,1.0,1.0,12.75,3843.0,5846.9,1647.0,13.73,826.3,4494.4,0.184,84.4,140.6,0.02,0.082,0.082,1030.0,1030.0
frostdemon,paladin,evolutionforms,fullpower,m100,3,13.73,13.73,13.73,1.0,1.0,12.75,3843.0,5846.9,1647.0,13.73,733.4,4494.4,0.163,151.8,435.2,0.07,0.147,0.147,1030.0,1030.0
frostdemon,paladin,evolutionforms,fullpower,m100,5,13.73,13.73,13.73,1.0,1.0,12.75,3843.0,5846.9,1647.0,13.73,657.2,4494.4,0.146,253.1,903.8,0.15,0.246,0.246,1030.0,1030.0
frostdemon,paladin,evolutionforms,fullpower,m100,7,13.73,13.73,13.73,1.0,1.0,12.75,3843.0,5846.9,1647.0,13.73,657.2,4494.4,0.146,320.5,1339.0,0.23,0.311,0.311,1030.0,1030.0
frostdemon,paladin,evolutionforms,fifth,m0,1,14.5,14.5,14.5,1.0,1.0,12.0,4060.0,6177.0,1740.0,14.5,832.0,4748.0,0.175,84.9,140.6,0.02,0.082,0.082,1030.0,1030.0
frostdemon,paladin,evolutionforms,fifth,m0,3,14.5,14.5,14.5,1.0,1.0,12.0,4060.0,6177.0,1740.0,14.5,740.8,4748.0,0.156,152.9,435.2,0.07,0.148,0.148,1030.0,1030.0
frostdemon,paladin,evolutionforms,fifth,m0,5,14.5,14.5,14.5,1.0,1.0,12.0,4060.0,6177.0,1740.0,14.5,663.1,4748.0,0.14,254.8,903.8,0.15,0.247,0.247,1030.0,1030.0
frostdemon,paladin,evolutionforms,fifth,m0,7,14.5,14.5,14.5,1.0,1.0,12.0,4060.0,6177.0,1740.0,14.5,663.1,4748.0,0.14,322.8,1339.0,0.22,0.313,0.313,1030.0,1030.0
frostdemon,paladin,evolutionforms,fifth,m100,1,21.75,21.75,21.75,1.0,1.0,18.0,6090.0,9265.5,2610.0,21.75,868.2,7120.4,0.122,89.2,140.6,0.02,0.087,0.087,1030.0,1030.0
frostdemon,paladin,evolutionforms,fifth,m100,3,21.75,21.75,21.75,1.0,1.0,18.0,6090.0,9265.5,2610.0,21.75,792.8,7120.4,0.111,160.6,435.2,0.05,0.156,0.156,1030.0,1030.0
frostdemon,paladin,evolutionforms,fifth,m100,5,21.75,21.75,21.75,1.0,1.0,18.0,6090.0,9265.5,2610.0,21.75,705.3,7120.4,0.099,267.7,903.8,0.1,0.26,0.26,1030.0,1030.0
frostdemon,paladin,evolutionforms,fifth,m100,7,21.75,21.75,21.75,1.0,1.0,18.0,6090.0,9265.5,2610.0,21.75,705.3,7120.4,0.099,339.1,1339.0,0.14,0.329,0.329,1030.0,1030.0
frostdemon,paladin,legendaryforms,golden,m0,1,8.5,8.5,8.5,1.0,1.0,7.69,2380.0,3621.0,1020.0,8.5,748.0,2784.7,0.269,79.3,140.6,0.04,0.077,0.077,1030.0,1030.0
frostdemon,paladin,legendaryforms,golden,m0,3,8.5,8.5,8.5,1.0,1.0,7.69,2380.0,3621.0,1020.0,8.5,667.7,2784.7,0.24,142.7,435.2,0.12,0.139,0.139,1030.0,1030.0
frostdemon,paladin,legendaryforms,golden,m0,5,8.5,8.5,8.5,1.0,1.0,7.69,2380.0,3621.0,1020.0,8.5,603.9,2784.7,0.217,237.9,903.8,0.25,0.231,0.231,1030.0,1030.0
frostdemon,paladin,legendaryforms,golden,m0,7,8.5,8.5,8.5,1.0,1.0,7.69,2380.0,3621.0,1020.0,8.5,603.9,2784.7,0.217,301.3,1339.0,0.37,0.293,0.293,1030.0,1030.0
frostdemon,paladin,legendaryforms,golden,m100,1,12.75,12.75,12.75,1.0,1.0,11.53,3570.0,5431.5,1530.0,12.75,817.0,4175.4,0.196,83.6,140.6,0.03,0.081,0.081,1030.0,1030.0
frostdemon,paladin,legendaryforms,golden,m100,3,12.75,12.75,12.75,1.0,1.0,11.53,3570.0,5431.5,1530.0,12.75,723.5,4175.4,0.173,150.4,435.2,0.08,0.146,0.146,1030.0,1030.0
frostdemon,paladin,legendaryforms,golden,m100,5,12.75,12.75,12.75,1.0,1.0,11.53,3570.0,5431.5,1530.0,12.75,649.2,4175.4,0.155,250.7,903.8,0.17,0.243,0.243,1030.0,1030.0
frostdemon,paladin,legendaryforms,golden,m100,7,12.75,12.75,12.75,1.0,1.0,11.53,3570.0,5431.5,1530.0,12.75,649.2,4175.4,0.155,317.6,1339.0,0.25,0.308,0.308,1030.0,1030.0
frostdemon,paladin,legendaryforms,goldenfifth,m0,1,14.75,14.75,14.0,1.0,1.0,12.31,4130.0,6283.5,1680.0,14.75,833.3,4819.7,0.173,85.1,140.6,0.02,0.083,0.083,1030.0,1030.0
frostdemon,paladin,legendaryforms,goldenfifth,m0,3,14.75,14.75,14.0,1.0,1.0,12.31,4130.0,6283.5,1680.0,14.75,742.6,4819.7,0.154,153.2,435.2,0.07,0.149,0.149,1030.0,1030.0
frostdemon,paladin,legendaryforms,goldenfifth,m0,5,14.75,14.75,14.0,1.0,1.0,12.31,4130.0,6283.5,1680.0,14.75,664.6,4819.7,0.138,255.3,903.8,0.14,0.248,0.248,1030.0,1030.0
frostdemon,paladin,legendaryforms,goldenfifth,m0,7,14.75,14.75,14.0,1.0,1.0,12.31,4130.0,6283.5,1680.0,14.75,664.6,4819.7,0.138,323.4,1339.0,0.21,0.314,0.314,1030.0,1030.0
frostdemon,paladin,legendaryforms,goldenfifth,m100,1,22.12,22.12,21.0,1.0,1.0,18.47,6195.0,9425.2,2520.0,22.12,869.0,7227.9,0.12,89.4,140.6,0.01,0.087,0.087,1030.0,1030.0
frostdemon,paladin,legendaryforms,goldenfifth,m100,3,22.12,22.12,21.0,1.0,1.0,18.47,6195.0,9425.2,2520.0,22.12,794.5,7227.9,0.11,160.9,435.2,0.05,0.156,0.156,1030.0,1030.0
frostdemon,paladin,legendaryforms,goldenfifth,m100,5,22.12,22.12,21.0,1.0,1.0,18.47,6195.0,9425.2,2520.0,22.12,706.7,7227.9,0.098,268.2,903.8,0.1,0.26,0.26,1030.0,1030.0
frostdemon,paladin,legendaryforms,goldenfifth,m100,7,22.12,22.12,21.0,1.0,1.0,18.47,6195.0,9425.2,2520.0,22.12,706.7,7227.9,0.098,339.7,1339.0,0.14,0.33,0.33,1030.0,1030.0
frostdemon,tank,base,Base,m0,1,1.0,1.0,1.0,1.0,1.0,1.0,120.0,140.0,50.0,1.0,113.3,113.3,1.0,23.8,245.0,1.75,0.013,0.06,1795.0,1795.0
frostdemon,tank,base,Base,m0,3,1.0,1.0,1.0,1.0,1.0,1.0,120.0,140.0,50.0,1.0,113.3,113.3,1.0,73.7,758.4,5.42,0.041,0.099,1795.0,1795.0
frostdemon,tank,base,Base,m0,5,1.0,1.0,1.0,1.0,1.0,1.0,120.0,140.0,50.0,1.0,113.3,113.3,1.0,153.0,1575.1,11.25,0.085,0.165,1795.0,1795.0
frostdemon,tank,base,Base,m0,7,1.0,1.0,1.0,1.0,1.0,1.0,120.0,140.0,50.0,1.0,113.3,113.3,1.0,226.6,2333.5,16.67,0.126,0.209,1795.0,1795.0
frostdemon,tank,android_enhancement_a,metal_overdrive,m0,1,10.0,10.0,50.0,10.0,2.0,25.0,1200.0,1400.0,2500.0,50.0,225.1,1963.2,0.115,47.3,359.4,0.14,0.013,0.095,2632.7,3570.0
frostdemon,tank,android_enhancement_a,metal_overdrive,m0,3,10.0,10.0,50.0,10.0,2.0,25.0,1200.0,1400.0,2500.0,50.0,220.6,1963.2,0.112,143.4,1112.3,0.44,0.04,0.171,2632.7,3570.0
frostdemon,tank,android_enhancement_a,metal_overdrive,m0,5,10.0,10.0,50.0,10.0,2.0,25.0,1200.0,1400.0,2500.0,50.0,200.3,1963.2,0.102,286.7,2310.2,0.92,0.08,0.286,2632.7,3570.0
frostdemon,tank,android_enhancement_a,metal_overdrive,m0,7,10.0,10.0,50.0,10.0,2.0,25.0,1200.0,1400.0,2500.0,50.0,200.3,1963.2,0.102,440.7,3422.6,1.37,0.123,0.362,2632.7,3570.0
frostdemon,tank,android_enhancement_a,metal_overdrive,m100,1,15.0,15.0,75.0,15.0,3.0,37.5,1800.0,2100.0,3750.0,75.0,229.8,2944.7,0.078,48.3,402.4,0.11,0.009,0.099,2948.0,5345.0
frostdemon,tank,android_enhancement_a,metal_overdrive,m100,3,15.0,15.0,75.0,15.0,3.0,37.5,1800.0,2100.0,3750.0,75.0,229.8,2944.7,0.078,149.4,1245.5,0.33,0.028,0.179,2948.0,5345.0
frostdemon,tank,android_enhancement_a,metal_overdrive,m100,5,15.0,15.0,75.0,15.0,3.0,37.5,1800.0,2100.0,3750.0,75.0,209.4,2944.7,0.071,299.7,2586.8,0.69,0.056,0.298,2948.0,5345.0
frostdemon,tank,android_enhancement_a,metal_overdrive,m100,7,15.0,15.0,75.0,15.0,3.0,37.5,1800.0,2100.0,3750.0,75.0,209.4,2944.7,0.071,460.8,3832.3,1.02,0.086,0.377,2948.0,5345.0
frostdemon,tank,android_enhancement_a,metal_overheat,m0,1,50.0,50.0,10.0,5.0,2.0,25.0,6000.0,7000.0,500.0,50.0,306.4,5376.0,0.057,64.3,359.4,0.05,0.018,0.095,2632.7,3570.0
frostdemon,tank,android_enhancement_a,metal_overheat,m0,3,50.0,50.0,10.0,5.0,2.0,25.0,6000.0,7000.0,500.0,50.0,298.7,5376.0,0.056,194.1,1112.3,0.16,0.054,0.171,2632.7,3570.0
frostdemon,tank,android_enhancement_a,metal_overheat,m0,5,50.0,50.0,10.0,5.0,2.0,25.0,6000.0,7000.0,500.0,50.0,263.6,5376.0,0.049,377.2,2310.2,0.33,0.106,0.286,2632.7,3570.0
frostdemon,tank,android_enhancement_a,metal_overheat,m0,7,50.0,50.0,10.0,5.0,2.0,25.0,6000.0,7000.0,500.0,50.0,263.6,5376.0,0.049,579.9,3422.6,0.49,0.162,0.362,2632.7,3570.0
frostdemon,tank,android_enhancement_a,metal_overheat,m100,1,75.0,75.0,15.0,7.5,3.0,37.5,9000.0,10500.0,750.0,75.0,306.3,8063.9,0.038,64.3,402.4,0.04,0.012,0.099,2948.0,5345.0
frostdemon,tank,android_enhancement_a,metal_overheat,m100,3,75.0,75.0,15.0,7.5,3.0,37.5,9000.0,10500.0,750.0,75.0,306.3,8063.9,0.038,199.1,1245.5,0.12,0.037,0.179,2948.0,5345.0
frostdemon,tank,android_enhancement_a,metal_overheat,m100,5,75.0,75.0,15.0,7.5,3.0,37.5,9000.0,10500.0,750.0,75.0,272.6,8063.9,0.034,390.1,2586.8,0.25,0.073,0.298,2948.0,5345.0
frostdemon,tank,android_enhancement_a,metal_overheat,m100,7,75.0,75.0,15.0,7.5,3.0,37.5,9000.0,10500.0,750.0,75.0,272.6,8063.9,0.034,599.7,3832.3,0.36,0.112,0.377,2948.0,5345.0
frostdemon,tank,androidforms,androidbase,m0,1,1.5,1.5,2.75,2.0,2.0,2.0,180.0,210.0,137.5,2.75,150.2,177.7,0.845,31.5,395.2,1.88,0.009,0.065,2895.0,3570.0
frostdemon,tank,androidforms,androidbase,m0,3,1.5,1.5,2.75,2.0,2.0,2.0,180.0,210.0,137.5,2.75,160.9,177.7,0.905,104.6,1206.4,5.74,0.029,0.118,2855.3,3570.0
frostdemon,tank,androidforms,androidbase,m0,5,1.5,1.5,2.75,2.0,2.0,2.0,180.0,210.0,137.5,2.75,137.5,177.7,0.773,196.7,2477.8,11.8,0.055,0.196,2823.7,3570.0
frostdemon,tank,androidforms,androidbase,m0,7,1.5,1.5,2.75,2.0,2.0,2.0,180.0,210.0,137.5,2.75,137.5,177.7,0.773,302.4,3670.8,17.48,0.085,0.248,2823.7,3570.0
frostdemon,tank,androidforms,androidbase,m100,1,2.25,2.25,4.12,3.0,3.0,3.0,270.0,315.0,206.2,4.12,184.5,266.6,0.692,38.7,515.8,1.64,0.007,0.07,3778.8,5345.0
frostdemon,tank,androidforms,androidbase,m100,3,2.25,2.25,4.12,3.0,3.0,3.0,270.0,315.0,206.2,4.12,205.1,266.6,0.769,133.3,1566.3,4.97,0.025,0.125,3707.3,5345.0
frostdemon,tank,androidforms,androidbase,m100,5,2.25,2.25,4.12,3.0,3.0,3.0,270.0,315.0,206.2,4.12,159.9,266.6,0.6,228.9,3203.2,10.17,0.043,0.209,3650.4,5345.0
frostdemon,tank,androidforms,androidbase,m100,7,2.25,2.25,4.12,3.0,3.0,3.0,270.0,315.0,206.2,4.12,159.9,266.6,0.6,351.8,4745.5,15.07,0.066,0.264,3650.4,5345.0
frostdemon,tank,androidforms,mecha,m0,1,9.0,9.0,14.5,2.0,2.0,13.0,1080.0,1260.0,725.0,14.5,252.5,1040.7,0.243,53.0,381.8,0.3,0.015,0.082,2797.0,3570.0
frostdemon,tank,androidforms,mecha,m0,3,9.0,9.0,14.5,2.0,2.0,13.0,1080.0,1260.0,725.0,14.5,227.2,1040.7,0.218,147.7,1181.7,0.94,0.041,0.148,2797.0,3570.0
frostdemon,tank,androidforms,mecha,m0,5,9.0,9.0,14.5,2.0,2.0,13.0,1080.0,1260.0,725.0,14.5,205.7,1040.7,0.198,294.3,2454.3,1.95,0.082,0.247,2797.0,3570.0
frostdemon,tank,androidforms,mecha,m0,7,9.0,9.0,14.5,2.0,2.0,13.0,1080.0,1260.0,725.0,14.5,205.7,1040.7,0.198,452.4,3636.0,2.89,0.127,0.313,2797.0,3570.0
frostdemon,tank,androidforms,mecha,m100,1,13.5,13.5,21.75,3.0,3.0,19.5,1620.0,1890.0,1087.5,21.75,265.3,1561.0,0.17,55.7,455.4,0.24,0.01,0.087,3336.2,5345.0
frostdemon,tank,androidforms,mecha,m100,3,13.5,13.5,21.75,3.0,3.0,19.5,1620.0,1890.0,1087.5,21.75,244.0,1561.0,0.156,158.6,1409.6,0.75,0.03,0.156,3336.2,5345.0
frostdemon,tank,androidforms,mecha,m100,5,13.5,13.5,21.75,3.0,3.0,19.5,1620.0,1890.0,1087.5,21.75,219.2,1561.0,0.14,313.7,2927.5,1.55,0.059,0.26,3336.2,5345.0
frostdemon,tank,androidforms,mecha,m100,7,13.5,13.5,21.75,3.0,3.0,19.5,1620.0,1890.0,1087.5,21.75,219.2,1561.0,0.14,482.3,4337.1,2.29,0.09,0.329,3336.2,5345.0
frostdemon,tank,androidforms,metal,m0,1,19.0,19.0,23.0,2.0,2.0,23.0,2280.0,2660.0,1150.0,23.0,285.4,2151.0,0.133,59.9,373.4,0.14,0.017,0.087,2735.8,3570.0
frostdemon,tank,androidforms,metal,m0,3,19.0,19.0,23.0,2.0,2.0,23.0,2280.0,2660.0,1150.0,23.0,262.3,2151.0,0.122,170.5,1155.9,0.43,0.048,0.157,2735.8,3570.0
frostdemon,tank,androidforms,metal,m0,5,19.0,19.0,23.0,2.0,2.0,23.0,2280.0,2660.0,1150.0,23.0,234.1,2151.0,0.109,335.1,2400.6,0.9,0.094,0.262,2735.8,3570.0
frostdemon,tank,androidforms,metal,m0,7,19.0,19.0,23.0,2.0,2.0,23.0,2280.0,2660.0,1150.0,23.0,234.1,2151.0,0.109,515.1,3556.5,1.34,0.144,0.331,2735.8,3570.0
frostdemon,tank,androidforms,metal,m100,1,28.5,28.5,34.5,3.0,3.0,34.5,3420.0,3990.0,1725.0,34.5,293.9,3226.5,0.091,61.7,434.6,0.11,0.012,0.091,3184.0,5345.0
frostdemon,tank,androidforms,metal,m100,3,28.5,28.5,34.5,3.0,3.0,34.5,3420.0,3990.0,1725.0,34.5,278.1,3226.5,0.086,180.8,1345.2,0.34,0.034,0.164,3184.0,5345.0
frostdemon,tank,androidforms,metal,m100,5,28.5,28.5,34.5,3.0,3.0,34.5,3420.0,3990.0,1725.0,34.5,246.9,3226.5,0.077,353.3,2794.0,0.7,0.066,0.274,3184.0,5345.0
frostdemon,tank,androidforms,metal,m100,7,28.5,28.5,34.5,3.0,3.0,34.5,3420.0,3990.0,1725.0,34.5,246.9,3226.5,0.077,543.2,4139.2,1.04,0.102,0.347,3184.0,5345.0
frostdemon,tank,arcosian_god,black,m0,1,1.0,1.0,1.0,1.0,1.0,1.0,120.0,140.0,50.0,1.0,113.3,113.3,1.0,23.8,245.0,1.75,0.013,0.06,1795.0,1795.0
frostdemon,tank,arcosian_god,black,m0,3,1.0,1.0,1.0,1.0,1.0,1.0,120.0,140.0,50.0,1.0,113.3,113.3,1.0,73.7,758.4,5.42,0.041,0.099,1795.0,1795.0
frostdemon,tank,arcosian_god,black,m0,5,1.0,1.0,1.0,1.0,1.0,1.0,120.0,140.0,50.0,1.0,113.3,113.3,1.0,153.0,1575.1,11.25,0.085,0.165,1795.0,1795.0
frostdemon,tank,arcosian_god,black,m0,7,1.0,1.0,1.0,1.0,1.0,1.0,120.0,140.0,50.0,1.0,113.3,113.3,1.0,226.6,2333.5,16.67,0.126,0.209,1795.0,1795.0
frostdemon,tank,arcosian_god,black,m100,1,1.0,1.0,1.0,1.0,1.0,1.0,120.0,140.0,50.0,1.0,113.3,113.3,1.0,23.8,245.0,1.75,0.013,0.06,1795.0,1795.0
frostdemon,tank,arcosian_god,black,m100,3,1.0,1.0,1.0,1.0,1.0,1.0,120.0,140.0,50.0,1.0,113.3,113.3,1.0,73.7,758.4,5.42,0.041,0.099,1795.0,1795.0
frostdemon,tank,arcosian_god,black,m100,5,1.0,1.0,1.0,1.0,1.0,1.0,120.0,140.0,50.0,1.0,113.3,113.3,1.0,153.0,1575.1,11.25,0.085,0.165,1795.0,1795.0
frostdemon,tank,arcosian_god,black,m100,7,1.0,1.0,1.0,1.0,1.0,1.0,120.0,140.0,50.0,1.0,113.3,113.3,1.0,226.6,2333.5,16.67,0.126,0.209,1795.0,1795.0
frostdemon,tank,arcosian_god,black_2,m0,1,1.0,1.0,1.0,1.0,1.0,1.0,120.0,140.0,50.0,1.0,113.3,113.3,1.0,23.8,245.0,1.75,0.013,0.06,1795.0,1795.0
frostdemon,tank,arcosian_god,black_2,m0,3,1.0,1.0,1.0,1.0,1.0,1.0,120.0,140.0,50.0,1.0,113.3,113.3,1.0,73.7,758.4,5.42,0.041,0.099,1795.0,1795.0
frostdemon,tank,arcosian_god,black_2,m0,5,1.0,1.0,1.0,1.0,1.0,1.0,120.0,140.0,50.0,1.0,113.3,113.3,1.0,153.0,1575.1,11.25,0.085,0.165,1795.0,1795.0
frostdemon,tank,arcosian_god,black_2,m0,7,1.0,1.0,1.0,1.0,1.0,1.0,120.0,140.0,50.0,1.0,113.3,113.3,1.0,226.6,2333.5,16.67,0.126,0.209,1795.0,1795.0
frostdemon,tank,arcosian_god,black_2,m100,1,1.0,1.0,1.0,1.0,1.0,1.0,120.0,140.0,50.0,1.0,113.3,113.3,1.0,23.8,245.0,1.75,0.013,0.06,1795.0,1795.0
frostdemon,tank,arcosian_god,black_2,m100,3,1.0,1.0,1.0,1.0,1.0,1.0,120.0,140.0,50.0,1.0,113.3,113.3,1.0,73.7,758.4,5.42,0.041,0.099,1795.0,1795.0
frostdemon,tank,arcosian_god,black_2,m100,5,1.0,1.0,1.0,1.0,1.0,1.0,120.0,140.0,50.0,1.0,113.3,113.3,1.0,153.0,1575.1,11.25,0.085,0.165,1795.0,1795.0
frostdemon,tank,arcosian_god,black_2,m100,7,1.0,1.0,1.0,1.0,1.0,1.0,120.0,140.0,50.0,1.0,113.3,113.3,1.0,226.6,2333.5,16.67,0.126,0.209,1795.0,1795.0
frostdemon,tank,evolutionforms,second,m0,1,2.65,2.65,2.65,1.0,1.0,2.38,318.0,371.0,132.5,2.65,195.4,297.9,0.656,41.0,245.0,0.66,0.023,0.065,1795.0,1795.0
frostdemon,tank,evolutionforms,second,m0,3,2.65,2.65,2.65,1.0,1.0,2.38,318.0,371.0,132.5,2.65,219.2,297.9,0.736,142.5,758.4,2.04,0.079,0.117,1795.0,1795.0
frostdemon,tank,evolutionforms,second,m0,5,2.65,2.65,2.65,1.0,1.0,2.38,318.0,371.0,132.5,2.65,167.1,297.9,0.561,239.1,1575.1,4.25,0.133,0.195,1795.0,1795.0
frostdemon,tank,evolutionforms,second,m0,7,2.65,2.65,2.65,1.0,1.0,2.38,318.0,371.0,132.5,2.65,167.1,297.9,0.561,367.5,2333.5,6.29,0.205,0.247,1795.0,1795.0
frostdemon,tank,evolutionforms,second,m100,1,3.97,3.97,3.97,1.0,1.0,3.56,477.0,556.5,198.7,3.97,241.0,446.1,0.54,50.6,245.0,0.44,0.028,0.069,1795.0,1795.0
frostdemon,tank,evolutionforms,second,m100,3,3.97,3.97,3.97,1.0,1.0,3.56,477.0,556.5,198.7,3.97,278.0,446.1,0.623,180.7,758.4,1.36,0.101,0.125,1795.0,1795.0
frostdemon,tank,evolutionforms,second,m100,5,3.97,3.97,3.97,1.0,1.0,3.56,477.0,556.5,198.7,3.97,196.9,446.1,0.441,281.8,1575.1,2.83,0.157,0.208,1795.0,1795.0
frostdemon,tank,evolutionforms,second,m100,7,3.97,3.97,3.97,1.0,1.0,3.56,477.0,556.5,198.7,3.97,196.9,446.1,0.441,433.3,2333.5,4.19,0.241,0.263,1795.0,1795.0
frostdemon,tank,evolutionforms,third,m0,1,4.1,4.1,4.1,1.0,1.0,3.81,492.0,574.0,205.0,4.1,245.0,460.1,0.532,51.4,245.0,0.43,0.029,0.069,1795.0,1795.0
frostdemon,tank,evolutionforms,third,m0,3,4.1,4.1,4.1,1.0,1.0,3.81,492.0,574.0,205.0,4.1,283.2,460.1,0.615,184.1,758.4,1.32,0.103,0.125,1795.0,1795.0
frostdemon,tank,evolutionforms,third,m0,5,4.1,4.1,4.1,1.0,1.0,3.81,492.0,574.0,205.0,4.1,199.6,460.1,0.434,285.6,1575.1,2.74,0.159,0.208,1795.0,1795.0
frostdemon,tank,evolutionforms,third,m0,7,4.1,4.1,4.1,1.0,1.0,3.81,492.0,574.0,205.0,4.1,199.6,460.1,0.434,439.0,2333.5,4.07,0.245,0.264,1795.0,1795.0
frostdemon,tank,evolutionforms,third,m100,1,6.15,6.15,6.15,1.0,1.0,5.72,738.0,861.0,307.5,6.15,236.8,689.5,0.343,49.7,245.0,0.28,0.028,0.074,1795.0,1795.0
frostdemon,tank,evolutionforms,third,m100,3,6.15,6.15,6.15,1.0,1.0,5.72,738.0,861.0,307.5,6.15,213.1,689.5,0.309,138.5,758.4,0.88,0.077,0.133,1795.0,1795.0
frostdemon,tank,evolutionforms,third,m100,5,6.15,6.15,6.15,1.0,1.0,5.72,738.0,861.0,307.5,6.15,194.2,689.5,0.282,277.9,1575.1,1.83,0.155,0.221,1795.0,1795.0
frostdemon,tank,evolutionforms,third,m100,7,6.15,6.15,6.15,1.0,1.0,5.72,738.0,861.0,307.5,6.15,194.2,689.5,0.282,427.3,2333.5,2.71,0.238,0.28,1795.0,1795.0
frostdemon,tank,evolutionforms,final,m0,1,6.5,6.5,6.5,1.0,1.0,6.19,780.0,910.0,325.0,6.5,240.1,728.6,0.33,50.4,245.0,0.27,0.028,0.074,1795.0,1795.0
frostdemon,tank,evolutionforms,final,m0,3,6.5,6.5,6.5,1.0,1.0,6.19,780.0,910.0,325.0,6.5,215.8,728.6,0.296,140.2,758.4,0.83,0.078,0.134,1795.0,1795.0
frostdemon,tank,evolutionforms,final,m0,5,6.5,6.5,6.5,1.0,1.0,6.19,780.0,910.0,325.0,6.5,196.4,728.6,0.27,281.0,1575.1,1.73,0.157,0.223,1795.0,1795.0
frostdemon,tank,evolutionforms,final,m0,7,6.5,6.5,6.5,1.0,1.0,6.19,780.0,910.0,325.0,6.5,196.4,728.6,0.27,432.0,2333.5,2.56,0.241,0.282,1795.0,1795.0
frostdemon,tank,evolutionforms,final,m100,1,9.75,9.75,9.75,1.0,1.0,9.28,1170.0,1365.0,487.5,9.75,264.1,1092.2,0.242,55.5,245.0,0.18,0.031,0.078,1795.0,1795.0
frostdemon,tank,evolutionforms,final,m100,3,9.75,9.75,9.75,1.0,1.0,9.28,1170.0,1365.0,487.5,9.75,235.2,1092.2,0.215,152.8,758.4,0.56,0.085,0.141,1795.0,1795.0
frostdemon,tank,evolutionforms,final,m100,5,9.75,9.75,9.75,1.0,1.0,9.28,1170.0,1365.0,487.5,9.75,212.1,1092.2,0.194,303.5,1575.1,1.15,0.169,0.235,1795.0,1795.0
frostdemon,tank,evolutionforms,final,m100,7,9.75,9.75,9.75,1.0,1.0,9.28,1170.0,1365.0,487.5,9.75,212.1,1092.2,0.194,466.6,2333.5,1.71,0.26,0.298,1795.0,1795.0
frostdemon,tank,evolutionforms,fullpower,m0,1,9.15,9.15,9.15,1.0,1.0,8.5,1098.0,1281.0,457.5,9.15,260.4,1025.1,0.254,54.7,245.0,0.19,0.03,0.078,1795.0,1795.0
frostdemon,tank,evolutionforms,fullpower,m0,3,9.15,9.15,9.15,1.0,1.0,8.5,1098.0,1281.0,457.5,9.15,232.1,1025.1,0.226,150.9,758.4,0.59,0.084,0.14,1795.0,1795.0
frostdemon,tank,evolutionforms,fullpower,m0,5,9.15,9.15,9.15,1.0,1.0,8.5,1098.0,1281.0,457.5,9.15,209.7,1025.1,0.205,300.0,1575.1,1.23,0.167,0.233,1795.0,1795.0
frostdemon,tank,evolutionforms,fullpower,m0,7,9.15,9.15,9.15,1.0,1.0,8.5,1098.0,1281.0,457.5,9.15,209.7,1025.1,0.205,461.2,2333.5,1.82,0.257,0.295,1795.0,1795.0
frostdemon,tank,evolutionforms,fullpower,m100,1,13.73,13.73,13.73,1.0,1.0,12.75,1647.0,1921.5,686.3,13.73,282.8,1536.9,0.184,59.4,245.0,0.13,0.033,0.082,1795.0,1795.0
frostdemon,tank,evolutionforms,fullpower,m100,3,13.73,13.73,13.73,1.0,1.0,12.75,1647.0,1921.5,686.3,13.73,251.1,1536.9,0.163,163.2,758.4,0.39,0.091,0.147,1795.0,1795.0
frostdemon,tank,evolutionforms,fullpower,m100,5,13.73,13.73,13.73,1.0,1.0,12.75,1647.0,1921.5,686.3,13.73,225.0,1536.9,0.146,322.0,1575.1,0.82,0.179,0.246,1795.0,1795.0
frostdemon,tank,evolutionforms,fullpower,m100,7,13.73,13.73,13.73,1.0,1.0,12.75,1647.0,1921.5,686.3,13.73,225.0,1536.9,0.146,495.0,2333.5,1.21,0.276,0.311,1795.0,1795.0
frostdemon,tank,evolutionforms,fifth,m0,1,14.5,14.5,14.5,1.0,1.0,12.0,1740.0,2030.0,725.0,14.5,284.8,1623.6,0.175,59.8,245.0,0.12,0.033,0.082,1795.0,1795.0
frostdemon,tank,evolutionforms,fifth,m0,3,14.5,14.5,14.5,1.0,1.0,12.0,1740.0,2030.0,725.0,14.5,253.6,1623.6,0.156,164.8,758.4,0.37,0.092,0.148,1795.0,1795.0
frostdemon,tank,evolutionforms,fifth,m0,5,14.5,14.5,14.5,1.0,1.0,12.0,1740.0,2030.0,725.0,14.5,227.1,1623.6,0.14,324.9,1575.1,0.78,0.181,0.247,1795.0,1795.0
frostdemon,tank,evolutionforms,fifth,m0,7,14.5,14.5,14.5,1.0,1.0,12.0,1740.0,2030.0,725.0,14.5,227.1,1623.6,0.14,499.5,2333.5,1.15,0.278,0.313,1795.0,1795.0
frostdemon,tank,evolutionforms,fifth,m100,1,21.75,21.75,21.75,1.0,1.0,18.0,2610.0,3045.0,1087.5,21.75,297.2,2434.7,0.122,62.4,245.0,0.08,0.035,0.087,1795.0,1795.0
frostdemon,tank,evolutionforms,fifth,m100,3,21.75,21.75,21.75,1.0,1.0,18.0,2610.0,3045.0,1087.5,21.75,271.4,2434.7,0.111,176.4,758.4,0.25,0.098,0.156,1795.0,1795.0
frostdemon,tank,evolutionforms,fifth,m100,5,21.75,21.75,21.75,1.0,1.0,18.0,2610.0,3045.0,1087.5,21.75,241.5,2434.7,0.099,345.5,1575.1,0.52,0.193,0.26,1795.0,1795.0
frostdemon,tank,evolutionforms,fifth,m100,7,21.75,21.75,21.75,1.0,1.0,18.0,2610.0,3045.0,1087.5,21.75,241.5,2434.7,0.099,531.2,2333.5,0.77,0.296,0.329,1795.0,1795.0
frostdemon,tank,legendaryforms,golden,m0,1,8.5,8.5,8.5,1.0,1.0,7.69,1020.0,1190.0,425.0,8.5,256.1,952.4,0.269,53.8,245.0,0.21,0.03,0.077,1795.0,1795.0
frostdemon,tank,legendaryforms,golden,m0,3,8.5,8.5,8.5,1.0,1.0,7.69,1020.0,1190.0,425.0,8.5,228.6,952.4,0.24,148.6,758.4,0.64,0.083,0.139,1795.0,1795.0
frostdemon,tank,legendaryforms,golden,m0,5,8.5,8.5,8.5,1.0,1.0,7.69,1020.0,1190.0,425.0,8.5,206.8,952.4,0.217,295.9,1575.1,1.32,0.165,0.231,1795.0,1795.0
frostdemon,tank,legendaryforms,golden,m0,7,8.5,8.5,8.5,1.0,1.0,7.69,1020.0,1190.0,425.0,8.5,206.8,952.4,0.217,455.0,2333.5,1.96,0.253,0.293,1795.0,1795.0
frostdemon,tank,legendaryforms,golden,m100,1,12.75,12.75,12.75,1.0,1.0,11.53,1530.0,1785.0,637.5,12.75,279.7,1427.8,0.196,58.7,245.0,0.14,0.033,0.081,1795.0,1795.0
frostdemon,tank,legendaryforms,golden,m100,3,12.75,12.75,12.75,1.0,1.0,11.53,1530.0,1785.0,637.5,12.75,247.7,1427.8,0.173,161.0,758.4,0.42,0.09,0.146,1795.0,1795.0
frostdemon,tank,legendaryforms,golden,m100,5,12.75,12.75,12.75,1.0,1.0,11.53,1530.0,1785.0,637.5,12.75,222.3,1427.8,0.156,318.1,1575.1,0.88,0.177,0.243,1795.0,1795.0
frostdemon,tank,legendaryforms,golden,m100,7,12.75,12.75,12.75,1.0,1.0,11.53,1530.0,1785.0,637.5,12.75,222.3,1427.8,0.156,489.0,2333.5,1.31,0.272,0.308,1795.0,1795.0
frostdemon,tank,legendaryforms,goldenfifth,m0,1,14.75,14.75,14.0,1.0,1.0,12.31,1770.0,2065.0,700.0,14.75,285.2,1647.4,0.173,59.9,245.0,0.12,0.033,0.083,1795.0,1795.0
frostdemon,tank,legendaryforms,goldenfifth,m0,3,14.75,14.75,14.0,1.0,1.0,12.31,1770.0,2065.0,700.0,14.75,254.2,1647.4,0.154,165.2,758.4,0.37,0.092,0.149,1795.0,1795.0
frostdemon,tank,legendaryforms,goldenfifth,m0,5,14.75,14.75,14.0,1.0,1.0,12.31,1770.0,2065.0,700.0,14.75,227.5,1647.4,0.138,325.6,1575.1,0.76,0.181,0.248,1795.0,1795.0
frostdemon,tank,legendaryforms,goldenfifth,m0,7,14.75,14.75,14.0,1.0,1.0,12.31,1770.0,2065.0,700.0,14.75,227.5,1647.4,0.138,500.6,2333.5,1.13,0.279,0.314,1795.0,1795.0
frostdemon,tank,legendaryforms,goldenfifth,m100,1,22.12,22.12,21.0,1.0,1.0,18.47,2655.0,3097.5,1050.0,22.12,297.4,2470.3,0.12,62.5,245.0,0.08,0.035,0.087,1795.0,1795.0
frostdemon,tank,legendaryforms,goldenfifth,m100,3,22.12,22.12,21.0,1.0,1.0,18.47,2655.0,3097.5,1050.0,22.12,271.9,2470.3,0.11,176.7,758.4,0.24,0.098,0.156,1795.0,1795.0
frostdemon,tank,legendaryforms,goldenfifth,m100,5,22.12,22.12,21.0,1.0,1.0,18.47,2655.0,3097.5,1050.0,22.12,241.9,2470.3,0.098,346.2,1575.1,0.51,0.193,0.26,1795.0,1795.0
frostdemon,tank,legendaryforms,goldenfifth,m100,7,22.12,22.12,21.0,1.0,1.0,18.47,2655.0,3097.5,1050.0,22.12,241.9,2470.3,0.098,532.2,2333.5,0.75,0.296,0.33,1795.0,1795.0
human,cleric,base,Base,m0,1,1.0,1.0,1.0,1.0,1.0,1.0,50.0,75.0,640.0,1.0,462.8,462.8,1.0,37.2,84.6,0.13,0.06,0.06,620.0,620.0
human,cleric,base,Base,m0,3,1.0,1.0,1.0,1.0,1.0,1.0,50.0,75.0,640.0,1.0,462.8,462.8,1.0,61.4,261.9,0.41,0.099,0.099,620.0,620.0
human,cleric,base,Base,m0,5,1.0,1.0,1.0,1.0,1.0,1.0,50.0,75.0,640.0,1.0,462.8,462.8,1.0,102.3,544.1,0.85,0.165,0.165,620.0,620.0
human,cleric,base,Base,m0,7,1.0,1.0,1.0,1.0,1.0,1.0,50.0,75.0,640.0,1.0,462.8,462.8,1.0,129.6,806.0,1.26,0.209,0.209,620.0,620.0
human,cleric,android_enhancement,overclock,m0,1,1.0,1.0,50.0,15.0,1.0,1.0,50.0,75.0,32000.0,50.0,1235.4,21584.6,0.057,59.0,92.8,0.0,0.095,0.095,620.0,620.0
human,cleric,android_enhancement,overclock,m0,3,1.0,1.0,50.0,15.0,1.0,1.0,50.0,75.0,32000.0,50.0,1204.6,21584.6,0.056,106.2,261.9,0.01,0.171,0.171,620.0,620.0
human,cleric,android_enhancement,overclock,m0,5,1.0,1.0,50.0,15.0,1.0,1.0,50.0,75.0,32000.0,50.0,1064.2,21584.6,0.049,177.0,544.1,0.02,0.286,0.286,620.0,620.0
human,cleric,android_enhancement,overclock,m0,7,1.0,1.0,50.0,15.0,1.0,1.0,50.0,75.0,32000.0,50.0,1064.2,21584.6,0.049,224.2,806.0,0.03,0.362,0.362,620.0,620.0
human,cleric,android_enhancement,overclock,m100,1,1.0,1.0,50.0,15.0,1.0,1.0,50.0,75.0,32000.0,50.0,1235.4,21584.6,0.057,59.0,92.8,0.0,0.095,0.095,620.0,620.0
human,cleric,android_enhancement,overclock,m100,3,1.0,1.0,50.0,15.0,1.0,1.0,50.0,75.0,32000.0,50.0,1204.6,21584.6,0.056,106.2,261.9,0.01,0.171,0.171,620.0,620.0
human,cleric,android_enhancement,overclock,m100,5,1.0,1.0,50.0,15.0,1.0,1.0,50.0,75.0,32000.0,50.0,1064.2,21584.6,0.049,177.0,544.1,0.02,0.286,0.286,620.0,620.0
human,cleric,android_enhancement,overclock,m100,7,1.0,1.0,50.0,15.0,1.0,1.0,50.0,75.0,32000.0,50.0,1064.2,21584.6,0.049,224.2,806.0,0.03,0.362,0.362,620.0,620.0
human,cleric,android_enhancement,overheat,m0,1,50.0,50.0,1.0,5.0,1.0,25.0,2500.0,3750.0,640.0,50.0,504.9,2961.2,0.17,59.0,84.6,0.02,0.095,0.095,620.0,620.0
human,cleric,android_enhancement,overheat,m0,3,50.0,50.0,1.0,5.0,1.0,25.0,2500.0,3750.0,640.0,50.0,503.2,2961.2,0.17,106.2,261.9,0.07,0.171,0.171,620.0,620.0
human,cleric,android_enhancement,overheat,m0,5,50.0,50.0,1.0,5.0,1.0,25.0,2500.0,3750.0,640.0,50.0,495.5,2961.2,0.167,177.0,544.1,0.15,0.286,0.286,620.0,620.0
human,cleric,android_enhancement,overheat,m0,7,50.0,50.0,1.0,5.0,1.0,25.0,2500.0,3750.0,640.0,50.0,495.5,2961.2,0.167,224.2,806.0,0.21,0.362,0.362,620.0,620.0
human,cleric,android_enhancement,overheat,m100,1,50.0,50.0,1.0,5.0,1.0,25.0,2500.0,3750.0,640.0,50.0,504.9,2961.2,0.17,59.0,84.6,0.02,0.095,0.095,620.0,620.0
human,cleric,android_enhancement,overheat,m100,3,50.0,50.0,1.0,5.0,1.0,25.0,2500.0,3750.0,640.0,50.0,503.2,2961.2,0.17,106.2,261.9,0.07,0.171,0.171,620.0,620.0
human,cleric,android_enhancement,overheat,m100,5,50.0,50.0,1.0,5.0,1.0,25.0,2500.0,3750.0,640.0,50.0,495.5,2961.2,0.167,177.0,544.1,0.15,0.286,0.286,620.0,620.0
human,cleric,android_enhancement,overheat,m100,7,50.0,50.0,1.0,5.0,1.0,25.0,2500.0,3750.0,640.0,50.0,495.5,2961.2,0.167,224.2,806.0,0.21,0.362,0.362,620.0,620.0
human,cleric,androidforms,androidbase,m0,1,1.5,1.5,2.75,2.0,2.0,2.0,75.0,112.5,1760.0,2.75,804.4,1236.5,0.651,64.7,135.0,0.08,0.053,0.065,989.3,1220.0
human,cleric,androidforms,androidbase,m0,3,1.5,1.5,2.75,2.0,2.0,2.0,75.0,112.5,1760.0,2.75,903.6,1236.5,0.731,114.8,412.3,0.23,0.094,0.118,975.8,1220.0
human,cleric,androidforms,androidbase,m0,5,1.5,1.5,2.75,2.0,2.0,2.0,75.0,112.5,1760.0,2.75,686.6,1236.5,0.555,189.3,846.8,0.48,0.155,0.196,965.0,1220.0
human,cleric,androidforms,androidbase,m0,7,1.5,1.5,2.75,2.0,2.0,2.0,75.0,112.5,1760.0,2.75,686.6,1236.5,0.555,239.8,1254.4,0.71,0.197,0.248,965.0,1220.0
human,cleric,androidforms,androidbase,m100,1,2.25,2.25,4.12,3.0,3.0,3.0,112.5,168.8,2640.0,4.12,994.1,1854.8,0.536,89.5,175.6,0.07,0.049,0.07,1286.7,1820.0
human,cleric,androidforms,androidbase,m100,3,2.25,2.25,4.12,3.0,3.0,3.0,112.5,168.8,2640.0,4.12,1148.3,1854.8,0.619,158.0,533.3,0.2,0.087,0.125,1262.4,1820.0
human,cleric,androidforms,androidbase,m100,5,2.25,2.25,4.12,3.0,3.0,3.0,112.5,168.8,2640.0,4.12,810.8,1854.8,0.437,259.4,1090.7,0.41,0.143,0.209,1243.0,1820.0
human,cleric,androidforms,androidbase,m100,7,2.25,2.25,4.12,3.0,3.0,3.0,112.5,168.8,2640.0,4.12,810.8,1854.8,0.437,328.5,1615.9,0.61,0.181,0.264,1243.0,1820.0
human,cleric,androidforms,superandroid,m0,1,9.0,9.0,14.5,2.0,2.0,13.0,450.0,675.0,9280.0,14.5,1142.1,6324.0,0.181,78.8,130.5,0.01,0.065,0.082,955.8,1220.0
human,cleric,androidforms,superandroid,m0,3,9.0,9.0,14.5,2.0,2.0,13.0,450.0,675.0,9280.0,14.5,1018.5,6324.0,0.161,141.9,403.8,0.04,0.116,0.148,955.8,1220.0
human,cleric,androidforms,superandroid,m0,5,9.0,9.0,14.5,2.0,2.0,13.0,450.0,675.0,9280.0,14.5,913.4,6324.0,0.144,236.5,838.7,0.09,0.194,0.247,955.8,1220.0
human,cleric,androidforms,superandroid,m0,7,9.0,9.0,14.5,2.0,2.0,13.0,450.0,675.0,9280.0,14.5,913.4,6324.0,0.144,299.5,1242.6,0.13,0.246,0.313,955.8,1220.0
human,cleric,androidforms,superandroid,m100,1,13.5,13.5,21.75,3.0,3.0,19.5,675.0,1012.5,13920.0,21.75,1193.9,9486.0,0.126,98.4,155.1,0.01,0.054,0.087,1136.0,1820.0
human,cleric,androidforms,superandroid,m100,3,13.5,13.5,21.75,3.0,3.0,19.5,675.0,1012.5,13920.0,21.75,1091.3,9486.0,0.115,177.1,480.0,0.03,0.097,0.156,1136.0,1820.0
human,cleric,androidforms,superandroid,m100,5,13.5,13.5,21.75,3.0,3.0,19.5,675.0,1012.5,13920.0,21.75,972.4,9486.0,0.103,295.2,996.8,0.07,0.162,0.26,1136.0,1820.0
human,cleric,androidforms,superandroid,m100,7,13.5,13.5,21.75,3.0,3.0,19.5,675.0,1012.5,13920.0,21.75,972.4,9486.0,0.103,373.9,1476.8,0.11,0.205,0.329,1136.0,1820.0
human,cleric,androidforms,fusedandroid,m0,1,19.0,19.0,23.0,2.0,2.0,23.0,950.0,1425.0,14720.0,23.0,1198.0,10068.6,0.119,81.5,127.6,0.01,0.067,0.087,934.9,1220.0
human,cleric,androidforms,fusedandroid,m0,3,19.0,19.0,23.0,2.0,2.0,23.0,950.0,1425.0,14720.0,23.0,1099.3,10068.6,0.109,146.7,395.0,0.03,0.12,0.157,934.9,1220.0
human,cleric,androidforms,fusedandroid,m0,5,19.0,19.0,23.0,2.0,2.0,23.0,950.0,1425.0,14720.0,23.0,978.9,10068.6,0.097,244.6,820.4,0.06,0.2,0.262,934.9,1220.0
human,cleric,androidforms,fusedandroid,m0,7,19.0,19.0,23.0,2.0,2.0,23.0,950.0,1425.0,14720.0,23.0,978.9,10068.6,0.097,309.8,1215.4,0.08,0.254,0.331,934.9,1220.0
human,cleric,androidforms,fusedandroid,m100,1,28.5,28.5,34.5,3.0,3.0,34.5,1425.0,2137.5,22080.0,34.5,1231.7,15102.9,0.082,99.1,148.0,0.01,0.054,0.091,1084.2,1820.0
human,cleric,androidforms,fusedandroid,m100,3,28.5,28.5,34.5,3.0,3.0,34.5,1425.0,2137.5,22080.0,34.5,1164.5,15102.9,0.077,178.3,458.1,0.02,0.098,0.164,1084.2,1820.0
human,cleric,androidforms,fusedandroid,m100,5,28.5,28.5,34.5,3.0,3.0,34.5,1425.0,2137.5,22080.0,34.5,1031.7,15102.9,0.068,297.2,951.4,0.04,0.163,0.274,1084.2,1820.0
human,cleric,androidforms,fusedandroid,m100,7,28.5,28.5,34.5,3.0,3.0,34.5,1425.0,2137.5,22080.0,34.5,1031.7,15102.9,0.068,376.4,1409.4,0.06,0.207,0.347,1084.2,1820.0
human,cleric,human_god_forms,god_human,m0,1,1.0,1.0,1.0,1.0,1.0,1.0,50.0,75.0,640.0,1.0,462.8,462.8,1.0,37.2,84.6,0.13,0.06,0.06,620.0,620.0
human,cleric,human_god_forms,god_human,m0,3,1.0,1.0,1.0,1.0,1.0,1.0,50.0,75.0,640.0,1.0,462.8,462.8,1.0,61.4,261.9,0.41,0.099,0.099,620.0,620.0
human,cleric,human_god_forms,god_human,m0,5,1.0,1.0,1.0,1.0,1.0,1.0,50.0,75.0,640.0,1.0,462.8,462.8,1.0,102.3,544.1,0.85,0.165,0.165,620.0,620.0
human,cleric,human_god_forms,god_human,m0,7,1.0,1.0,1.0,1.0,1.0,1.0,50.0,75.0,640.0,1.0,462.8,462.8,1.0,129.6,806.0,1.26,0.209,0.209,620.0,620.0
human,cleric,human_god_forms,god_human,m100,1,1.0,1.0,1.0,1.0,1.0,1.0,50.0,75.0,640.0,1.0,462.8,462.8,1.0,37.2,84.6,0.13,0.06,0.06,620.0,620.0
human,cleric,human_god_forms,god_human,m100,3,1.0,1.0,1.0,1.0,1.0,1.0,50.0,75.0,640.0,1.0,462.8,462.8,1.0,61.4,261.9,0.41,0.099,0.099,620.0,620.0
human,cleric,human_god_forms,god_human,m100,5,1.0,1.0,1.0,1.0,1.0,1.0,50.0,75.0,640.0,1.0,462.8,462.8,1.0,102.3,544.1,0.85,0.165,0.165,620.0,620.0
human,cleric,human_god_forms,god_human,m100,7,1.0,1.0,1.0,1.0,1.0,1.0,50.0,75.0,640.0,1.0,462.8,462.8,1.0,129.6,806.0,1.26,0.209,0.209,620.0,620.0
human,cleric,human_god_forms,transcendent_human,m0,1,1.0,1.0,1.0,1.0,1.0,1.0,50.0,75.0,640.0,1.0,462.8,462.8,1.0,37.2,84.6,0.13,0.06,0.06,620.0,620.0
human,cleric,human_god_forms,transcendent_human,m0,3,1.0,1.0,1.0,1.0,1.0,1.0,50.0,75.0,640.0,1.0,462.8,462.8,1.0,61.4,261.9,0.41,0.099,0.099,620.0,620.0
human,cleric,human_god_forms,transcendent_human,m0,5,1.0,1.0,1.0,1.0,1.0,1.0,50.0,75.0,640.0,1.0,462.8,462.8,1.0,102.3,544.1,0.85,0.165,0.165,620.0,620.0
human,cleric,human_god_forms,transcendent_human,m0,7,1.0,1.0,1.0,1.0,1.0,1.0,50.0,75.0,640.0,1.0,462.8,462.8,1.0,129.6,806.0,1.26,0.209,0.209,620.0,620.0
human,cleric,human_god_forms,transcendent_human,m100,1,1.0,1.0,1.0,1.0,1.0,1.0,50.0,75.0,640.0,1.0,462.8,462.8,1.0,37.2,84.6,0.13,0.06,0.06,620.0,620.0
human,cleric,human_god_forms,transcendent_human,m100,3,1.0,1.0,1.0,1.0,1.0,1.0,50.0,75.0,640.0,1.0,462.8,462.8,1.0,61.4,261.9,0.41,0.099,0.099,620.0,620.0
human,cleric,human_god_forms,transcendent_human,m100,5,1.0,1.0,1.0,1.0,1.0,1.0,50.0,75.0,640.0,1.0,462.8,462.8,1.0,102.3,544.1,0.85,0.165,0.165,620.0,620.0
human,cleric,human_god_forms,transcendent_human,m100,7,1.0,1.0,1.0,1.0,1.0,1.0,50.0,75.0,640.0,1.0,462.8,462.8,1.0,129.6,806.0,1.26,0.209,0.209,620.0,620.0
human,cleric,legendaryforms,shiyoken,m0,1,3.4,3.4,3.4,1.0,1.0,2.62,170.0,255.0,2176.0,3.4,888.3,1514.1,0.587,41.9,84.6,0.04,0.068,0.068,620.0,620.0
human,cleric,legendaryforms,shiyoken,m0,3,3.4,3.4,3.4,1.0,1.0,2.62,170.0,255.0,2176.0,3.4,1011.8,1514.1,0.668,75.4,261.9,0.12,0.122,0.122,620.0,620.0
human,cleric,legendaryforms,shiyoken,m0,5,3.4,3.4,3.4,1.0,1.0,2.62,170.0,255.0,2176.0,3.4,741.5,1514.1,0.49,125.7,544.1,0.25,0.203,0.203,620.0,620.0
human,cleric,legendaryforms,shiyoken,m0,7,3.4,3.4,3.4,1.0,1.0,2.62,170.0,255.0,2176.0,3.4,741.5,1514.1,0.49,159.2,806.0,0.37,0.257,0.257,620.0,620.0
human,cleric,legendaryforms,shiyoken,m100,1,5.1,5.1,5.1,1.0,1.0,3.94,255.0,382.5,3264.0,5.1,1098.7,2258.8,0.486,44.5,84.6,0.03,0.072,0.072,620.0,620.0
human,cleric,legendaryforms,shiyoken,m100,3,5.1,5.1,5.1,1.0,1.0,3.94,255.0,382.5,3264.0,5.1,1283.2,2258.8,0.568,80.1,261.9,0.08,0.129,0.129,620.0,620.0
human,cleric,legendaryforms,shiyoken,m100,5,5.1,5.1,5.1,1.0,1.0,3.94,255.0,382.5,3264.0,5.1,879.3,2258.8,0.389,133.4,544.1,0.17,0.215,0.215,620.0,620.0
human,cleric,legendaryforms,shiyoken,m100,7,5.1,5.1,5.1,1.0,1.0,3.94,255.0,382.5,3264.0,5.1,879.3,2258.8,0.389,169.0,806.0,0.25,0.273,0.273,620.0,620.0
human,cleric,legendaryforms,shin_shiyoken,m0,1,9.3,9.3,9.3,1.0,1.0,9.25,465.0,697.5,5952.0,9.3,1042.4,4098.7,0.254,48.3,84.6,0.01,0.078,0.078,620.0,620.0
human,cleric,legendaryforms,shin_shiyoken,m0,3,9.3,9.3,9.3,1.0,1.0,9.25,465.0,697.5,5952.0,9.3,931.1,4098.7,0.227,86.9,261.9,0.04,0.14,0.14,620.0,620.0
human,cleric,legendaryforms,shin_shiyoken,m0,5,9.3,9.3,9.3,1.0,1.0,9.25,465.0,697.5,5952.0,9.3,842.5,4098.7,0.206,144.9,544.1,0.09,0.234,0.234,620.0,620.0
human,cleric,legendaryforms,shin_shiyoken,m0,7,9.3,9.3,9.3,1.0,1.0,9.25,465.0,697.5,5952.0,9.3,842.5,4098.7,0.206,183.5,806.0,0.14,0.296,0.296,620.0,620.0
human,cleric,legendaryforms,shin_shiyoken,m100,1,13.95,13.95,13.95,1.0,1.0,13.88,697.5,1046.2,8928.0,13.95,1128.9,6135.7,0.184,50.9,84.7,0.01,0.082,0.082,620.0,620.0
human,cleric,legendaryforms,shin_shiyoken,m100,3,13.95,13.95,13.95,1.0,1.0,13.88,697.5,1046.2,8928.0,13.95,1005.1,6135.7,0.164,91.6,261.9,0.03,0.148,0.148,620.0,620.0
human,cleric,legendaryforms,shin_shiyoken,m100,5,13.95,13.95,13.95,1.0,1.0,13.88,697.5,1046.2,8928.0,13.95,902.5,6135.7,0.147,152.6,544.1,0.06,0.246,0.246,620.0,620.0
human,cleric,legendaryforms,shin_shiyoken,m100,7,13.95,13.95,13.95,1.0,1.0,13.88,697.5,1046.2,8928.0,13.95,902.5,6135.7,0.147,193.3,806.0,0.09,0.312,0.312,620.0,620.0
human,cleric,legendaryforms,chou_shiyoken,m0,1,14.0,14.0,15.0,1.0,1.0,12.62,700.0,1050.0,9600.0,15.0,1138.1,6581.6,0.173,51.3,85.4,0.01,0.083,0.083,620.0,620.0
human,cleric,legendaryforms,chou_shiyoken,m0,3,14.0,14.0,15.0,1.0,1.0,12.62,700.0,1050.0,9600.0,15.0,1017.5,6581.6,0.155,92.4,261.9,0.03,0.149,0.149,620.0,620.0
human,cleric,legendaryforms,chou_shiyoken,m0,5,14.0,14.0,15.0,1.0,1.0,12.62,700.0,1050.0,9600.0,15.0,912.5,6581.6,0.139,154.0,544.1,0.06,0.248,0.248,620.0,620.0
human,cleric,legendaryforms,chou_shiyoken,m0,7,14.0,14.0,15.0,1.0,1.0,12.62,700.0,1050.0,9600.0,15.0,912.5,6581.6,0.139,195.1,806.0,0.08,0.315,0.315,620.0,620.0
human,cleric,legendaryforms,chou_shiyoken,m100,1,21.0,21.0,22.5,1.0,1.0,18.94,1050.0,1575.0,14400.0,22.5,1185.4,9860.0,0.12,53.9,89.0,0.01,0.087,0.087,620.0,620.0
human,cleric,legendaryforms,chou_shiyoken,m100,3,21.0,21.0,22.5,1.0,1.0,18.94,1050.0,1575.0,14400.0,22.5,1086.7,9860.0,0.11,97.1,261.9,0.02,0.157,0.157,620.0,620.0
human,cleric,legendaryforms,chou_shiyoken,m100,5,21.0,21.0,22.5,1.0,1.0,18.94,1050.0,1575.0,14400.0,22.5,968.6,9860.0,0.098,161.8,544.1,0.04,0.261,0.261,620.0,620.0
human,cleric,legendaryforms,chou_shiyoken,m100,7,21.0,21.0,22.5,1.0,1.0,18.94,1050.0,1575.0,14400.0,22.5,968.6,9860.0,0.098,204.9,806.0,0.06,0.33,0.33,620.0,620.0
human,cleric,superforms,buffed,m0,1,3.6,3.75,3.45,1.0,1.0,3.38,180.0,281.2,2208.0,3.75,896.0,1539.4,0.582,42.5,84.6,0.04,0.069,0.069,620.0,620.0
human,cleric,superforms,buffed,m0,3,3.6,3.75,3.45,1.0,1.0,3.38,180.0,281.2,2208.0,3.75,1021.7,1539.4,0.664,76.5,261.9,0.12,0.123,0.123,620.0,620.0
human,cleric,superforms,buffed,m0,5,3.6,3.75,3.45,1.0,1.0,3.38,180.0,281.2,2208.0,3.75,746.5,1539.4,0.485,127.5,544.1,0.25,0.206,0.206,620.0,620.0
human,cleric,superforms,buffed,m0,7,3.6,3.75,3.45,1.0,1.0,3.38,180.0,281.2,2208.0,3.75,746.5,1539.4,0.485,161.6,806.0,0.37,0.261,0.261,620.0,620.0
human,cleric,superforms,buffed,m100,1,5.4,5.62,5.18,1.0,1.0,5.06,270.0,421.9,3312.0,5.62,1108.7,2296.7,0.483,45.1,84.6,0.03,0.073,0.073,620.0,620.0
human,cleric,superforms,buffed,m100,3,5.4,5.62,5.18,1.0,1.0,5.06,270.0,421.9,3312.0,5.62,1296.1,2296.7,0.564,81.2,261.9,0.08,0.131,0.131,620.0,620.0
human,cleric,superforms,buffed,m100,5,5.4,5.62,5.18,1.0,1.0,5.06,270.0,421.9,3312.0,5.62,885.9,2296.7,0.386,135.3,544.1,0.16,0.218,0.218,620.0,620.0
human,cleric,superforms,buffed,m100,7,5.4,5.62,5.18,1.0,1.0,5.06,270.0,421.9,3312.0,5.62,885.9,2296.7,0.386,171.4,806.0,0.24,0.276,0.276,620.0,620.0
human,cleric,superforms,fullpower,m0,1,6.1,6.25,6.9,1.0,1.0,5.81,305.0,468.8,4416.0,6.9,972.3,3037.4,0.32,46.4,84.6,0.02,0.075,0.075,620.0,620.0
human,cleric,superforms,fullpower,m0,3,6.1,6.25,6.9,1.0,1.0,5.81,305.0,468.8,4416.0,6.9,874.4,3037.4,0.288,83.5,261.9,0.06,0.135,0.135,620.0,620.0
human,cleric,superforms,fullpower,m0,5,6.1,6.25,6.9,1.0,1.0,5.81,305.0,468.8,4416.0,6.9,796.5,3037.4,0.262,139.2,544.1,0.12,0.225,0.225,620.0,620.0
human,cleric,superforms,fullpower,m0,7,6.1,6.25,6.9,1.0,1.0,5.81,305.0,468.8,4416.0,6.9,796.5,3037.4,0.262,176.3,806.0,0.18,0.284,0.284,620.0,620.0
human,cleric,superforms,fullpower,m100,1,9.15,9.38,10.35,1.0,1.0,8.72,457.5,703.1,6624.0,10.35,1065.9,4543.7,0.235,49.0,84.6,0.01,0.079,0.079,620.0,620.0
human,cleric,superforms,fullpower,m100,3,9.15,9.38,10.35,1.0,1.0,8.72,457.5,703.1,6624.0,10.35,950.0,4543.7,0.209,88.2,261.9,0.04,0.142,0.142,620.0,620.0
human,cleric,superforms,fullpower,m100,5,9.15,9.38,10.35,1.0,1.0,8.72,457.5,703.1,6624.0,10.35,857.9,4543.7,0.189,146.9,544.1,0.08,0.237,0.237,620.0,620.0
human,cleric,superforms,fullpower,m100,7,9.15,9.38,10.35,1.0,1.0,8.72,457.5,703.1,6624.0,10.35,857.9,4543.7,0.189,186.1,806.0,0.12,0.3,0.3,620.0,620.0
human,cleric,superforms,overdrive,m0,1,9.85,9.0,9.6,1.0,1.0,9.44,492.5,675.0,6144.0,9.85,1047.7,4226.4,0.248,48.7,84.6,0.01,0.078,0.078,620.0,620.0
human,cleric,superforms,overdrive,m0,3,9.85,9.0,9.6,1.0,1.0,9.44,492.5,675.0,6144.0,9.85,935.3,4226.4,0.221,87.6,261.9,0.04,0.141,0.141,620.0,620.0
human,cleric,superforms,overdrive,m0,5,9.85,9.0,9.6,1.0,1.0,9.44,492.5,675.0,6144.0,9.85,845.9,4226.4,0.2,146.0,544.1,0.09,0.235,0.235,620.0,620.0
human,cleric,superforms,overdrive,m0,7,9.85,9.0,9.6,1.0,1.0,9.44,492.5,675.0,6144.0,9.85,845.9,4226.4,0.2,184.9,806.0,0.13,0.298,0.298,620.0,620.0
human,cleric,superforms,overdrive,m100,1,14.77,13.5,14.4,1.0,1.0,14.16,738.7,1012.5,9216.0,14.77,1128.5,6327.3,0.178,51.2,84.7,0.01,0.083,0.083,620.0,620.0
human,cleric,superforms,overdrive,m100,3,14.77,13.5,14.4,1.0,1.0,14.16,738.7,1012.5,9216.0,14.77,1008.6,6327.3,0.159,92.2,261.9,0.03,0.149,0.149,620.0,620.0
human,cleric,superforms,overdrive,m100,5,14.77,13.5,14.4,1.0,1.0,14.16,738.7,1012.5,9216.0,14.77,905.3,6327.3,0.143,153.7,544.1,0.06,0.248,0.248,620.0,620.0
human,cleric,superforms,overdrive,m100,7,14.77,13.5,14.4,1.0,1.0,14.16,738.7,1012.5,9216.0,14.77,905.3,6327.3,0.143,194.7,806.0,0.09,0.314,0.314,620.0,620.0
human,cleric,superforms,solaris,m0,1,14.25,14.5,14.75,1.0,1.0,12.88,712.5,1087.5,9440.0,14.75,1136.3,6481.2,0.175,51.2,85.3,0.01,0.083,0.083,620.0,620.0
human,cleric,superforms,solaris,m0,3,14.25,14.5,14.75,1.0,1.0,12.88,712.5,1087.5,9440.0,14.75,1014.9,6481.2,0.157,92.2,261.9,0.03,0.149,0.149,620.0,620.0
human,cleric,superforms,solaris,m0,5,14.25,14.5,14.75,1.0,1.0,12.88,712.5,1087.5,9440.0,14.75,910.4,6481.2,0.14,153.7,544.1,0.06,0.248,0.248,620.0,620.0
human,cleric,superforms,solaris,m0,7,14.25,14.5,14.75,1.0,1.0,12.88,712.5,1087.5,9440.0,14.75,910.4,6481.2,0.14,194.7,806.0,0.09,0.314,0.314,620.0,620.0
human,cleric,superforms,solaris,m100,1,21.38,21.75,22.12,1.0,1.0,19.31,1068.8,1631.2,14160.0,22.12,1184.2,9709.5,0.122,53.8,88.9,0.01,0.087,0.087,620.0,620.0
human,cleric,superforms,solaris,m100,3,21.38,21.75,22.12,1.0,1.0,19.31,1068.8,1631.2,14160.0,22.12,1084.3,9709.5,0.112,96.9,261.9,0.02,0.156,0.156,620.0,620.0
human,cleric,superforms,solaris,m100,5,21.38,21.75,22.12,1.0,1.0,19.31,1068.8,1631.2,14160.0,22.12,966.7,9709.5,0.1,161.4,544.1,0.04,0.26,0.26,620.0,620.0
human,cleric,superforms,solaris,m100,7,21.38,21.75,22.12,1.0,1.0,19.31,1068.8,1631.2,14160.0,22.12,966.7,9709.5,0.1,204.5,806.0,0.06,0.33,0.33,620.0,620.0
human,warrior,base,Base,m0,1,1.0,1.0,1.0,1.0,1.0,1.0,1134.0,200.0,50.0,1.0,782.1,782.1,1.0,44.9,102.2,0.09,0.06,0.06,749.0,749.0
human,warrior,base,Base,m0,3,1.0,1.0,1.0,1.0,1.0,1.0,1134.0,200.0,50.0,1.0,782.1,782.1,1.0,74.2,316.5,0.28,0.099,0.099,749.0,749.0
human,warrior,base,Base,m0,5,1.0,1.0,1.0,1.0,1.0,1.0,1134.0,200.0,50.0,1.0,782.1,782.1,1.0,123.6,657.2,0.58,0.165,0.165,749.0,749.0
human,warrior,base,Base,m0,7,1.0,1.0,1.0,1.0,1.0,1.0,1134.0,200.0,50.0,1.0,782.1,782.1,1.0,156.5,973.7,0.86,0.209,0.209,749.0,749.0
human,warrior,android_enhancement,overclock,m0,1,1.0,1.0,50.0,15.0,1.0,1.0,1134.0,200.0,2500.0,50.0,795.0,1846.8,0.43,71.3,102.2,0.04,0.095,0.095,749.0,749.0
human,warrior,android_enhancement,overclock,m0,3,1.0,1.0,50.0,15.0,1.0,1.0,1134.0,200.0,2500.0,50.0,794.5,1846.8,0.43,128.3,316.5,0.13,0.171,0.171,749.0,749.0
human,warrior,android_enhancement,overclock,m0,5,1.0,1.0,50.0,15.0,1.0,1.0,1134.0,200.0,2500.0,50.0,792.1,1846.8,0.429,213.9,657.2,0.26,0.286,0.286,749.0,749.0
human,warrior,android_enhancement,overclock,m0,7,1.0,1.0,50.0,15.0,1.0,1.0,1134.0,200.0,2500.0,50.0,792.1,1846.8,0.429,270.9,973.7,0.39,0.362,0.362,749.0,749.0
human,warrior,android_enhancement,overclock,m100,1,1.0,1.0,50.0,15.0,1.0,1.0,1134.0,200.0,2500.0,50.0,795.0,1846.8,0.43,71.3,102.2,0.04,0.095,0.095,749.0,749.0
human,warrior,android_enhancement,overclock,m100,3,1.0,1.0,50.0,15.0,1.0,1.0,1134.0,200.0,2500.0,50.0,794.5,1846.8,0.43,128.3,316.5,0.13,0.171,0.171,749.0,749.0
human,warrior,android_enhancement,overclock,m100,5,1.0,1.0,50.0,15.0,1.0,1.0,1134.0,200.0,2500.0,50.0,792.1,1846.8,0.429,213.9,657.2,0.26,0.286,0.286,749.0,749.0
human,warrior,android_enhancement,overclock,m100,7,1.0,1.0,50.0,15.0,1.0,1.0,1134.0,200.0,2500.0,50.0,792.1,1846.8,0.429,270.9,973.7,0.39,0.362,0.362,749.0,749.0
human,warrior,android_enhancement,overheat,m0,1,50.0,50.0,1.0,5.0,1.0,25.0,56700.0,10000.0,50.0,50.0,2144.0,38707.9,0.055,71.3,156.3,0.0,0.095,0.095,749.0,749.0
human,warrior,android_enhancement,overheat,m0,3,50.0,50.0,1.0,5.0,1.0,25.0,56700.0,10000.0,50.0,50.0,2089.5,38707.9,0.054,128.3,397.3,0.01,0.171,0.171,749.0,749.0
human,warrior,android_enhancement,overheat,m0,5,50.0,50.0,1.0,5.0,1.0,25.0,56700.0,10000.0,50.0,50.0,1842.2,38707.9,0.048,213.9,657.2,0.01,0.286,0.286,749.0,749.0
human,warrior,android_enhancement,overheat,m0,7,50.0,50.0,1.0,5.0,1.0,25.0,56700.0,10000.0,50.0,50.0,1842.2,38707.9,0.048,270.9,973.7,0.02,0.362,0.362,749.0,749.0
human,warrior,android_enhancement,overheat,m100,1,50.0,50.0,1.0,5.0,1.0,25.0,56700.0,10000.0,50.0,50.0,2144.0,38707.9,0.055,71.3,156.3,0.0,0.095,0.095,749.0,749.0
human,warrior,android_enhancement,overheat,m100,3,50.0,50.0,1.0,5.0,1.0,25.0,56700.0,10000.0,50.0,50.0,2089.5,38707.9,0.054,128.3,397.3,0.01,0.171,0.171,749.0,749.0
human,warrior,android_enhancement,overheat,m100,5,50.0,50.0,1.0,5.0,1.0,25.0,56700.0,10000.0,50.0,50.0,1842.2,38707.9,0.048,213.9,657.2,0.01,0.286,0.286,749.0,749.0
human,warrior,android_enhancement,overheat,m100,7,50.0,50.0,1.0,5.0,1.0,25.0,56700.0,10000.0,50.0,50.0,1842.2,38707.9,0.048,270.9,973.7,0.02,0.362,0.362,749.0,749.0
human,warrior,androidforms,androidbase,m0,1,1.5,1.5,2.75,2.0,2.0,2.0,1701.0,300.0,137.5,2.75,1019.6,1181.5,0.863,78.4,163.6,0.1,0.053,0.065,1198.6,1478.0
human,warrior,androidforms,androidbase,m0,3,1.5,1.5,2.75,2.0,2.0,2.0,1701.0,300.0,137.5,2.75,1088.5,1181.5,0.921,139.1,499.4,0.29,0.094,0.118,1182.1,1478.0
human,warrior,androidforms,androidbase,m0,5,1.5,1.5,2.75,2.0,2.0,2.0,1701.0,300.0,137.5,2.75,937.6,1181.5,0.794,229.3,1025.8,0.6,0.155,0.196,1169.0,1478.0
human,warrior,androidforms,androidbase,m0,7,1.5,1.5,2.75,2.0,2.0,2.0,1701.0,300.0,137.5,2.75,937.6,1181.5,0.794,290.5,1519.7,0.89,0.197,0.248,1169.0,1478.0
human,warrior,androidforms,androidbase,m100,1,2.25,2.25,4.12,3.0,3.0,3.0,2551.5,450.0,206.2,4.12,1251.9,1772.3,0.706,108.5,213.0,0.08,0.049,0.07,1560.3,2207.0
human,warrior,androidforms,androidbase,m100,3,2.25,2.25,4.12,3.0,3.0,3.0,2551.5,450.0,206.2,4.12,1388.2,1772.3,0.783,191.6,646.8,0.25,0.087,0.125,1530.8,2207.0
human,warrior,androidforms,androidbase,m100,5,2.25,2.25,4.12,3.0,3.0,3.0,2551.5,450.0,206.2,4.12,1089.8,1772.3,0.615,314.5,1322.6,0.52,0.143,0.209,1507.3,2207.0
human,warrior,androidforms,androidbase,m100,7,2.25,2.25,4.12,3.0,3.0,3.0,2551.5,450.0,206.2,4.12,1089.8,1772.3,0.615,398.4,1959.5,0.77,0.181,0.264,1507.3,2207.0
human,warrior,androidforms,superandroid,m0,1,9.0,9.0,14.5,2.0,2.0,13.0,10206.0,1800.0,725.0,14.5,1738.0,7050.9,0.246,95.5,158.1,0.02,0.065,0.082,1158.0,1478.0
human,warrior,androidforms,superandroid,m0,3,9.0,9.0,14.5,2.0,2.0,13.0,10206.0,1800.0,725.0,14.5,1564.0,7050.9,0.222,171.9,489.2,0.05,0.116,0.148,1158.0,1478.0
human,warrior,androidforms,superandroid,m0,5,9.0,9.0,14.5,2.0,2.0,13.0,10206.0,1800.0,725.0,14.5,1416.1,7050.9,0.201,286.5,1016.1,0.1,0.194,0.247,1158.0,1478.0
human,warrior,androidforms,superandroid,m0,7,9.0,9.0,14.5,2.0,2.0,13.0,10206.0,1800.0,725.0,14.5,1416.1,7050.9,0.201,362.8,1505.3,0.15,0.246,0.313,1158.0,1478.0
human,warrior,androidforms,superandroid,m100,1,13.5,13.5,21.75,3.0,3.0,19.5,15309.0,2700.0,1087.5,21.75,1825.9,10576.4,0.173,119.3,188.0,0.01,0.054,0.087,1377.6,2207.0
human,warrior,androidforms,superandroid,m100,3,13.5,13.5,21.75,3.0,3.0,19.5,15309.0,2700.0,1087.5,21.75,1679.4,10576.4,0.159,214.8,582.0,0.04,0.097,0.156,1377.6,2207.0
human,warrior,androidforms,superandroid,m100,5,13.5,13.5,21.75,3.0,3.0,19.5,15309.0,2700.0,1087.5,21.75,1509.7,10576.4,0.143,358.0,1208.8,0.08,0.162,0.26,1377.6,2207.0
human,warrior,androidforms,superandroid,m100,7,13.5,13.5,21.75,3.0,3.0,19.5,15309.0,2700.0,1087.5,21.75,1509.7,10576.4,0.143,453.5,1790.8,0.12,0.205,0.329,1377.6,2207.0
human,warrior,androidforms,fusedandroid,m0,1,19.0,19.0,23.0,2.0,2.0,23.0,21546.0,3800.0,1150.0,23.0,1973.5,14836.5,0.133,98.8,154.6,0.01,0.067,0.087,1132.6,1478.0
human,warrior,androidforms,fusedandroid,m0,3,19.0,19.0,23.0,2.0,2.0,23.0,21546.0,3800.0,1150.0,23.0,1813.6,14836.5,0.122,177.8,478.5,0.02,0.12,0.157,1132.6,1478.0
human,warrior,androidforms,fusedandroid,m0,5,19.0,19.0,23.0,2.0,2.0,23.0,21546.0,3800.0,1150.0,23.0,1618.4,14836.5,0.109,296.3,993.9,0.05,0.2,0.262,1132.6,1478.0
human,warrior,androidforms,fusedandroid,m0,7,19.0,19.0,23.0,2.0,2.0,23.0,21546.0,3800.0,1150.0,23.0,1618.4,14836.5,0.109,375.3,1472.4,0.07,0.254,0.331,1132.6,1478.0
human,warrior,androidforms,fusedandroid,m100,1,28.5,28.5,34.5,3.0,3.0,34.5,32319.0,5700.0,1725.0,34.5,2031.5,22254.8,0.091,120.1,179.5,0.01,0.054,0.091,1314.7,2207.0
human,warrior,androidforms,fusedandroid,m100,3,28.5,28.5,34.5,3.0,3.0,34.5,32319.0,5700.0,1725.0,34.5,1922.2,22254.8,0.086,216.2,555.5,0.02,0.098,0.164,1314.7,2207.0
human,warrior,androidforms,fusedandroid,m100,5,28.5,28.5,34.5,3.0,3.0,34.5,32319.0,5700.0,1725.0,34.5,1706.5,22254.8,0.077,360.3,1153.7,0.04,0.163,0.274,1314.7,2207.0
human,warrior,androidforms,fusedandroid,m100,7,28.5,28.5,34.5,3.0,3.0,34.5,32319.0,5700.0,1725.0,34.5,1706.5,22254.8,0.077,456.4,1709.1,0.05,0.207,0.347,1314.7,2207.0
human,warrior,human_god_forms,god_human,m0,1,1.0,1.0,1.0,1.0,1.0,1.0,1134.0,200.0,50.0,1.0,782.1,782.1,1.0,44.9,102.2,0.09,0.06,0.06,749.0,749.0
human,warrior,human_god_forms,god_human,m0,3,1.0,1.0,1.0,1.0,1.0,1.0,1134.0,200.0,50.0,1.0,782.1,782.1,1.0,74.2,316.5,0.28,0.099,0.099,749.0,749.0
human,warrior,human_god_forms,god_human,m0,5,1.0,1.0,1.0,1.0,1.0,1.0,1134.0,200.0,50.0,1.0,782.1,782.1,1.0,123.6,657.2,0.58,0.165,0.165,749.0,749.0
human,warrior,human_god_forms,god_human,m0,7,1.0,1.0,1.0,1.0,1.0,1.0,1134.0,200.0,50.0,1.0,782.1,782.1,1.0,156.5,973.7,0.86,0.209,0.209,749.0,749.0
human,warrior,human_god_forms,god_human,m100,1,1.0,1.0,1.0,1.0,1.0,1.0,1134.0,200.0,50.0,1.0,782.1,782.1,1.0,44.9,102.2,0.09,0.06,0.06,749.0,749.0
human,warrior,human_god_forms,god_human,m100,3,1.0,1.0,1.0,1.0,1.0,1.0,1134.0,200.0,50.0,1.0,782.1,782.1,1.0,74.2,316.5,0.28,0.099,0.099,749.0,749.0
human,warrior,human_god_forms,god_human,m100,5,1.0,1.0,1.0,1.0,1.0,1.0,1134.0,200.0,50.0,1.0,782.1,782.1,1.0,123.6,657.2,0.58,0.165,0.165,749.0,749.0
human,warrior,human_god_forms,god_human,m100,7,1.0,1.0,1.0,1.0,1.0,1.0,1134.0,200.0,50.0,1.0,782.1,782.1,1.0,156.5,973.7,0.86,0.209,0.209,749.0,749.0
human,warrior,human_god_forms,transcendent_human,m0,1,1.0,1.0,1.0,1.0,1.0,1.0,1134.0,200.0,50.0,1.0,782.1,782.1,1.0,44.9,102.2,0.09,0.06,0.06,749.0,749.0
human,warrior,human_god_forms,transcendent_human,m0,3,1.0,1.0,1.0,1.0,1.0,1.0,1134.0,200.0,50.0,1.0,782.1,782.1,1.0,74.2,316.5,0.28,0.099,0.099,749.0,749.0
human,warrior,human_god_forms,transcendent_human,m0,5,1.0,1.0,1.0,1.0,1.0,1.0,1134.0,200.0,50.0,1.0,782.1,782.1,1.0,123.6,657.2,0.58,0.165,0.165,749.0,749.0
human,warrior,human_god_forms,transcendent_human,m0,7,1.0,1.0,1.0,1.0,1.0,1.0,1134.0,200.0,50.0,1.0,782.1,782.1,1.0,156.5,973.7,0.86,0.209,0.209,749.0,749.0
human,warrior,human_god_forms,transcendent_human,m100,1,1.0,1.0,1.0,1.0,1.0,1.0,1134.0,200.0,50.0,1.0,782.1,782.1,1.0,44.9,102.2,0.09,0.06,0.06,749.0,749.0
human,warrior,human_god_forms,transcendent_human,m100,3,1.0,1.0,1.0,1.0,1.0,1.0,1134.0,200.0,50.0,1.0,782.1,782.1,1.0,74.2,316.5,0.28,0.099,0.099,749.0,749.0
human,warrior,human_god_forms,transcendent_human,m100,5,1.0,1.0,1.0,1.0,1.0,1.0,1134.0,200.0,50.0,1.0,782.1,782.1,1.0,123.6,657.2,0.58,0.165,0.165,749.0,749.0
human,warrior,human_god_forms,transcendent_human,m100,7,1.0,1.0,1.0,1.0,1.0,1.0,1134.0,200.0,50.0,1.0,782.1,782.1,1.0,156.5,973.7,0.86,0.209,0.209,749.0,749.0
human,warrior,legendaryforms,shiyoken,m0,1,3.4,3.4,3.4,1.0,1.0,2.62,3855.6,680.0,170.0,3.4,1539.2,2652.7,0.58,50.6,115.6,0.03,0.068,0.068,749.0,749.0
human,warrior,legendaryforms,shiyoken,m0,3,3.4,3.4,3.4,1.0,1.0,2.62,3855.6,680.0,170.0,3.4,1759.0,2652.7,0.663,91.1,334.4,0.09,0.122,0.122,749.0,749.0
human,warrior,legendaryforms,shiyoken,m0,5,3.4,3.4,3.4,1.0,1.0,2.62,3855.6,680.0,170.0,3.4,1278.0,2652.7,0.482,151.8,657.2,0.17,0.203,0.203,749.0,749.0
human,warrior,legendaryforms,shiyoken,m0,7,3.4,3.4,3.4,1.0,1.0,2.62,3855.6,680.0,170.0,3.4,1278.0,2652.7,0.482,192.3,973.7,0.25,0.257,0.257,749.0,749.0
human,warrior,legendaryforms,shiyoken,m100,1,5.1,5.1,5.1,1.0,1.0,3.94,5783.4,1020.0,255.0,5.1,1913.5,3977.6,0.481,53.7,139.7,0.02,0.072,0.072,749.0,749.0
human,warrior,legendaryforms,shiyoken,m100,3,5.1,5.1,5.1,1.0,1.0,3.94,5783.4,1020.0,255.0,5.1,2241.8,3977.6,0.564,96.7,426.2,0.07,0.129,0.129,749.0,749.0
human,warrior,legendaryforms,shiyoken,m100,5,5.1,5.1,5.1,1.0,1.0,3.94,5783.4,1020.0,255.0,5.1,1523.2,3977.6,0.383,161.2,657.2,0.11,0.215,0.215,749.0,749.0
human,warrior,legendaryforms,shiyoken,m100,7,5.1,5.1,5.1,1.0,1.0,3.94,5783.4,1020.0,255.0,5.1,1523.2,3977.6,0.383,204.2,973.7,0.17,0.273,0.273,749.0,749.0
human,warrior,legendaryforms,shin_shiyoken,m0,1,9.3,9.3,9.3,1.0,1.0,9.25,10546.2,1860.0,465.0,9.3,1813.4,7251.1,0.25,58.3,136.1,0.01,0.078,0.078,749.0,749.0
human,warrior,legendaryforms,shin_shiyoken,m0,3,9.3,9.3,9.3,1.0,1.0,9.25,10546.2,1860.0,465.0,9.3,1615.3,7251.1,0.223,105.0,316.5,0.03,0.14,0.14,749.0,749.0
human,warrior,legendaryforms,shin_shiyoken,m0,5,9.3,9.3,9.3,1.0,1.0,9.25,10546.2,1860.0,465.0,9.3,1457.7,7251.1,0.201,175.0,657.2,0.06,0.234,0.234,749.0,749.0
human,warrior,legendaryforms,shin_shiyoken,m0,7,9.3,9.3,9.3,1.0,1.0,9.25,10546.2,1860.0,465.0,9.3,1457.7,7251.1,0.201,221.7,973.7,0.09,0.296,0.296,749.0,749.0
human,warrior,legendaryforms,shin_shiyoken,m100,1,13.95,13.95,13.95,1.0,1.0,13.88,15819.3,2790.0,697.5,13.95,1967.2,10875.3,0.181,61.5,147.0,0.01,0.082,0.082,749.0,749.0
human,warrior,legendaryforms,shin_shiyoken,m100,3,13.95,13.95,13.95,1.0,1.0,13.88,15819.3,2790.0,697.5,13.95,1747.1,10875.3,0.161,110.6,332.2,0.02,0.148,0.148,749.0,749.0
human,warrior,legendaryforms,shin_shiyoken,m100,5,13.95,13.95,13.95,1.0,1.0,13.88,15819.3,2790.0,697.5,13.95,1564.5,10875.3,0.144,184.4,657.2,0.04,0.246,0.246,749.0,749.0
human,warrior,legendaryforms,shin_shiyoken,m100,7,13.95,13.95,13.95,1.0,1.0,13.88,15819.3,2790.0,697.5,13.95,1564.5,10875.3,0.144,233.6,973.7,0.06,0.312,0.312,749.0,749.0
human,warrior,legendaryforms,chou_shiyoken,m0,1,14.0,14.0,15.0,1.0,1.0,12.62,15876.0,2800.0,750.0,15.0,1947.4,10919.9,0.178,62.0,146.2,0.01,0.083,0.083,749.0,749.0
human,warrior,legendaryforms,chou_shiyoken,m0,3,14.0,14.0,15.0,1.0,1.0,12.62,15876.0,2800.0,750.0,15.0,1739.3,10919.9,0.159,111.6,330.7,0.02,0.149,0.149,749.0,749.0
human,warrior,legendaryforms,chou_shiyoken,m0,5,14.0,14.0,15.0,1.0,1.0,12.62,15876.0,2800.0,750.0,15.0,1558.2,10919.9,0.143,186.1,657.2,0.04,0.248,0.248,749.0,749.0
human,warrior,legendaryforms,chou_shiyoken,m0,7,14.0,14.0,15.0,1.0,1.0,12.62,15876.0,2800.0,750.0,15.0,1558.2,10919.9,0.143,235.7,973.7,0.06,0.315,0.315,749.0,749.0
human,warrior,legendaryforms,chou_shiyoken,m100,1,21.0,21.0,22.5,1.0,1.0,18.94,23814.0,4200.0,1125.0,22.5,2031.8,16378.5,0.124,65.1,150.5,0.01,0.087,0.087,749.0,749.0
human,warrior,legendaryforms,chou_shiyoken,m100,3,21.0,21.0,22.5,1.0,1.0,18.94,23814.0,4200.0,1125.0,22.5,1861.0,16378.5,0.114,117.3,353.8,0.01,0.157,0.157,749.0,749.0
human,warrior,legendaryforms,chou_shiyoken,m100,5,21.0,21.0,22.5,1.0,1.0,18.94,23814.0,4200.0,1125.0,22.5,1656.9,16378.5,0.101,195.4,657.2,0.03,0.261,0.261,749.0,749.0
human,warrior,legendaryforms,chou_shiyoken,m100,7,21.0,21.0,22.5,1.0,1.0,18.94,23814.0,4200.0,1125.0,22.5,1656.9,16378.5,0.101,247.5,973.7,0.04,0.33,0.33,749.0,749.0
human,warrior,superforms,buffed,m0,1,3.6,3.75,3.45,1.0,1.0,3.38,4082.4,750.0,172.5,3.75,1586.8,2811.1,0.564,51.4,119.1,0.03,0.069,0.069,749.0,749.0
human,warrior,superforms,buffed,m0,3,3.6,3.75,3.45,1.0,1.0,3.38,4082.4,750.0,172.5,3.75,1820.4,2811.1,0.648,92.5,346.1,0.08,0.123,0.123,749.0,749.0
human,warrior,superforms,buffed,m0,5,3.6,3.75,3.45,1.0,1.0,3.38,4082.4,750.0,172.5,3.75,1309.2,2811.1,0.466,154.1,657.2,0.16,0.206,0.206,749.0,749.0
human,warrior,superforms,buffed,m0,7,3.6,3.75,3.45,1.0,1.0,3.38,4082.4,750.0,172.5,3.75,1309.2,2811.1,0.466,195.2,973.7,0.24,0.261,0.261,749.0,749.0
human,warrior,superforms,buffed,m100,1,5.4,5.62,5.18,1.0,1.0,5.06,6123.6,1125.0,258.8,5.62,1976.0,4215.3,0.469,54.5,140.4,0.02,0.073,0.073,749.0,749.0
human,warrior,superforms,buffed,m100,3,5.4,5.62,5.18,1.0,1.0,5.06,6123.6,1125.0,258.8,5.62,2322.5,4215.3,0.551,98.1,434.5,0.07,0.131,0.131,749.0,749.0
human,warrior,superforms,buffed,m100,5,5.4,5.62,5.18,1.0,1.0,5.06,6123.6,1125.0,258.8,5.62,1564.1,4215.3,0.371,163.4,657.2,0.11,0.218,0.218,749.0,749.0
human,warrior,superforms,buffed,m100,7,5.4,5.62,5.18,1.0,1.0,5.06,6123.6,1125.0,258.8,5.62,1564.1,4215.3,0.371,207.0,973.7,0.16,0.276,0.276,749.0,749.0
human,warrior,superforms,fullpower,m0,1,6.1,6.25,6.9,1.0,1.0,5.81,6917.4,1250.0,345.0,6.9,1630.7,4764.9,0.342,56.1,122.4,0.02,0.075,0.075,749.0,749.0
human,warrior,superforms,fullpower,m0,3,6.1,6.25,6.9,1.0,1.0,5.81,6917.4,1250.0,345.0,6.9,1467.7,4764.9,0.308,100.9,316.5,0.05,0.135,0.135,749.0,749.0
human,warrior,superforms,fullpower,m0,5,6.1,6.25,6.9,1.0,1.0,5.81,6917.4,1250.0,345.0,6.9,1338.0,4764.9,0.281,168.2,657.2,0.1,0.225,0.225,749.0,749.0
human,warrior,superforms,fullpower,m0,7,6.1,6.25,6.9,1.0,1.0,5.81,6917.4,1250.0,345.0,6.9,1338.0,4764.9,0.281,213.0,973.7,0.14,0.284,0.284,749.0,749.0
human,warrior,superforms,fullpower,m100,1,9.15,9.38,10.35,1.0,1.0,8.72,10376.1,1875.0,517.5,10.35,1793.4,7146.0,0.251,59.2,134.6,0.01,0.079,0.079,749.0,749.0
human,warrior,superforms,fullpower,m100,3,9.15,9.38,10.35,1.0,1.0,8.72,10376.1,1875.0,517.5,10.35,1599.1,7146.0,0.224,106.5,316.5,0.03,0.142,0.142,749.0,749.0
human,warrior,superforms,fullpower,m100,5,9.15,9.38,10.35,1.0,1.0,8.72,10376.1,1875.0,517.5,10.35,1444.5,7146.0,0.202,177.5,657.2,0.06,0.237,0.237,749.0,749.0
human,warrior,superforms,fullpower,m100,7,9.15,9.38,10.35,1.0,1.0,8.72,10376.1,1875.0,517.5,10.35,1444.5,7146.0,0.202,224.8,973.7,0.09,0.3,0.3,749.0,749.0
human,warrior,superforms,overdrive,m0,1,9.85,9.0,9.6,1.0,1.0,9.44,11169.9,1800.0,480.0,9.85,1835.5,7659.3,0.24,58.8,137.8,0.01,0.078,0.078,749.0,749.0
human,warrior,superforms,overdrive,m0,3,9.85,9.0,9.6,1.0,1.0,9.44,11169.9,1800.0,480.0,9.85,1633.1,7659.3,0.213,105.8,316.5,0.03,0.141,0.141,749.0,749.0
human,warrior,superforms,overdrive,m0,5,9.85,9.0,9.6,1.0,1.0,9.44,11169.9,1800.0,480.0,9.85,1472.1,7659.3,0.192,176.4,657.2,0.06,0.235,0.235,749.0,749.0
human,warrior,superforms,overdrive,m0,7,9.85,9.0,9.6,1.0,1.0,9.44,11169.9,1800.0,480.0,9.85,1472.1,7659.3,0.192,223.4,973.7,0.09,0.298,0.298,749.0,749.0
human,warrior,superforms,overdrive,m100,1,14.77,13.5,14.4,1.0,1.0,14.16,16754.8,2700.0,720.0,14.77,1979.8,11487.5,0.172,61.9,147.4,0.01,0.083,0.083,749.0,749.0
human,warrior,superforms,overdrive,m100,3,14.77,13.5,14.4,1.0,1.0,14.16,16754.8,2700.0,720.0,14.77,1764.0,11487.5,0.154,111.4,335.4,0.02,0.149,0.149,749.0,749.0
human,warrior,superforms,overdrive,m100,5,14.77,13.5,14.4,1.0,1.0,14.16,16754.8,2700.0,720.0,14.77,1578.3,11487.5,0.137,185.7,657.2,0.04,0.248,0.248,749.0,749.0
human,warrior,superforms,overdrive,m100,7,14.77,13.5,14.4,1.0,1.0,14.16,16754.8,2700.0,720.0,14.77,1578.3,11487.5,0.137,235.3,973.7,0.06,0.314,0.314,749.0,749.0
human,warrior,superforms,solaris,m0,1,14.25,14.5,14.75,1.0,1.0,12.88,16159.5,2900.0,737.5,14.75,1962.3,11117.6,0.177,61.9,147.3,0.01,0.083,0.083,749.0,749.0
human,warrior,superforms,solaris,m0,3,14.25,14.5,14.75,1.0,1.0,12.88,16159.5,2900.0,737.5,14.75,1749.5,11117.6,0.157,111.4,332.6,0.02,0.149,0.149,749.0,749.0
human,warrior,superforms,solaris,m0,5,14.25,14.5,14.75,1.0,1.0,12.88,16159.5,2900.0,737.5,14.75,1566.5,11117.6,0.141,185.7,657.2,0.04,0.248,0.248,749.0,749.0
human,warrior,superforms,solaris,m0,7,14.25,14.5,14.75,1.0,1.0,12.88,16159.5,2900.0,737.5,14.75,1566.5,11117.6,0.141,235.2,973.7,0.06,0.314,0.314,749.0,749.0
human,warrior,superforms,solaris,m100,1,21.38,21.75,22.12,1.0,1.0,19.31,24239.2,4350.0,1106.2,22.12,2047.6,16675.0,0.123,65.0,150.4,0.01,0.087,0.087,749.0,749.0
human,warrior,superforms,solaris,m100,3,21.38,21.75,22.12,1.0,1.0,19.31,24239.2,4350.0,1106.2,22.12,1872.4,16675.0,0.112,117.0,356.0,0.01,0.156,0.156,749.0,749.0
human,warrior,superforms,solaris,m100,5,21.38,21.75,22.12,1.0,1.0,19.31,24239.2,4350.0,1106.2,22.12,1666.1,16675.0,0.1,195.0,657.2,0.03,0.26,0.26,749.0,749.0
human,warrior,superforms,solaris,m100,7,21.38,21.75,22.12,1.0,1.0,19.31,24239.2,4350.0,1106.2,22.12,1666.1,16675.0,0.1,247.1,973.7,0.04,0.33,0.33,749.0,749.0
human,berserker,base,Base,m0,1,1.0,1.0,1.0,1.0,1.0,1.0,1547.0,120.0,20.0,1.0,1042.4,1042.4,1.0,93.0,211.6,0.14,0.06,0.06,1550.0,1550.0
human,berserker,base,Base,m0,3,1.0,1.0,1.0,1.0,1.0,1.0,1547.0,120.0,20.0,1.0,1042.4,1042.4,1.0,153.5,654.9,0.42,0.099,0.099,1550.0,1550.0
human,berserker,base,Base,m0,5,1.0,1.0,1.0,1.0,1.0,1.0,1547.0,120.0,20.0,1.0,1042.4,1042.4,1.0,255.8,1360.1,0.88,0.165,0.165,1550.0,1550.0
human,berserker,base,Base,m0,7,1.0,1.0,1.0,1.0,1.0,1.0,1547.0,120.0,20.0,1.0,1042.4,1042.4,1.0,324.0,2015.0,1.3,0.209,0.209,1550.0,1550.0
human,berserker,android_enhancement,overclock,m0,1,1.0,1.0,50.0,15.0,1.0,1.0,1547.0,120.0,1000.0,50.0,1048.3,1177.2,0.89,147.5,211.6,0.14,0.095,0.095,1550.0,1550.0
human,berserker,android_enhancement,overclock,m0,3,1.0,1.0,50.0,15.0,1.0,1.0,1547.0,120.0,1000.0,50.0,1048.1,1177.2,0.89,265.5,654.9,0.42,0.171,0.171,1550.0,1550.0
human,berserker,android_enhancement,overclock,m0,5,1.0,1.0,50.0,15.0,1.0,1.0,1547.0,120.0,1000.0,50.0,1047.0,1177.2,0.889,442.6,1360.1,0.88,0.286,0.286,1550.0,1550.0
human,berserker,android_enhancement,overclock,m0,7,1.0,1.0,50.0,15.0,1.0,1.0,1547.0,120.0,1000.0,50.0,1047.0,1177.2,0.889,560.6,2015.0,1.3,0.362,0.362,1550.0,1550.0
human,berserker,android_enhancement,overclock,m100,1,1.0,1.0,50.0,15.0,1.0,1.0,1547.0,120.0,1000.0,50.0,1048.3,1177.2,0.89,147.5,211.6,0.14,0.095,0.095,1550.0,1550.0
human,berserker,android_enhancement,overclock,m100,3,1.0,1.0,50.0,15.0,1.0,1.0,1547.0,120.0,1000.0,50.0,1048.1,1177.2,0.89,265.5,654.9,0.42,0.171,0.171,1550.0,1550.0
human,berserker,android_enhancement,overclock,m100,5,1.0,1.0,50.0,15.0,1.0,1.0,1547.0,120.0,1000.0,50.0,1047.0,1177.2,0.889,442.6,1360.1,0.88,0.286,0.286,1550.0,1550.0
human,berserker,android_enhancement,overclock,m100,7,1.0,1.0,50.0,15.0,1.0,1.0,1547.0,120.0,1000.0,50.0,1047.0,1177.2,0.889,560.6,2015.0,1.3,0.362,0.362,1550.0,1550.0
human,berserker,android_enhancement,overheat,m0,1,50.0,50.0,1.0,5.0,1.0,25.0,77350.0,6000.0,20.0,50.0,2868.7,51930.4,0.055,147.5,215.4,0.0,0.095,0.095,1550.0,1550.0
human,berserker,android_enhancement,overheat,m0,3,50.0,50.0,1.0,5.0,1.0,25.0,77350.0,6000.0,20.0,50.0,2795.7,51930.4,0.054,265.5,654.9,0.01,0.171,0.171,1550.0,1550.0
human,berserker,android_enhancement,overheat,m0,5,50.0,50.0,1.0,5.0,1.0,25.0,77350.0,6000.0,20.0,50.0,2464.0,51930.4,0.047,442.6,1360.1,0.02,0.286,0.286,1550.0,1550.0
human,berserker,android_enhancement,overheat,m0,7,50.0,50.0,1.0,5.0,1.0,25.0,77350.0,6000.0,20.0,50.0,2464.0,51930.4,0.047,560.6,2015.0,0.03,0.362,0.362,1550.0,1550.0
human,berserker,android_enhancement,overheat,m100,1,50.0,50.0,1.0,5.0,1.0,25.0,77350.0,6000.0,20.0,50.0,2868.7,51930.4,0.055,147.5,215.4,0.0,0.095,0.095,1550.0,1550.0
human,berserker,android_enhancement,overheat,m100,3,50.0,50.0,1.0,5.0,1.0,25.0,77350.0,6000.0,20.0,50.0,2795.7,51930.4,0.054,265.5,654.9,0.01,0.171,0.171,1550.0,1550.0
human,berserker,android_enhancement,overheat,m100,5,50.0,50.0,1.0,5.0,1.0,25.0,77350.0,6000.0,20.0,50.0,2464.0,51930.4,0.047,442.6,1360.1,0.02,0.286,0.286,1550.0,1550.0
human,berserker,android_enhancement,overheat,m100,7,50.0,50.0,1.0,5.0,1.0,25.0,77350.0,6000.0,20.0,50.0,2464.0,51930.4,0.047,560.6,2015.0,0.03,0.362,0.362,1550.0,1550.0
human,berserker,androidforms,androidbase,m0,1,1.5,1.5,2.75,2.0,2.0,2.0,2320.5,180.0,55.0,2.75,1356.1,1567.3,0.865,163.3,340.9,0.15,0.053,0.065,2497.7,3080.0
human,berserker,androidforms,androidbase,m0,3,1.5,1.5,2.75,2.0,2.0,2.0,2320.5,180.0,55.0,2.75,1447.1,1567.3,0.923,289.9,1040.8,0.45,0.094,0.118,2463.4,3080.0
human,berserker,androidforms,androidbase,m0,5,1.5,1.5,2.75,2.0,2.0,2.0,2320.5,180.0,55.0,2.75,1247.9,1567.3,0.796,477.9,2137.7,0.92,0.155,0.196,2436.1,3080.0
human,berserker,androidforms,androidbase,m0,7,1.5,1.5,2.75,2.0,2.0,2.0,2320.5,180.0,55.0,2.75,1247.9,1567.3,0.796,605.3,3167.0,1.36,0.197,0.248,2436.1,3080.0
human,berserker,androidforms,androidbase,m100,1,2.25,2.25,4.12,3.0,3.0,3.0,3480.8,270.0,82.5,4.12,1665.0,2350.9,0.708,226.7,444.9,0.13,0.049,0.07,3259.2,4610.0
human,berserker,androidforms,androidbase,m100,3,2.25,2.25,4.12,3.0,3.0,3.0,3480.8,270.0,82.5,4.12,1845.7,2350.9,0.785,400.3,1350.9,0.39,0.087,0.125,3197.5,4610.0
human,berserker,androidforms,androidbase,m100,5,2.25,2.25,4.12,3.0,3.0,3.0,3480.8,270.0,82.5,4.12,1450.2,2350.9,0.617,656.9,2762.8,0.79,0.143,0.209,3148.4,4610.0
human,berserker,androidforms,androidbase,m100,7,2.25,2.25,4.12,3.0,3.0,3.0,3480.8,270.0,82.5,4.12,1450.2,2350.9,0.617,832.1,4093.0,1.18,0.181,0.264,3148.4,4610.0
human,berserker,androidforms,superandroid,m0,1,9.0,9.0,14.5,2.0,2.0,13.0,13923.0,1080.0,290.0,14.5,2316.1,9381.6,0.247,199.0,329.4,0.02,0.065,0.082,2413.1,3080.0
human,berserker,androidforms,superandroid,m0,3,9.0,9.0,14.5,2.0,2.0,13.0,13923.0,1080.0,290.0,14.5,2084.3,9381.6,0.222,358.2,1019.5,0.07,0.116,0.148,2413.1,3080.0
human,berserker,androidforms,superandroid,m0,5,9.0,9.0,14.5,2.0,2.0,13.0,13923.0,1080.0,290.0,14.5,1887.2,9381.6,0.201,597.0,2117.5,0.15,0.194,0.247,2413.1,3080.0
human,berserker,androidforms,superandroid,m0,7,9.0,9.0,14.5,2.0,2.0,13.0,13923.0,1080.0,290.0,14.5,1887.2,9381.6,0.201,756.1,3137.0,0.23,0.246,0.313,2413.1,3080.0
human,berserker,androidforms,superandroid,m100,1,13.5,13.5,21.75,3.0,3.0,19.5,20884.5,1620.0,435.0,21.75,2433.3,14072.4,0.173,249.3,392.8,0.02,0.054,0.087,2877.5,4610.0
human,berserker,androidforms,superandroid,m100,3,13.5,13.5,21.75,3.0,3.0,19.5,20884.5,1620.0,435.0,21.75,2238.1,14072.4,0.159,448.7,1215.7,0.06,0.097,0.156,2877.5,4610.0
human,berserker,androidforms,superandroid,m100,5,13.5,13.5,21.75,3.0,3.0,19.5,20884.5,1620.0,435.0,21.75,2011.9,14072.4,0.143,747.8,2525.0,0.12,0.162,0.26,2877.5,4610.0
human,berserker,androidforms,superandroid,m100,7,13.5,13.5,21.75,3.0,3.0,19.5,20884.5,1620.0,435.0,21.75,2011.9,14072.4,0.143,947.2,3740.7,0.18,0.205,0.329,2877.5,4610.0
human,berserker,androidforms,fusedandroid,m0,1,19.0,19.0,23.0,2.0,2.0,23.0,29393.0,2280.0,460.0,23.0,2631.6,19784.6,0.133,205.8,322.2,0.01,0.067,0.087,2360.3,3080.0
human,berserker,androidforms,fusedandroid,m0,3,19.0,19.0,23.0,2.0,2.0,23.0,29393.0,2280.0,460.0,23.0,2418.2,19784.6,0.122,370.5,997.2,0.03,0.12,0.157,2360.3,3080.0
human,berserker,androidforms,fusedandroid,m0,5,19.0,19.0,23.0,2.0,2.0,23.0,29393.0,2280.0,460.0,23.0,2157.9,19784.6,0.109,617.4,2071.1,0.07,0.2,0.262,2360.3,3080.0
human,berserker,androidforms,fusedandroid,m0,7,19.0,19.0,23.0,2.0,2.0,23.0,29393.0,2280.0,460.0,23.0,2157.9,19784.6,0.109,782.1,3068.3,0.1,0.254,0.331,2360.3,3080.0
human,berserker,androidforms,fusedandroid,m100,1,28.5,28.5,34.5,3.0,3.0,34.5,44089.5,3420.0,690.0,34.5,2708.8,29676.9,0.091,250.9,374.9,0.01,0.054,0.091,2746.2,4610.0
human,berserker,androidforms,fusedandroid,m100,3,28.5,28.5,34.5,3.0,3.0,34.5,44089.5,3420.0,690.0,34.5,2563.1,29676.9,0.086,451.6,1160.3,0.03,0.098,0.164,2746.2,4610.0
human,berserker,androidforms,fusedandroid,m100,5,28.5,28.5,34.5,3.0,3.0,34.5,44089.5,3420.0,690.0,34.5,2275.4,29676.9,0.077,752.7,2409.8,0.05,0.163,0.274,2746.2,4610.0
human,berserker,androidforms,fusedandroid,m100,7,28.5,28.5,34.5,3.0,3.0,34.5,44089.5,3420.0,690.0,34.5,2275.4,29676.9,0.077,953.4,3570.0,0.08,0.207,0.347,2746.2,4610.0
human,berserker,human_god_forms,god_human,m0,1,1.0,1.0,1.0,1.0,1.0,1.0,1547.0,120.0,20.0,1.0,1042.4,1042.4,1.0,93.0,211.6,0.14,0.06,0.06,1550.0,1550.0
human,berserker,human_god_forms,god_human,m0,3,1.0,1.0,1.0,1.0,1.0,1.0,1547.0,120.0,20.0,1.0,1042.4,1042.4,1.0,153.5,654.9,0.42,0.099,0.099,1550.0,1550.0
human,berserker,human_god_forms,god_human,m0,5,1.0,1.0,1.0,1.0,1.0,1.0,1547.0,120.0,20.0,1.0,1042.4,1042.4,1.0,255.8,1360.1,0.88,0.165,0.165,1550.0,1550.0
human,berserker,human_god_forms,god_human,m0,7,1.0,1.0,1.0,1.0,1.0,1.0,1547.0,120.0,20.0,1.0,1042.4,1042.4,1.0,324.0,2015.0,1.3,0.209,0.209,1550.0,1550.0
human,berserker,human_god_forms,god_human,m100,1,1.0,1.0,1.0,1.0,1.0,1.0,1547.0,120.0,20.0,1.0,1042.4,1042.4,1.0,93.0,211.6,0.14,0.06,0.06,1550.0,1550.0
human,berserker,human_god_forms,god_human,m100,3,1.0,1.0,1.0,1.0,1.0,1.0,1547.0,120.0,20.0,1.0,1042.4,1042.4,1.0,153.5,654.9,0.42,0.099,0.099,1550.0,1550.0
human,berserker,human_god_forms,god_human,m100,5,1.0,1.0,1.0,1.0,1.0,1.0,1547.0,120.0,20.0,1.0,1042.4,1042.4,1.0,255.8,1360.1,0.88,0.165,0.165,1550.0,1550.0
human,berserker,human_god_forms,god_human,m100,7,1.0,1.0,1.0,1.0,1.0,1.0,1547.0,120.0,20.0,1.0,1042.4,1042.4,1.0,324.0,2015.0,1.3,0.209,0.209,1550.0,1550.0
human,berserker,human_god_forms,transcendent_human,m0,1,1.0,1.0,1.0,1.0,1.0,1.0,1547.0,120.0,20.0,1.0,1042.4,1042.4,1.0,93.0,211.6,0.14,0.06,0.06,1550.0,1550.0
human,berserker,human_god_forms,transcendent_human,m0,3,1.0,1.0,1.0,1.0,1.0,1.0,1547.0,120.0,20.0,1.0,1042.4,1042.4,1.0,153.5,654.9,0.42,0.099,0.099,1550.0,1550.0
human,berserker,human_god_forms,transcendent_human,m0,5,1.0,1.0,1.0,1.0,1.0,1.0,1547.0,120.0,20.0,1.0,1042.4,1042.4,1.0,255.8,1360.1,0.88,0.165,0.165,1550.0,1550.0
human,berserker,human_god_forms,transcendent_human,m0,7,1.0,1.0,1.0,1.0,1.0,1.0,1547.0,120.0,20.0,1.0,1042.4,1042.4,1.0,324.0,2015.0,1.3,0.209,0.209,1550.0,1550.0
human,berserker,human_god_forms,transcendent_human,m100,1,1.0,1.0,1.0,1.0,1.0,1.0,1547.0,120.0,20.0,1.0,1042.4,1042.4,1.0,93.0,211.6,0.14,0.06,0.06,1550.0,1550.0
human,berserker,human_god_forms,transcendent_human,m100,3,1.0,1.0,1.0,1.0,1.0,1.0,1547.0,120.0,20.0,1.0,1042.4,1042.4,1.0,153.5,654.9,0.42,0.099,0.099,1550.0,1550.0
human,berserker,human_god_forms,transcendent_human,m100,5,1.0,1.0,1.0,1.0,1.0,1.0,1547.0,120.0,20.0,1.0,1042.4,1042.4,1.0,255.8,1360.1,0.88,0.165,0.165,1550.0,1550.0
human,berserker,human_god_forms,transcendent_human,m100,7,1.0,1.0,1.0,1.0,1.0,1.0,1547.0,120.0,20.0,1.0,1042.4,1042.4,1.0,324.0,2015.0,1.3,0.209,0.209,1550.0,1550.0
human,berserker,legendaryforms,shiyoken,m0,1,3.4,3.4,3.4,1.0,1.0,2.62,5259.8,408.0,68.0,3.4,2053.3,3539.9,0.58,104.7,211.6,0.04,0.068,0.068,1550.0,1550.0
human,berserker,legendaryforms,shiyoken,m0,3,3.4,3.4,3.4,1.0,1.0,2.62,5259.8,408.0,68.0,3.4,2346.7,3539.9,0.663,188.5,654.9,0.12,0.122,0.122,1550.0,1550.0
human,berserker,legendaryforms,shiyoken,m0,5,3.4,3.4,3.4,1.0,1.0,2.62,5259.8,408.0,68.0,3.4,1704.6,3539.9,0.482,314.2,1360.1,0.26,0.203,0.203,1550.0,1550.0
human,berserker,legendaryforms,shiyoken,m0,7,3.4,3.4,3.4,1.0,1.0,2.62,5259.8,408.0,68.0,3.4,1704.6,3539.9,0.482,398.0,2015.0,0.38,0.257,0.257,1550.0,1550.0
human,berserker,legendaryforms,shiyoken,m100,1,5.1,5.1,5.1,1.0,1.0,3.94,7889.7,612.0,102.0,5.1,2553.0,5309.0,0.481,111.2,211.6,0.03,0.072,0.072,1550.0,1550.0
human,berserker,legendaryforms,shiyoken,m100,3,5.1,5.1,5.1,1.0,1.0,3.94,7889.7,612.0,102.0,5.1,2991.3,5309.0,0.563,200.1,654.9,0.08,0.129,0.129,1550.0,1550.0
human,berserker,legendaryforms,shiyoken,m100,5,5.1,5.1,5.1,1.0,1.0,3.94,7889.7,612.0,102.0,5.1,2031.9,5309.0,0.383,333.5,1360.1,0.17,0.215,0.215,1550.0,1550.0
human,berserker,legendaryforms,shiyoken,m100,7,5.1,5.1,5.1,1.0,1.0,3.94,7889.7,612.0,102.0,5.1,2031.9,5309.0,0.383,422.5,2015.0,0.26,0.273,0.273,1550.0,1550.0
human,berserker,legendaryforms,shin_shiyoken,m0,1,9.3,9.3,9.3,1.0,1.0,9.25,14387.1,1116.0,186.0,9.3,2419.4,9679.7,0.25,120.7,211.6,0.01,0.078,0.078,1550.0,1550.0
human,berserker,legendaryforms,shin_shiyoken,m0,3,9.3,9.3,9.3,1.0,1.0,9.25,14387.1,1116.0,186.0,9.3,2154.8,9679.7,0.223,217.3,654.9,0.05,0.14,0.14,1550.0,1550.0
human,berserker,legendaryforms,shin_shiyoken,m0,5,9.3,9.3,9.3,1.0,1.0,9.25,14387.1,1116.0,186.0,9.3,1944.4,9679.7,0.201,362.2,1360.1,0.09,0.234,0.234,1550.0,1550.0
human,berserker,legendaryforms,shin_shiyoken,m0,7,9.3,9.3,9.3,1.0,1.0,9.25,14387.1,1116.0,186.0,9.3,1944.4,9679.7,0.201,458.8,2015.0,0.14,0.296,0.296,1550.0,1550.0
human,berserker,legendaryforms,shin_shiyoken,m100,1,13.95,13.95,13.95,1.0,1.0,13.88,21580.7,1674.0,279.0,13.95,2624.7,14518.6,0.181,127.2,211.6,0.01,0.082,0.082,1550.0,1550.0
human,berserker,legendaryforms,shin_shiyoken,m100,3,13.95,13.95,13.95,1.0,1.0,13.88,21580.7,1674.0,279.0,13.95,2330.8,14518.6,0.161,229.0,654.9,0.03,0.148,0.148,1550.0,1550.0
human,berserker,legendaryforms,shin_shiyoken,m100,5,13.95,13.95,13.95,1.0,1.0,13.88,21580.7,1674.0,279.0,13.95,2087.1,14518.6,0.144,381.6,1360.1,0.06,0.246,0.246,1550.0,1550.0
human,berserker,legendaryforms,shin_shiyoken,m100,7,13.95,13.95,13.95,1.0,1.0,13.88,21580.7,1674.0,279.0,13.95,2087.1,14518.6,0.144,483.4,2015.0,0.09,0.312,0.312,1550.0,1550.0
human,berserker,legendaryforms,chou_shiyoken,m0,1,14.0,14.0,15.0,1.0,1.0,12.62,21658.0,1680.0,300.0,15.0,2598.1,14572.9,0.178,128.4,211.6,0.01,0.083,0.083,1550.0,1550.0
human,berserker,legendaryforms,chou_shiyoken,m0,3,14.0,14.0,15.0,1.0,1.0,12.62,21658.0,1680.0,300.0,15.0,2320.2,14572.9,0.159,231.0,654.9,0.03,0.149,0.149,1550.0,1550.0
human,berserker,legendaryforms,chou_shiyoken,m0,5,14.0,14.0,15.0,1.0,1.0,12.62,21658.0,1680.0,300.0,15.0,2078.4,14572.9,0.143,385.1,1360.1,0.06,0.248,0.248,1550.0,1550.0
human,berserker,legendaryforms,chou_shiyoken,m0,7,14.0,14.0,15.0,1.0,1.0,12.62,21658.0,1680.0,300.0,15.0,2078.4,14572.9,0.143,487.7,2015.0,0.09,0.315,0.315,1550.0,1550.0
human,berserker,legendaryforms,chou_shiyoken,m100,1,21.0,21.0,22.5,1.0,1.0,18.94,32487.0,2520.0,450.0,22.5,2710.7,21858.5,0.124,134.8,211.6,0.01,0.087,0.087,1550.0,1550.0
human,berserker,legendaryforms,chou_shiyoken,m100,3,21.0,21.0,22.5,1.0,1.0,18.94,32487.0,2520.0,450.0,22.5,2482.8,21858.5,0.114,242.7,654.9,0.02,0.157,0.157,1550.0,1550.0
human,berserker,legendaryforms,chou_shiyoken,m100,5,21.0,21.0,22.5,1.0,1.0,18.94,32487.0,2520.0,450.0,22.5,2210.3,21858.5,0.101,404.4,1360.1,0.04,0.261,0.261,1550.0,1550.0
human,berserker,legendaryforms,chou_shiyoken,m100,7,21.0,21.0,22.5,1.0,1.0,18.94,32487.0,2520.0,450.0,22.5,2210.3,21858.5,0.101,512.3,2015.0,0.06,0.33,0.33,1550.0,1550.0
human,berserker,superforms,buffed,m0,1,3.6,3.75,3.45,1.0,1.0,3.38,5569.2,450.0,69.0,3.75,2116.4,3749.7,0.564,106.3,211.6,0.04,0.069,0.069,1550.0,1550.0
human,berserker,superforms,buffed,m0,3,3.6,3.75,3.45,1.0,1.0,3.38,5569.2,450.0,69.0,3.75,2428.0,3749.7,0.648,191.3,654.9,0.12,0.123,0.123,1550.0,1550.0
human,berserker,superforms,buffed,m0,5,3.6,3.75,3.45,1.0,1.0,3.38,5569.2,450.0,69.0,3.75,1745.9,3749.7,0.466,318.9,1360.1,0.24,0.206,0.206,1550.0,1550.0
human,berserker,superforms,buffed,m0,7,3.6,3.75,3.45,1.0,1.0,3.38,5569.2,450.0,69.0,3.75,1745.9,3749.7,0.466,403.9,2015.0,0.36,0.261,0.261,1550.0,1550.0
human,berserker,superforms,buffed,m100,1,5.4,5.62,5.18,1.0,1.0,5.06,8353.8,675.0,103.5,5.62,2635.8,5623.7,0.469,112.7,211.6,0.03,0.073,0.073,1550.0,1550.0
human,berserker,superforms,buffed,m100,3,5.4,5.62,5.18,1.0,1.0,5.06,8353.8,675.0,103.5,5.62,3098.2,5623.7,0.551,202.9,654.9,0.08,0.131,0.131,1550.0,1550.0
human,berserker,superforms,buffed,m100,5,5.4,5.62,5.18,1.0,1.0,5.06,8353.8,675.0,103.5,5.62,2086.1,5623.7,0.371,338.2,1360.1,0.16,0.218,0.218,1550.0,1550.0
human,berserker,superforms,buffed,m100,7,5.4,5.62,5.18,1.0,1.0,5.06,8353.8,675.0,103.5,5.62,2086.1,5623.7,0.371,428.4,2015.0,0.24,0.276,0.276,1550.0,1550.0
human,berserker,superforms,fullpower,m0,1,6.1,6.25,6.9,1.0,1.0,5.81,9436.7,750.0,138.0,6.9,2174.8,6353.5,0.342,116.0,211.6,0.02,0.075,0.075,1550.0,1550.0
human,berserker,superforms,fullpower,m0,3,6.1,6.25,6.9,1.0,1.0,5.81,9436.7,750.0,138.0,6.9,1957.2,6353.5,0.308,208.8,654.9,0.07,0.135,0.135,1550.0,1550.0
human,berserker,superforms,fullpower,m0,5,6.1,6.25,6.9,1.0,1.0,5.81,9436.7,750.0,138.0,6.9,1784.1,6353.5,0.281,348.0,1360.1,0.14,0.225,0.225,1550.0,1550.0
human,berserker,superforms,fullpower,m0,7,6.1,6.25,6.9,1.0,1.0,5.81,9436.7,750.0,138.0,6.9,1784.1,6353.5,0.281,440.8,2015.0,0.21,0.284,0.284,1550.0,1550.0
human,berserker,superforms,fullpower,m100,1,9.15,9.38,10.35,1.0,1.0,8.72,14155.0,1125.0,207.0,10.35,2392.0,9529.3,0.251,122.4,211.6,0.01,0.079,0.079,1550.0,1550.0
human,berserker,superforms,fullpower,m100,3,9.15,9.38,10.35,1.0,1.0,8.72,14155.0,1125.0,207.0,10.35,2132.6,9529.3,0.224,220.4,654.9,0.05,0.142,0.142,1550.0,1550.0
human,berserker,superforms,fullpower,m100,5,9.15,9.38,10.35,1.0,1.0,8.72,14155.0,1125.0,207.0,10.35,1926.4,9529.3,0.202,367.3,1360.1,0.1,0.237,0.237,1550.0,1550.0
human,berserker,superforms,fullpower,m100,7,9.15,9.38,10.35,1.0,1.0,8.72,14155.0,1125.0,207.0,10.35,1926.4,9529.3,0.202,465.3,2015.0,0.14,0.3,0.3,1550.0,1550.0
human,berserker,superforms,overdrive,m0,1,9.85,9.0,9.6,1.0,1.0,9.44,15237.9,1080.0,192.0,9.85,2449.9,10240.0,0.239,121.7,211.6,0.01,0.078,0.078,1550.0,1550.0
human,berserker,superforms,overdrive,m0,3,9.85,9.0,9.6,1.0,1.0,9.44,15237.9,1080.0,192.0,9.85,2179.5,10240.0,0.213,219.0,654.9,0.04,0.141,0.141,1550.0,1550.0
human,berserker,superforms,overdrive,m0,5,9.85,9.0,9.6,1.0,1.0,9.44,15237.9,1080.0,192.0,9.85,1964.4,10240.0,0.192,365.0,1360.1,0.09,0.235,0.235,1550.0,1550.0
human,berserker,superforms,overdrive,m0,7,9.85,9.0,9.6,1.0,1.0,9.44,15237.9,1080.0,192.0,9.85,1964.4,10240.0,0.192,462.3,2015.0,0.13,0.298,0.298,1550.0,1550.0
human,berserker,superforms,overdrive,m100,1,14.77,13.5,14.4,1.0,1.0,14.16,22856.9,1620.0,288.0,14.77,2642.7,15359.1,0.172,128.1,211.6,0.01,0.083,0.083,1550.0,1550.0
human,berserker,superforms,overdrive,m100,3,14.77,13.5,14.4,1.0,1.0,14.16,22856.9,1620.0,288.0,14.77,2354.4,15359.1,0.153,230.6,654.9,0.03,0.149,0.149,1550.0,1550.0
human,berserker,superforms,overdrive,m100,5,14.77,13.5,14.4,1.0,1.0,14.16,22856.9,1620.0,288.0,14.77,2106.2,15359.1,0.137,384.3,1360.1,0.06,0.248,0.248,1550.0,1550.0
human,berserker,superforms,overdrive,m100,7,14.77,13.5,14.4,1.0,1.0,14.16,22856.9,1620.0,288.0,14.77,2106.2,15359.1,0.137,486.8,2015.0,0.09,0.314,0.314,1550.0,1550.0
human,berserker,superforms,solaris,m0,1,14.25,14.5,14.75,1.0,1.0,12.88,22044.8,1740.0,295.0,14.75,2617.8,14835.3,0.176,128.1,211.6,0.01,0.083,0.083,1550.0,1550.0
human,berserker,superforms,solaris,m0,3,14.25,14.5,14.75,1.0,1.0,12.88,22044.8,1740.0,295.0,14.75,2333.8,14835.3,0.157,230.6,654.9,0.03,0.149,0.149,1550.0,1550.0
human,berserker,superforms,solaris,m0,5,14.25,14.5,14.75,1.0,1.0,12.88,22044.8,1740.0,295.0,14.75,2089.5,14835.3,0.141,384.3,1360.1,0.06,0.248,0.248,1550.0,1550.0
human,berserker,superforms,solaris,m0,7,14.25,14.5,14.75,1.0,1.0,12.88,22044.8,1740.0,295.0,14.75,2089.5,14835.3,0.141,486.7,2015.0,0.09,0.314,0.314,1550.0,1550.0
human,berserker,superforms,solaris,m100,1,21.38,21.75,22.12,1.0,1.0,19.31,33067.1,2610.0,442.5,22.12,2731.7,22252.1,0.123,134.5,211.6,0.01,0.087,0.087,1550.0,1550.0
human,berserker,superforms,solaris,m100,3,21.38,21.75,22.12,1.0,1.0,19.31,33067.1,2610.0,442.5,22.12,2497.8,22252.1,0.112,242.2,654.9,0.02,0.156,0.156,1550.0,1550.0
human,berserker,superforms,solaris,m100,5,21.38,21.75,22.12,1.0,1.0,19.31,33067.1,2610.0,442.5,22.12,2222.5,22252.1,0.1,403.6,1360.1,0.04,0.26,0.26,1550.0,1550.0
human,berserker,superforms,solaris,m100,7,21.38,21.75,22.12,1.0,1.0,19.31,33067.1,2610.0,442.5,22.12,2222.5,22252.1,0.1,511.3,2015.0,0.06,0.33,0.33,1550.0,1550.0
human,spiritualist,base,Base,m0,1,1.0,1.0,1.0,1.0,1.0,1.0,45.0,100.0,1729.0,1.0,1188.7,1188.7,1.0,30.6,69.6,0.04,0.06,0.06,510.0,510.0
human,spiritualist,base,Base,m0,3,1.0,1.0,1.0,1.0,1.0,1.0,45.0,100.0,1729.0,1.0,1188.7,1188.7,1.0,50.5,215.5,0.12,0.099,0.099,510.0,510.0
human,spiritualist,base,Base,m0,5,1.0,1.0,1.0,1.0,1.0,1.0,45.0,100.0,1729.0,1.0,1188.7,1188.7,1.0,84.1,447.5,0.26,0.165,0.165,510.0,510.0
human,spiritualist,base,Base,m0,7,1.0,1.0,1.0,1.0,1.0,1.0,45.0,100.0,1729.0,1.0,1188.7,1188.7,1.0,106.6,663.0,0.38,0.209,0.209,510.0,510.0
human,spiritualist,android_enhancement,overclock,m0,1,1.0,1.0,50.0,15.0,1.0,1.0,45.0,100.0,86450.0,50.0,3232.0,57694.0,0.056,48.5,106.4,0.0,0.095,0.095,510.0,510.0
human,spiritualist,android_enhancement,overclock,m0,3,1.0,1.0,50.0,15.0,1.0,1.0,45.0,100.0,86450.0,50.0,3150.3,57694.0,0.055,87.4,329.5,0.0,0.171,0.171,510.0,510.0
human,spiritualist,android_enhancement,overclock,m0,5,1.0,1.0,50.0,15.0,1.0,1.0,45.0,100.0,86450.0,50.0,2779.2,57694.0,0.048,145.6,684.3,0.01,0.286,0.286,510.0,510.0
human,spiritualist,android_enhancement,overclock,m0,7,1.0,1.0,50.0,15.0,1.0,1.0,45.0,100.0,86450.0,50.0,2779.2,57694.0,0.048,184.4,1013.7,0.01,0.362,0.362,510.0,510.0
human,spiritualist,android_enhancement,overclock,m100,1,1.0,1.0,50.0,15.0,1.0,1.0,45.0,100.0,86450.0,50.0,3232.0,57694.0,0.056,48.5,106.4,0.0,0.095,0.095,510.0,510.0
human,spiritualist,android_enhancement,overclock,m100,3,1.0,1.0,50.0,15.0,1.0,1.0,45.0,100.0,86450.0,50.0,3150.3,57694.0,0.055,87.4,329.5,0.0,0.171,0.171,510.0,510.0
human,spiritualist,android_enhancement,overclock,m100,5,1.0,1.0,50.0,15.0,1.0,1.0,45.0,100.0,86450.0,50.0,2779.2,57694.0,0.048,145.6,684.3,0.01,0.286,0.286,510.0,510.0
human,spiritualist,android_enhancement,overclock,m100,7,1.0,1.0,50.0,15.0,1.0,1.0,45.0,100.0,86450.0,50.0,2779.2,57694.0,0.048,184.4,1013.7,0.01,0.362,0.362,510.0,510.0
human,spiritualist,android_enhancement,overheat,m0,1,50.0,50.0,1.0,5.0,1.0,25.0,2250.0,5000.0,1729.0,50.0,1236.4,3895.0,0.317,48.5,92.8,0.02,0.095,0.095,510.0,510.0
human,spiritualist,android_enhancement,overheat,m0,3,50.0,50.0,1.0,5.0,1.0,25.0,2250.0,5000.0,1729.0,50.0,1234.5,3895.0,0.317,87.4,234.7,0.05,0.171,0.171,510.0,510.0
human,spiritualist,android_enhancement,overheat,m0,5,50.0,50.0,1.0,5.0,1.0,25.0,2250.0,5000.0,1729.0,50.0,1225.8,3895.0,0.315,145.6,447.5,0.09,0.286,0.286,510.0,510.0
human,spiritualist,android_enhancement,overheat,m0,7,50.0,50.0,1.0,5.0,1.0,25.0,2250.0,5000.0,1729.0,50.0,1225.8,3895.0,0.315,184.4,663.0,0.13,0.362,0.362,510.0,510.0
human,spiritualist,android_enhancement,overheat,m100,1,50.0,50.0,1.0,5.0,1.0,25.0,2250.0,5000.0,1729.0,50.0,1236.4,3895.0,0.317,48.5,92.8,0.02,0.095,0.095,510.0,510.0
human,spiritualist,android_enhancement,overheat,m100,3,50.0,50.0,1.0,5.0,1.0,25.0,2250.0,5000.0,1729.0,50.0,1234.5,3895.0,0.317,87.4,234.7,0.05,0.171,0.171,510.0,510.0
human,spiritualist,android_enhancement,overheat,m100,5,50.0,50.0,1.0,5.0,1.0,25.0,2250.0,5000.0,1729.0,50.0,1225.8,3895.0,0.315,145.6,447.5,0.09,0.286,0.286,510.0,510.0
human,spiritualist,android_enhancement,overheat,m100,7,50.0,50.0,1.0,5.0,1.0,25.0,2250.0,5000.0,1729.0,50.0,1225.8,3895.0,0.315,184.4,663.0,0.13,0.362,0.362,510.0,510.0
human,spiritualist,androidforms,androidbase,m0,1,1.5,1.5,2.75,2.0,2.0,2.0,67.5,150.0,4754.8,2.75,2085.3,3228.4,0.646,53.0,146.4,0.03,0.053,0.065,810.9,1000.0
human,spiritualist,androidforms,androidbase,m0,3,1.5,1.5,2.75,2.0,2.0,2.0,67.5,150.0,4754.8,2.75,2345.4,3228.4,0.726,94.1,445.9,0.09,0.094,0.118,799.8,1000.0
human,spiritualist,androidforms,androidbase,m0,5,1.5,1.5,2.75,2.0,2.0,2.0,67.5,150.0,4754.8,2.75,1776.0,3228.4,0.55,155.2,694.1,0.15,0.155,0.196,790.9,1000.0
human,spiritualist,androidforms,androidbase,m0,7,1.5,1.5,2.75,2.0,2.0,2.0,67.5,150.0,4754.8,2.75,1776.0,3228.4,0.55,196.5,1028.2,0.22,0.197,0.248,790.9,1000.0
human,spiritualist,androidforms,androidbase,m100,1,2.25,2.25,4.12,3.0,3.0,3.0,101.2,225.0,7132.1,4.12,2577.7,4842.7,0.532,73.3,193.5,0.03,0.049,0.07,1053.4,1490.0
human,spiritualist,androidforms,androidbase,m100,3,2.25,2.25,4.12,3.0,3.0,3.0,101.2,225.0,7132.1,4.12,2980.7,4842.7,0.616,129.4,566.7,0.08,0.087,0.125,1033.5,1490.0
human,spiritualist,androidforms,androidbase,m100,5,2.25,2.25,4.12,3.0,3.0,3.0,101.2,225.0,7132.1,4.12,2098.5,4842.7,0.433,212.3,893.0,0.13,0.143,0.209,1017.6,1490.0
human,spiritualist,androidforms,androidbase,m100,7,2.25,2.25,4.12,3.0,3.0,3.0,101.2,225.0,7132.1,4.12,2098.5,4842.7,0.433,269.0,1322.9,0.19,0.181,0.264,1017.6,1490.0
human,spiritualist,androidforms,superandroid,m0,1,9.0,9.0,14.5,2.0,2.0,13.0,405.0,900.0,25070.5,14.5,2977.9,16810.0,0.177,64.6,154.1,0.01,0.065,0.082,783.5,1000.0
human,spiritualist,androidforms,superandroid,m0,3,9.0,9.0,14.5,2.0,2.0,13.0,405.0,900.0,25070.5,14.5,2652.3,16810.0,0.158,116.3,476.9,0.02,0.116,0.148,783.5,1000.0
human,spiritualist,androidforms,superandroid,m0,5,9.0,9.0,14.5,2.0,2.0,13.0,405.0,900.0,25070.5,14.5,2375.4,16810.0,0.141,193.8,729.5,0.03,0.194,0.247,783.5,1000.0
human,spiritualist,androidforms,superandroid,m0,7,9.0,9.0,14.5,2.0,2.0,13.0,405.0,900.0,25070.5,14.5,2375.4,16810.0,0.141,245.5,1018.5,0.04,0.246,0.313,783.5,1000.0
human,spiritualist,androidforms,superandroid,m100,1,13.5,13.5,21.75,3.0,3.0,19.5,607.5,1350.0,37605.8,21.75,3110.0,25214.9,0.123,80.6,186.6,0.0,0.054,0.087,930.0,1490.0
human,spiritualist,androidforms,superandroid,m100,3,13.5,13.5,21.75,3.0,3.0,19.5,607.5,1350.0,37605.8,21.75,2840.4,25214.9,0.113,145.0,540.0,0.01,0.097,0.156,930.0,1490.0
human,spiritualist,androidforms,superandroid,m100,5,13.5,13.5,21.75,3.0,3.0,19.5,607.5,1350.0,37605.8,21.75,2527.9,25214.9,0.1,241.7,816.1,0.02,0.162,0.26,930.0,1490.0
human,spiritualist,androidforms,superandroid,m100,7,13.5,13.5,21.75,3.0,3.0,19.5,607.5,1350.0,37605.8,21.75,2527.9,25214.9,0.1,306.1,1209.0,0.03,0.205,0.329,930.0,1490.0
human,spiritualist,androidforms,fusedandroid,m0,1,19.0,19.0,23.0,2.0,2.0,23.0,855.0,1900.0,39767.0,23.0,3123.2,26709.5,0.117,66.8,154.1,0.0,0.067,0.087,766.3,1000.0
human,spiritualist,androidforms,fusedandroid,m0,3,19.0,19.0,23.0,2.0,2.0,23.0,855.0,1900.0,39767.0,23.0,2863.5,26709.5,0.107,120.3,477.1,0.01,0.12,0.157,766.3,1000.0
human,spiritualist,androidforms,fusedandroid,m0,5,19.0,19.0,23.0,2.0,2.0,23.0,855.0,1900.0,39767.0,23.0,2546.7,26709.5,0.095,200.5,782.2,0.02,0.2,0.262,766.3,1000.0
human,spiritualist,androidforms,fusedandroid,m0,7,19.0,19.0,23.0,2.0,2.0,23.0,855.0,1900.0,39767.0,23.0,2546.7,26709.5,0.095,253.9,996.2,0.03,0.254,0.331,766.3,1000.0
human,spiritualist,androidforms,fusedandroid,m100,1,28.5,28.5,34.5,3.0,3.0,34.5,1282.5,2850.0,59650.5,34.5,3208.3,40064.3,0.08,81.1,182.0,0.0,0.054,0.091,887.6,1490.0
human,spiritualist,androidforms,fusedandroid,m100,3,28.5,28.5,34.5,3.0,3.0,34.5,1282.5,2850.0,59650.5,34.5,3031.7,40064.3,0.076,146.0,563.5,0.01,0.098,0.164,887.6,1490.0
human,spiritualist,androidforms,fusedandroid,m100,5,28.5,28.5,34.5,3.0,3.0,34.5,1282.5,2850.0,59650.5,34.5,2683.0,40064.3,0.067,243.3,824.0,0.01,0.163,0.274,887.6,1490.0
human,spiritualist,androidforms,fusedandroid,m100,7,28.5,28.5,34.5,3.0,3.0,34.5,1282.5,2850.0,59650.5,34.5,2683.0,40064.3,0.067,308.2,1153.9,0.02,0.207,0.347,887.6,1490.0
human,spiritualist,human_god_forms,god_human,m0,1,1.0,1.0,1.0,1.0,1.0,1.0,45.0,100.0,1729.0,1.0,1188.7,1188.7,1.0,30.6,69.6,0.04,0.06,0.06,510.0,510.0
human,spiritualist,human_god_forms,god_human,m0,3,1.0,1.0,1.0,1.0,1.0,1.0,45.0,100.0,1729.0,1.0,1188.7,1188.7,1.0,50.5,215.5,0.12,0.099,0.099,510.0,510.0
human,spiritualist,human_god_forms,god_human,m0,5,1.0,1.0,1.0,1.0,1.0,1.0,45.0,100.0,1729.0,1.0,1188.7,1188.7,1.0,84.1,447.5,0.26,0.165,0.165,510.0,510.0
human,spiritualist,human_god_forms,god_human,m0,7,1.0,1.0,1.0,1.0,1.0,1.0,45.0,100.0,1729.0,1.0,1188.7,1188.7,1.0,106.6,663.0,0.38,0.209,0.209,510.0,510.0
human,spiritualist,human_god_forms,god_human,m100,1,1.0,1.0,1.0,1.0,1.0,1.0,45.0,100.0,1729.0,1.0,1188.7,1188.7,1.0,30.6,69.6,0.04,0.06,0.06,510.0,510.0
human,spiritualist,human_god_forms,god_human,m100,3,1.0,1.0,1.0,1.0,1.0,1.0,45.0,100.0,1729.0,1.0,1188.7,1188.7,1.0,50.5,215.5,0.12,0.099,0.099,510.0,510.0
human,spiritualist,human_god_forms,god_human,m100,5,1.0,1.0,1.0,1.0,1.0,1.0,45.0,100.0,1729.0,1.0,1188.7,1188.7,1.0,84.1,447.5,0.26,0.165,0.165,510.0,510.0
human,spiritualist,human_god_forms,god_human,m100,7,1.0,1.0,1.0,1.0,1.0,1.0,45.0,100.0,1729.0,1.0,1188.7,1188.7,1.0,106.6,663.0,0.38,0.209,0.209,510.0,510.0
human,spiritualist,human_god_forms,transcendent_human,m0,1,1.0,1.0,1.0,1.0,1.0,1.0,45.0,100.0,1729.0,1.0,1188.7,1188.7,1.0,30.6,69.6,0.04,0.06,0.06,510.0,510.0
human,spiritualist,human_god_forms,transcendent_human,m0,3,1.0,1.0,1.0,1.0,1.0,1.0,45.0,100.0,1729.0,1.0,1188.7,1188.7,1.0,50.5,215.5,0.12,0.099,0.099,510.0,510.0
human,spiritualist,human_god_forms,transcendent_human,m0,5,1.0,1.0,1.0,1.0,1.0,1.0,45.0,100.0,1729.0,1.0,1188.7,1188.7,1.0,84.1,447.5,0.26,0.165,0.165,510.0,510.0
human,spiritualist,human_god_forms,transcendent_human,m0,7,1.0,1.0,1.0,1.0,1.0,1.0,45.0,100.0,1729.0,1.0,1188.7,1188.7,1.0,106.6,663.0,0.38,0.209,0.209,510.0,510.0
human,spiritualist,human_god_forms,transcendent_human,m100,1,1.0,1.0,1.0,1.0,1.0,1.0,45.0,100.0,1729.0,1.0,1188.7,1188.7,1.0,30.6,69.6,0.04,0.06,0.06,510.0,510.0
human,spiritualist,human_god_forms,transcendent_human,m100,3,1.0,1.0,1.0,1.0,1.0,1.0,45.0,100.0,1729.0,1.0,1188.7,1188.7,1.0,50.5,215.5,0.12,0.099,0.099,510.0,510.0
human,spiritualist,human_god_forms,transcendent_human,m100,5,1.0,1.0,1.0,1.0,1.0,1.0,45.0,100.0,1729.0,1.0,1188.7,1188.7,1.0,84.1,447.5,0.26,0.165,0.165,510.0,510.0
human,spiritualist,human_god_forms,transcendent_human,m100,7,1.0,1.0,1.0,1.0,1.0,1.0,45.0,100.0,1729.0,1.0,1188.7,1188.7,1.0,106.6,663.0,0.38,0.209,0.209,510.0,510.0
human,spiritualist,legendaryforms,shiyoken,m0,1,3.4,3.4,3.4,1.0,1.0,2.62,153.0,340.0,5878.6,3.4,2317.3,3977.0,0.583,34.5,93.1,0.02,0.068,0.068,510.0,510.0
human,spiritualist,legendaryforms,shiyoken,m0,3,3.4,3.4,3.4,1.0,1.0,2.62,153.0,340.0,5878.6,3.4,2644.9,3977.0,0.665,62.0,288.1,0.05,0.122,0.122,510.0,510.0
human,spiritualist,legendaryforms,shiyoken,m0,5,3.4,3.4,3.4,1.0,1.0,2.62,153.0,340.0,5878.6,3.4,1928.0,3977.0,0.485,103.4,592.1,0.1,0.203,0.203,510.0,510.0
human,spiritualist,legendaryforms,shiyoken,m0,7,3.4,3.4,3.4,1.0,1.0,2.62,153.0,340.0,5878.6,3.4,1928.0,3977.0,0.485,130.9,751.9,0.13,0.257,0.257,510.0,510.0
human,spiritualist,legendaryforms,shiyoken,m100,1,5.1,5.1,5.1,1.0,1.0,3.94,229.5,510.0,8817.9,5.1,2875.2,5952.0,0.483,36.6,95.1,0.01,0.072,0.072,510.0,510.0
human,spiritualist,legendaryforms,shiyoken,m100,3,5.1,5.1,5.1,1.0,1.0,3.94,229.5,510.0,8817.9,5.1,3364.6,5952.0,0.565,65.8,294.4,0.03,0.129,0.129,510.0,510.0
human,spiritualist,legendaryforms,shiyoken,m100,5,5.1,5.1,5.1,1.0,1.0,3.94,229.5,510.0,8817.9,5.1,2293.4,5952.0,0.385,109.7,611.4,0.07,0.215,0.215,510.0,510.0
human,spiritualist,legendaryforms,shiyoken,m100,7,5.1,5.1,5.1,1.0,1.0,3.94,229.5,510.0,8817.9,5.1,2293.4,5952.0,0.385,139.0,894.4,0.1,0.273,0.273,510.0,510.0
human,spiritualist,legendaryforms,shin_shiyoken,m0,1,9.3,9.3,9.3,1.0,1.0,9.25,418.5,930.0,16079.7,9.3,2726.1,10831.5,0.252,39.7,98.1,0.01,0.078,0.078,510.0,510.0
human,spiritualist,legendaryforms,shin_shiyoken,m0,3,9.3,9.3,9.3,1.0,1.0,9.25,418.5,930.0,16079.7,9.3,2430.7,10831.5,0.224,71.5,303.6,0.02,0.14,0.14,510.0,510.0
human,spiritualist,legendaryforms,shin_shiyoken,m0,5,9.3,9.3,9.3,1.0,1.0,9.25,418.5,930.0,16079.7,9.3,2195.7,10831.5,0.203,119.2,630.6,0.04,0.234,0.234,510.0,510.0
human,spiritualist,legendaryforms,shin_shiyoken,m0,7,9.3,9.3,9.3,1.0,1.0,9.25,418.5,930.0,16079.7,9.3,2195.7,10831.5,0.203,151.0,856.3,0.05,0.296,0.296,510.0,510.0
human,spiritualist,legendaryforms,shin_shiyoken,m100,1,13.95,13.95,13.95,1.0,1.0,13.88,627.8,1395.0,24119.6,13.95,2955.3,16233.7,0.182,41.9,100.1,0.0,0.082,0.082,510.0,510.0
human,spiritualist,legendaryforms,shin_shiyoken,m100,3,13.95,13.95,13.95,1.0,1.0,13.88,627.8,1395.0,24119.6,13.95,2627.2,16233.7,0.162,75.3,309.8,0.01,0.148,0.148,510.0,510.0
human,spiritualist,legendaryforms,shin_shiyoken,m100,5,13.95,13.95,13.95,1.0,1.0,13.88,627.8,1395.0,24119.6,13.95,2355.0,16233.7,0.145,125.6,643.5,0.03,0.246,0.246,510.0,510.0
human,spiritualist,legendaryforms,shin_shiyoken,m100,7,13.95,13.95,13.95,1.0,1.0,13.88,627.8,1395.0,24119.6,13.95,2355.0,16233.7,0.145,159.0,918.5,0.04,0.312,0.312,510.0,510.0
human,spiritualist,legendaryforms,chou_shiyoken,m0,1,14.0,14.0,15.0,1.0,1.0,12.62,630.0,1400.0,25935.0,15.0,2980.9,17437.3,0.171,42.2,100.5,0.0,0.083,0.083,510.0,510.0
human,spiritualist,legendaryforms,chou_shiyoken,m0,3,14.0,14.0,15.0,1.0,1.0,12.62,630.0,1400.0,25935.0,15.0,2660.7,17437.3,0.153,76.0,311.0,0.01,0.149,0.149,510.0,510.0
human,spiritualist,legendaryforms,chou_shiyoken,m0,5,14.0,14.0,15.0,1.0,1.0,12.62,630.0,1400.0,25935.0,15.0,2382.3,17437.3,0.137,126.7,645.8,0.02,0.248,0.248,510.0,510.0
human,spiritualist,legendaryforms,chou_shiyoken,m0,7,14.0,14.0,15.0,1.0,1.0,12.62,630.0,1400.0,25935.0,15.0,2382.3,17437.3,0.137,160.5,929.1,0.04,0.315,0.315,510.0,510.0
human,spiritualist,legendaryforms,chou_shiyoken,m100,1,21.0,21.0,22.5,1.0,1.0,18.94,945.0,2100.0,38902.5,22.5,3106.2,26142.4,0.119,44.4,102.5,0.0,0.087,0.087,510.0,510.0
human,spiritualist,legendaryforms,chou_shiyoken,m100,3,21.0,21.0,22.5,1.0,1.0,18.94,945.0,2100.0,38902.5,22.5,2844.2,26142.4,0.109,79.8,317.2,0.01,0.157,0.157,510.0,510.0
human,spiritualist,legendaryforms,chou_shiyoken,m100,5,21.0,21.0,22.5,1.0,1.0,18.94,945.0,2100.0,38902.5,22.5,2531.0,26142.4,0.097,133.1,658.8,0.02,0.261,0.261,510.0,510.0
human,spiritualist,legendaryforms,chou_shiyoken,m100,7,21.0,21.0,22.5,1.0,1.0,18.94,945.0,2100.0,38902.5,22.5,2531.0,26142.4,0.097,168.6,976.0,0.03,0.33,0.33,510.0,510.0
human,spiritualist,superforms,buffed,m0,1,3.6,3.75,3.45,1.0,1.0,3.38,162.0,375.0,5965.1,3.75,2336.2,4039.2,0.578,35.0,93.6,0.02,0.069,0.069,510.0,510.0
human,spiritualist,superforms,buffed,m0,3,3.6,3.75,3.45,1.0,1.0,3.38,162.0,375.0,5965.1,3.75,2669.1,4039.2,0.661,63.0,289.7,0.05,0.123,0.123,510.0,510.0
human,spiritualist,superforms,buffed,m0,5,3.6,3.75,3.45,1.0,1.0,3.38,162.0,375.0,5965.1,3.75,1940.3,4039.2,0.48,104.9,595.9,0.1,0.206,0.206,510.0,510.0
human,spiritualist,superforms,buffed,m0,7,3.6,3.75,3.45,1.0,1.0,3.38,162.0,375.0,5965.1,3.75,1940.3,4039.2,0.48,132.9,756.7,0.13,0.261,0.261,510.0,510.0
human,spiritualist,superforms,buffed,m100,1,5.4,5.62,5.18,1.0,1.0,5.06,243.0,562.5,8947.6,5.62,2899.9,6045.4,0.48,37.1,95.6,0.01,0.073,0.073,510.0,510.0
human,spiritualist,superforms,buffed,m100,3,5.4,5.62,5.18,1.0,1.0,5.06,243.0,562.5,8947.6,5.62,3396.4,6045.4,0.562,66.8,295.9,0.03,0.131,0.131,510.0,510.0
human,spiritualist,superforms,buffed,m100,5,5.4,5.62,5.18,1.0,1.0,5.06,243.0,562.5,8947.6,5.62,2309.6,6045.4,0.382,111.3,614.5,0.07,0.218,0.218,510.0,510.0
human,spiritualist,superforms,buffed,m100,7,5.4,5.62,5.18,1.0,1.0,5.06,243.0,562.5,8947.6,5.62,2309.6,6045.4,0.382,141.0,900.7,0.1,0.276,0.276,510.0,510.0
human,spiritualist,superforms,fullpower,m0,1,6.1,6.25,6.9,1.0,1.0,5.81,274.5,625.0,11930.1,6.9,2541.5,8031.9,0.316,38.2,96.6,0.01,0.075,0.075,510.0,510.0
human,spiritualist,superforms,fullpower,m0,3,6.1,6.25,6.9,1.0,1.0,5.81,274.5,625.0,11930.1,6.9,2281.6,8031.9,0.284,68.7,299.0,0.03,0.135,0.135,510.0,510.0
human,spiritualist,superforms,fullpower,m0,5,6.1,6.25,6.9,1.0,1.0,5.81,274.5,625.0,11930.1,6.9,2074.8,8031.9,0.258,114.5,621.1,0.05,0.225,0.225,510.0,510.0
human,spiritualist,superforms,fullpower,m0,7,6.1,6.25,6.9,1.0,1.0,5.81,274.5,625.0,11930.1,6.9,2074.8,8031.9,0.258,145.0,809.2,0.07,0.284,0.284,510.0,510.0
human,spiritualist,superforms,fullpower,m100,1,9.15,9.38,10.35,1.0,1.0,8.72,411.7,937.5,17895.2,10.35,2789.9,12034.3,0.232,40.3,98.6,0.01,0.079,0.079,510.0,510.0
human,spiritualist,superforms,fullpower,m100,3,9.15,9.38,10.35,1.0,1.0,8.72,411.7,937.5,17895.2,10.35,2482.3,12034.3,0.206,72.5,305.3,0.02,0.142,0.142,510.0,510.0
human,spiritualist,superforms,fullpower,m100,5,9.15,9.38,10.35,1.0,1.0,8.72,411.7,937.5,17895.2,10.35,2237.6,12034.3,0.186,120.9,634.0,0.04,0.237,0.237,510.0,510.0
human,spiritualist,superforms,fullpower,m100,7,9.15,9.38,10.35,1.0,1.0,8.72,411.7,937.5,17895.2,10.35,2237.6,12034.3,0.186,153.1,872.7,0.05,0.3,0.3,510.0,510.0
human,spiritualist,superforms,overdrive,m0,1,9.85,9.0,9.6,1.0,1.0,9.44,443.2,900.0,16598.4,9.85,2740.4,11174.5,0.245,40.0,98.4,0.01,0.078,0.078,510.0,510.0
human,spiritualist,superforms,overdrive,m0,3,9.85,9.0,9.6,1.0,1.0,9.44,443.2,900.0,16598.4,9.85,2442.3,11174.5,0.219,72.1,304.5,0.02,0.141,0.141,510.0,510.0
human,spiritualist,superforms,overdrive,m0,5,9.85,9.0,9.6,1.0,1.0,9.44,443.2,900.0,16598.4,9.85,2205.1,11174.5,0.197,120.1,632.4,0.04,0.235,0.235,510.0,510.0
human,spiritualist,superforms,overdrive,m0,7,9.85,9.0,9.6,1.0,1.0,9.44,443.2,900.0,16598.4,9.85,2205.1,11174.5,0.197,152.1,860.0,0.05,0.298,0.298,510.0,510.0
human,spiritualist,superforms,overdrive,m100,1,14.77,13.5,14.4,1.0,1.0,14.16,664.9,1350.0,24897.6,14.77,2954.7,16748.3,0.176,42.2,100.4,0.0,0.083,0.083,510.0,510.0
human,spiritualist,superforms,overdrive,m100,3,14.77,13.5,14.4,1.0,1.0,14.16,664.9,1350.0,24897.6,14.77,2636.6,16748.3,0.157,75.9,310.7,0.01,0.149,0.149,510.0,510.0
human,spiritualist,superforms,overdrive,m100,5,14.77,13.5,14.4,1.0,1.0,14.16,664.9,1350.0,24897.6,14.77,2362.7,16748.3,0.141,126.5,645.4,0.03,0.248,0.248,510.0,510.0
human,spiritualist,superforms,overdrive,m100,7,14.77,13.5,14.4,1.0,1.0,14.16,664.9,1350.0,24897.6,14.77,2362.7,16748.3,0.141,160.2,921.4,0.04,0.314,0.314,510.0,510.0
human,spiritualist,superforms,solaris,m0,1,14.25,14.5,14.75,1.0,1.0,12.88,641.2,1450.0,25502.8,14.75,2975.4,17157.8,0.173,42.1,100.4,0.0,0.083,0.083,510.0,510.0
human,spiritualist,superforms,solaris,m0,3,14.25,14.5,14.75,1.0,1.0,12.88,641.2,1450.0,25502.8,14.75,2653.3,17157.8,0.155,75.9,310.7,0.01,0.149,0.149,510.0,510.0
human,spiritualist,superforms,solaris,m0,5,14.25,14.5,14.75,1.0,1.0,12.88,641.2,1450.0,25502.8,14.75,2376.2,17157.8,0.138,126.4,645.3,0.03,0.248,0.248,510.0,510.0
human,spiritualist,superforms,solaris,m0,7,14.25,14.5,14.75,1.0,1.0,12.88,641.2,1450.0,25502.8,14.75,2376.2,17157.8,0.138,160.2,926.7,0.04,0.314,0.314,510.0,510.0
human,spiritualist,superforms,solaris,m100,1,21.38,21.75,22.12,1.0,1.0,19.31,961.9,2175.0,38254.1,22.12,3102.4,25723.2,0.121,44.3,102.4,0.0,0.087,0.087,510.0,510.0
human,spiritualist,superforms,solaris,m100,3,21.38,21.75,22.12,1.0,1.0,19.31,961.9,2175.0,38254.1,22.12,2837.4,25723.2,0.11,79.7,316.9,0.01,0.156,0.156,510.0,510.0
human,spiritualist,superforms,solaris,m100,5,21.38,21.75,22.12,1.0,1.0,19.31,961.9,2175.0,38254.1,22.12,2525.5,25723.2,0.098,132.8,658.2,0.02,0.26,0.26,510.0,510.0
human,spiritualist,superforms,solaris,m100,7,21.38,21.75,22.12,1.0,1.0,19.31,961.9,2175.0,38254.1,22.12,2525.5,25723.2,0.098,168.2,975.2,0.03,0.33,0.33,510.0,510.0
human,martialartist,base,Base,m0,1,1.0,1.0,1.0,1.0,1.0,1.0,240.0,1638.0,90.0,1.0,1125.9,1125.9,1.0,61.9,140.9,0.09,0.06,0.06,1032.0,1032.0
human,martialartist,base,Base,m0,3,1.0,1.0,1.0,1.0,1.0,1.0,240.0,1638.0,90.0,1.0,1125.9,1125.9,1.0,102.2,436.0,0.27,0.099,0.099,1032.0,1032.0
human,martialartist,base,Base,m0,5,1.0,1.0,1.0,1.0,1.0,1.0,240.0,1638.0,90.0,1.0,1125.9,1125.9,1.0,170.3,905.6,0.55,0.165,0.165,1032.0,1032.0
human,martialartist,base,Base,m0,7,1.0,1.0,1.0,1.0,1.0,1.0,240.0,1638.0,90.0,1.0,1125.9,1125.9,1.0,215.7,1341.6,0.82,0.209,0.209,1032.0,1032.0
human,martialartist,android_enhancement,overclock,m0,1,1.0,1.0,50.0,15.0,1.0,1.0,240.0,1638.0,4500.0,50.0,1147.7,3246.5,0.354,98.2,140.9,0.03,0.095,0.095,1032.0,1032.0
human,martialartist,android_enhancement,overclock,m0,3,1.0,1.0,50.0,15.0,1.0,1.0,240.0,1638.0,4500.0,50.0,1146.8,3246.5,0.353,176.8,436.0,0.1,0.171,0.171,1032.0,1032.0
human,martialartist,android_enhancement,overclock,m0,5,1.0,1.0,50.0,15.0,1.0,1.0,240.0,1638.0,4500.0,50.0,1142.9,3246.5,0.352,294.7,905.6,0.2,0.286,0.286,1032.0,1032.0
human,martialartist,android_enhancement,overclock,m0,7,1.0,1.0,50.0,15.0,1.0,1.0,240.0,1638.0,4500.0,50.0,1142.9,3246.5,0.352,373.2,1341.6,0.3,0.362,0.362,1032.0,1032.0
human,martialartist,android_enhancement,overclock,m100,1,1.0,1.0,50.0,15.0,1.0,1.0,240.0,1638.0,4500.0,50.0,1147.7,3246.5,0.354,98.2,140.9,0.03,0.095,0.095,1032.0,1032.0
human,martialartist,android_enhancement,overclock,m100,3,1.0,1.0,50.0,15.0,1.0,1.0,240.0,1638.0,4500.0,50.0,1146.8,3246.5,0.353,176.8,436.0,0.1,0.171,0.171,1032.0,1032.0
human,martialartist,android_enhancement,overclock,m100,5,1.0,1.0,50.0,15.0,1.0,1.0,240.0,1638.0,4500.0,50.0,1142.9,3246.5,0.352,294.7,905.6,0.2,0.286,0.286,1032.0,1032.0
human,martialartist,android_enhancement,overclock,m100,7,1.0,1.0,50.0,15.0,1.0,1.0,240.0,1638.0,4500.0,50.0,1142.9,3246.5,0.352,373.2,1341.6,0.3,0.362,0.362,1032.0,1032.0
human,martialartist,android_enhancement,overheat,m0,1,50.0,50.0,1.0,5.0,1.0,25.0,12000.0,81900.0,90.0,50.0,3083.1,55636.9,0.055,98.2,215.4,0.0,0.095,0.095,1032.0,1032.0
human,martialartist,android_enhancement,overheat,m0,3,50.0,50.0,1.0,5.0,1.0,25.0,12000.0,81900.0,90.0,50.0,3004.9,55636.9,0.054,176.8,571.3,0.01,0.171,0.171,1032.0,1032.0
human,martialartist,android_enhancement,overheat,m0,5,50.0,50.0,1.0,5.0,1.0,25.0,12000.0,81900.0,90.0,50.0,2649.4,55636.9,0.048,294.7,905.6,0.01,0.286,0.286,1032.0,1032.0
human,martialartist,android_enhancement,overheat,m0,7,50.0,50.0,1.0,5.0,1.0,25.0,12000.0,81900.0,90.0,50.0,2649.4,55636.9,0.048,373.2,1341.6,0.02,0.362,0.362,1032.0,1032.0
human,martialartist,android_enhancement,overheat,m100,1,50.0,50.0,1.0,5.0,1.0,25.0,12000.0,81900.0,90.0,50.0,3083.1,55636.9,0.055,98.2,215.4,0.0,0.095,0.095,1032.0,1032.0
human,martialartist,android_enhancement,overheat,m100,3,50.0,50.0,1.0,5.0,1.0,25.0,12000.0,81900.0,90.0,50.0,3004.9,55636.9,0.054,176.8,571.3,0.01,0.171,0.171,1032.0,1032.0
human,martialartist,android_enhancement,overheat,m100,5,50.0,50.0,1.0,5.0,1.0,25.0,12000.0,81900.0,90.0,50.0,2649.4,55636.9,0.048,294.7,905.6,0.01,0.286,0.286,1032.0,1032.0
human,martialartist,android_enhancement,overheat,m100,7,50.0,50.0,1.0,5.0,1.0,25.0,12000.0,81900.0,90.0,50.0,2649.4,55636.9,0.048,373.2,1341.6,0.02,0.362,0.362,1032.0,1032.0
human,martialartist,androidforms,androidbase,m0,1,1.5,1.5,2.75,2.0,2.0,2.0,360.0,2457.0,247.5,2.75,1468.6,1703.3,0.862,108.4,226.3,0.09,0.053,0.065,1657.6,2044.0
human,martialartist,androidforms,androidbase,m0,3,1.5,1.5,2.75,2.0,2.0,2.0,360.0,2457.0,247.5,2.75,1568.1,1703.3,0.921,192.4,690.7,0.28,0.094,0.118,1634.8,2044.0
human,martialartist,androidforms,androidbase,m0,5,1.5,1.5,2.75,2.0,2.0,2.0,360.0,2457.0,247.5,2.75,1350.4,1703.3,0.793,317.1,1418.7,0.58,0.155,0.196,1616.7,2044.0
human,martialartist,androidforms,androidbase,m0,7,1.5,1.5,2.75,2.0,2.0,2.0,360.0,2457.0,247.5,2.75,1350.4,1703.3,0.793,401.7,2101.7,0.86,0.197,0.248,1616.7,2044.0
human,martialartist,androidforms,androidbase,m100,1,2.25,2.25,4.12,3.0,3.0,3.0,540.0,3685.5,371.2,4.12,1803.3,2555.0,0.706,150.3,294.9,0.08,0.049,0.07,2160.5,3056.0
human,martialartist,androidforms,androidbase,m100,3,2.25,2.25,4.12,3.0,3.0,3.0,540.0,3685.5,371.2,4.12,1999.9,2555.0,0.783,265.4,895.5,0.24,0.087,0.125,2119.6,3056.0
human,martialartist,androidforms,androidbase,m100,5,2.25,2.25,4.12,3.0,3.0,3.0,540.0,3685.5,371.2,4.12,1569.6,2555.0,0.614,435.5,1831.4,0.5,0.143,0.209,2087.1,3056.0
human,martialartist,androidforms,androidbase,m100,7,2.25,2.25,4.12,3.0,3.0,3.0,540.0,3685.5,371.2,4.12,1569.6,2555.0,0.614,551.6,2713.3,0.74,0.181,0.264,2087.1,3056.0
human,martialartist,androidforms,superandroid,m0,1,9.0,9.0,14.5,2.0,2.0,13.0,2160.0,14742.0,1305.0,14.5,2502.8,10163.6,0.246,132.1,218.6,0.01,0.065,0.082,1601.4,2044.0
human,martialartist,androidforms,superandroid,m0,3,9.0,9.0,14.5,2.0,2.0,13.0,2160.0,14742.0,1305.0,14.5,2252.3,10163.6,0.222,237.7,676.6,0.05,0.116,0.148,1601.4,2044.0
human,martialartist,androidforms,superandroid,m0,5,9.0,9.0,14.5,2.0,2.0,13.0,2160.0,14742.0,1305.0,14.5,2039.2,10163.6,0.201,396.2,1405.2,0.1,0.194,0.247,1601.4,2044.0
human,martialartist,androidforms,superandroid,m0,7,9.0,9.0,14.5,2.0,2.0,13.0,2160.0,14742.0,1305.0,14.5,2039.2,10163.6,0.201,501.8,2081.8,0.14,0.246,0.313,1601.4,2044.0
human,martialartist,androidforms,superandroid,m100,1,13.5,13.5,21.75,3.0,3.0,19.5,3240.0,22113.0,1957.5,21.75,2629.4,15245.4,0.172,165.2,260.4,0.01,0.054,0.087,1907.5,3056.0
human,martialartist,androidforms,superandroid,m100,3,13.5,13.5,21.75,3.0,3.0,19.5,3240.0,22113.0,1957.5,21.75,2418.4,15245.4,0.159,297.4,805.9,0.04,0.097,0.156,1907.5,3056.0
human,martialartist,androidforms,superandroid,m100,5,13.5,13.5,21.75,3.0,3.0,19.5,3240.0,22113.0,1957.5,21.75,2173.9,15245.4,0.143,495.7,1673.8,0.08,0.162,0.26,1907.5,3056.0
human,martialartist,androidforms,superandroid,m100,7,13.5,13.5,21.75,3.0,3.0,19.5,3240.0,22113.0,1957.5,21.75,2173.9,15245.4,0.143,627.9,2479.7,0.11,0.205,0.329,1907.5,3056.0
human,martialartist,androidforms,fusedandroid,m0,1,19.0,19.0,23.0,2.0,2.0,23.0,4560.0,31122.0,2070.0,23.0,2841.6,21371.4,0.133,136.6,213.8,0.01,0.067,0.087,1566.4,2044.0
human,martialartist,androidforms,fusedandroid,m0,3,19.0,19.0,23.0,2.0,2.0,23.0,4560.0,31122.0,2070.0,23.0,2611.3,21371.4,0.122,245.9,661.8,0.02,0.12,0.157,1566.4,2044.0
human,martialartist,androidforms,fusedandroid,m0,5,19.0,19.0,23.0,2.0,2.0,23.0,4560.0,31122.0,2070.0,23.0,2330.2,21371.4,0.109,409.8,1374.5,0.04,0.2,0.262,1566.4,2044.0
human,martialartist,androidforms,fusedandroid,m0,7,19.0,19.0,23.0,2.0,2.0,23.0,4560.0,31122.0,2070.0,23.0,2330.2,21371.4,0.109,519.0,2036.3,0.07,0.254,0.331,1566.4,2044.0
human,martialartist,androidforms,fusedandroid,m100,1,28.5,28.5,34.5,3.0,3.0,34.5,6840.0,46683.0,3105.0,34.5,2925.0,32057.1,0.091,166.3,248.5,0.01,0.054,0.091,1820.5,3056.0
human,martialartist,androidforms,fusedandroid,m100,3,28.5,28.5,34.5,3.0,3.0,34.5,6840.0,46683.0,3105.0,34.5,2767.7,32057.1,0.086,299.4,769.1,0.02,0.098,0.164,1820.5,3056.0
human,martialartist,androidforms,fusedandroid,m100,5,28.5,28.5,34.5,3.0,3.0,34.5,6840.0,46683.0,3105.0,34.5,2457.1,32057.1,0.077,499.0,1597.5,0.03,0.163,0.274,1820.5,3056.0
human,martialartist,androidforms,fusedandroid,m100,7,28.5,28.5,34.5,3.0,3.0,34.5,6840.0,46683.0,3105.0,34.5,2457.1,32057.1,0.077,632.0,2366.6,0.05,0.207,0.347,1820.5,3056.0
human,martialartist,human_god_forms,god_human,m0,1,1.0,1.0,1.0,1.0,1.0,1.0,240.0,1638.0,90.0,1.0,1125.9,1125.9,1.0,61.9,140.9,0.09,0.06,0.06,1032.0,1032.0
human,martialartist,human_god_forms,god_human,m0,3,1.0,1.0,1.0,1.0,1.0,1.0,240.0,1638.0,90.0,1.0,1125.9,1125.9,1.0,102.2,436.0,0.27,0.099,0.099,1032.0,1032.0
human,martialartist,human_god_forms,god_human,m0,5,1.0,1.0,1.0,1.0,1.0,1.0,240.0,1638.0,90.0,1.0,1125.9,1125.9,1.0,170.3,905.6,0.55,0.165,0.165,1032.0,1032.0
human,martialartist,human_god_forms,god_human,m0,7,1.0,1.0,1.0,1.0,1.0,1.0,240.0,1638.0,90.0,1.0,1125.9,1125.9,1.0,215.7,1341.6,0.82,0.209,0.209,1032.0,1032.0
human,martialartist,human_god_forms,god_human,m100,1,1.0,1.0,1.0,1.0,1.0,1.0,240.0,1638.0,90.0,1.0,1125.9,1125.9,1.0,61.9,140.9,0.09,0.06,0.06,1032.0,1032.0
human,martialartist,human_god_forms,god_human,m100,3,1.0,1.0,1.0,1.0,1.0,1.0,240.0,1638.0,90.0,1.0,1125.9,1125.9,1.0,102.2,436.0,0.27,0.099,0.099,1032.0,1032.0
human,martialartist,human_god_forms,god_human,m100,5,1.0,1.0,1.0,1.0,1.0,1.0,240.0,1638.0,90.0,1.0,1125.9,1125.9,1.0,170.3,905.6,0.55,0.165,0.165,1032.0,1032.0
human,martialartist,human_god_forms,god_human,m100,7,1.0,1.0,1.0,1.0,1.0,1.0,240.0,1638.0,90.0,1.0,1125.9,1125.9,1.0,215.7,1341.6,0.82,0.209,0.209,1032.0,1032.0
human,martialartist,human_god_forms,transcendent_human,m0,1,1.0,1.0,1.0,1.0,1.0,1.0,240.0,1638.0,90.0,1.0,1125.9,1125.9,1.0,61.9,140.9,0.09,0.06,0.06,1032.0,1032.0
human,martialartist,human_god_forms,transcendent_human,m0,3,1.0,1.0,1.0,1.0,1.0,1.0,240.0,1638.0,90.0,1.0,1125.9,1125.9,1.0,102.2,436.0,0.27,0.099,0.099,1032.0,1032.0
human,martialartist,human_god_forms,transcendent_human,m0,5,1.0,1.0,1.0,1.0,1.0,1.0,240.0,1638.0,90.0,1.0,1125.9,1125.9,1.0,170.3,905.6,0.55,0.165,0.165,1032.0,1032.0
human,martialartist,human_god_forms,transcendent_human,m0,7,1.0,1.0,1.0,1.0,1.0,1.0,240.0,1638.0,90.0,1.0,1125.9,1125.9,1.0,215.7,1341.6,0.82,0.209,0.209,1032.0,1032.0
human,martialartist,human_god_forms,transcendent_human,m100,1,1.0,1.0,1.0,1.0,1.0,1.0,240.0,1638.0,90.0,1.0,1125.9,1125.9,1.0,61.9,140.9,0.09,0.06,0.06,1032.0,1032.0
human,martialartist,human_god_forms,transcendent_human,m100,3,1.0,1.0,1.0,1.0,1.0,1.0,240.0,1638.0,90.0,1.0,1125.9,1125.9,1.0,102.2,436.0,0.27,0.099,0.099,1032.0,1032.0
human,martialartist,human_god_forms,transcendent_human,m100,5,1.0,1.0,1.0,1.0,1.0,1.0,240.0,1638.0,90.0,1.0,1125.9,1125.9,1.0,170.3,905.6,0.55,0.165,0.165,1032.0,1032.0
human,martialartist,human_god_forms,transcendent_human,m100,7,1.0,1.0,1.0,1.0,1.0,1.0,240.0,1638.0,90.0,1.0,1125.9,1125.9,1.0,215.7,1341.6,0.82,0.209,0.209,1032.0,1032.0
human,martialartist,legendaryforms,shiyoken,m0,1,3.4,3.4,3.4,1.0,1.0,2.62,816.0,5569.2,306.0,3.4,2216.1,3819.4,0.58,69.7,166.4,0.03,0.068,0.068,1032.0,1032.0
human,martialartist,legendaryforms,shiyoken,m0,3,3.4,3.4,3.4,1.0,1.0,2.62,816.0,5569.2,306.0,3.4,2532.5,3819.4,0.663,125.5,481.5,0.09,0.122,0.122,1032.0,1032.0
human,martialartist,legendaryforms,shiyoken,m0,5,3.4,3.4,3.4,1.0,1.0,2.62,816.0,5569.2,306.0,3.4,1840.0,3819.4,0.482,209.2,905.6,0.16,0.203,0.203,1032.0,1032.0
human,martialartist,legendaryforms,shiyoken,m0,7,3.4,3.4,3.4,1.0,1.0,2.62,816.0,5569.2,306.0,3.4,1840.0,3819.4,0.482,265.0,1341.6,0.24,0.257,0.257,1032.0,1032.0
human,martialartist,legendaryforms,shiyoken,m100,1,5.1,5.1,5.1,1.0,1.0,3.94,1224.0,8353.8,459.0,5.1,2755.0,5727.3,0.481,74.0,192.5,0.02,0.072,0.072,1032.0,1032.0
human,martialartist,legendaryforms,shiyoken,m100,3,5.1,5.1,5.1,1.0,1.0,3.94,1224.0,8353.8,459.0,5.1,3227.8,5727.3,0.564,133.2,595.7,0.07,0.129,0.129,1032.0,1032.0
human,martialartist,legendaryforms,shiyoken,m100,5,5.1,5.1,5.1,1.0,1.0,3.94,1224.0,8353.8,459.0,5.1,2193.0,5727.3,0.383,222.1,905.6,0.11,0.215,0.215,1032.0,1032.0
human,martialartist,legendaryforms,shiyoken,m100,7,5.1,5.1,5.1,1.0,1.0,3.94,1224.0,8353.8,459.0,5.1,2193.0,5727.3,0.383,281.3,1341.6,0.16,0.273,0.273,1032.0,1032.0
human,martialartist,legendaryforms,shin_shiyoken,m0,1,9.3,9.3,9.3,1.0,1.0,9.25,2232.0,15233.4,837.0,9.3,2611.0,10441.0,0.25,80.4,196.0,0.01,0.078,0.078,1032.0,1032.0
human,martialartist,legendaryforms,shin_shiyoken,m0,3,9.3,9.3,9.3,1.0,1.0,9.25,2232.0,15233.4,837.0,9.3,2325.6,10441.0,0.223,144.7,442.2,0.03,0.14,0.14,1032.0,1032.0
human,martialartist,legendaryforms,shin_shiyoken,m0,5,9.3,9.3,9.3,1.0,1.0,9.25,2232.0,15233.4,837.0,9.3,2098.7,10441.0,0.201,241.2,905.6,0.06,0.234,0.234,1032.0,1032.0
human,martialartist,legendaryforms,shin_shiyoken,m0,7,9.3,9.3,9.3,1.0,1.0,9.25,2232.0,15233.4,837.0,9.3,2098.7,10441.0,0.201,305.5,1341.6,0.09,0.296,0.296,1032.0,1032.0
human,martialartist,legendaryforms,shin_shiyoken,m100,1,13.95,13.95,13.95,1.0,1.0,13.88,3348.0,22850.1,1255.5,13.95,2832.4,15659.7,0.181,84.7,202.6,0.01,0.082,0.082,1032.0,1032.0
human,martialartist,legendaryforms,shin_shiyoken,m100,3,13.95,13.95,13.95,1.0,1.0,13.88,3348.0,22850.1,1255.5,13.95,2515.4,15659.7,0.161,152.4,478.2,0.02,0.148,0.148,1032.0,1032.0
human,martialartist,legendaryforms,shin_shiyoken,m100,5,13.95,13.95,13.95,1.0,1.0,13.88,3348.0,22850.1,1255.5,13.95,2252.6,15659.7,0.144,254.1,905.6,0.04,0.246,0.246,1032.0,1032.0
human,martialartist,legendaryforms,shin_shiyoken,m100,7,13.95,13.95,13.95,1.0,1.0,13.88,3348.0,22850.1,1255.5,13.95,2252.6,15659.7,0.144,321.8,1341.6,0.06,0.312,0.312,1032.0,1032.0
human,martialartist,legendaryforms,chou_shiyoken,m0,1,14.0,14.0,15.0,1.0,1.0,12.62,3360.0,22932.0,1350.0,15.0,2804.0,15725.9,0.178,85.5,203.3,0.01,0.083,0.083,1032.0,1032.0
human,martialartist,legendaryforms,chou_shiyoken,m0,3,14.0,14.0,15.0,1.0,1.0,12.62,3360.0,22932.0,1350.0,15.0,2504.2,15725.9,0.159,153.8,476.1,0.02,0.149,0.149,1032.0,1032.0
human,martialartist,legendaryforms,chou_shiyoken,m0,5,14.0,14.0,15.0,1.0,1.0,12.62,3360.0,22932.0,1350.0,15.0,2243.5,15725.9,0.143,256.4,905.6,0.04,0.248,0.248,1032.0,1032.0
human,martialartist,legendaryforms,chou_shiyoken,m0,7,14.0,14.0,15.0,1.0,1.0,12.62,3360.0,22932.0,1350.0,15.0,2243.5,15725.9,0.143,324.7,1341.6,0.06,0.315,0.315,1032.0,1032.0
human,martialartist,legendaryforms,chou_shiyoken,m100,1,21.0,21.0,22.5,1.0,1.0,18.94,5040.0,34398.0,2025.0,22.5,2925.5,23587.1,0.124,89.8,207.4,0.01,0.087,0.087,1032.0,1032.0
human,martialartist,legendaryforms,chou_shiyoken,m100,3,21.0,21.0,22.5,1.0,1.0,18.94,5040.0,34398.0,2025.0,22.5,2679.6,23587.1,0.114,161.6,509.5,0.01,0.157,0.157,1032.0,1032.0
human,martialartist,legendaryforms,chou_shiyoken,m100,5,21.0,21.0,22.5,1.0,1.0,18.94,5040.0,34398.0,2025.0,22.5,2385.7,23587.1,0.101,269.3,905.6,0.03,0.261,0.261,1032.0,1032.0
human,martialartist,legendaryforms,chou_shiyoken,m100,7,21.0,21.0,22.5,1.0,1.0,18.94,5040.0,34398.0,2025.0,22.5,2385.7,23587.1,0.101,341.1,1341.6,0.04,0.33,0.33,1032.0,1032.0
human,martialartist,superforms,buffed,m0,1,3.6,3.75,3.45,1.0,1.0,3.38,864.0,6142.5,310.5,3.75,2331.2,4205.1,0.554,70.8,175.0,0.03,0.069,0.069,1032.0,1032.0
human,martialartist,superforms,buffed,m0,3,3.6,3.75,3.45,1.0,1.0,3.38,864.0,6142.5,310.5,3.75,2681.0,4205.1,0.638,127.4,509.7,0.08,0.123,0.123,1032.0,1032.0
human,martialartist,superforms,buffed,m0,5,3.6,3.75,3.45,1.0,1.0,3.38,864.0,6142.5,310.5,3.75,1915.4,4205.1,0.455,212.3,905.6,0.15,0.206,0.206,1032.0,1032.0
human,martialartist,superforms,buffed,m0,7,3.6,3.75,3.45,1.0,1.0,3.38,864.0,6142.5,310.5,3.75,1915.4,4205.1,0.455,268.9,1341.6,0.22,0.261,0.261,1032.0,1032.0
human,martialartist,superforms,buffed,m100,1,5.4,5.62,5.18,1.0,1.0,5.06,1296.0,9213.8,465.8,5.62,2906.3,6305.9,0.461,75.1,193.4,0.02,0.073,0.073,1032.0,1032.0
human,martialartist,superforms,buffed,m100,3,5.4,5.62,5.18,1.0,1.0,5.06,1296.0,9213.8,465.8,5.62,3423.0,6305.9,0.543,135.1,598.7,0.06,0.131,0.131,1032.0,1032.0
human,martialartist,superforms,buffed,m100,5,5.4,5.62,5.18,1.0,1.0,5.06,1296.0,9213.8,465.8,5.62,2292.1,6305.9,0.363,225.2,905.6,0.1,0.218,0.218,1032.0,1032.0
human,martialartist,superforms,buffed,m100,7,5.4,5.62,5.18,1.0,1.0,5.06,1296.0,9213.8,465.8,5.62,2292.1,6305.9,0.363,285.2,1341.6,0.15,0.276,0.276,1032.0,1032.0
human,martialartist,superforms,fullpower,m0,1,6.1,6.25,6.9,1.0,1.0,5.81,1464.0,10237.5,621.0,6.9,2363.8,7020.5,0.337,77.2,177.5,0.02,0.075,0.075,1032.0,1032.0
human,martialartist,superforms,fullpower,m0,3,6.1,6.25,6.9,1.0,1.0,5.81,1464.0,10237.5,621.0,6.9,2125.9,7020.5,0.303,139.0,436.0,0.04,0.135,0.135,1032.0,1032.0
human,martialartist,superforms,fullpower,m0,5,6.1,6.25,6.9,1.0,1.0,5.81,1464.0,10237.5,621.0,6.9,1936.7,7020.5,0.276,231.7,905.6,0.09,0.225,0.225,1032.0,1032.0
human,martialartist,superforms,fullpower,m0,7,6.1,6.25,6.9,1.0,1.0,5.81,1464.0,10237.5,621.0,6.9,1936.7,7020.5,0.276,293.5,1341.6,0.13,0.284,0.284,1032.0,1032.0
human,martialartist,superforms,fullpower,m100,1,9.15,9.38,10.35,1.0,1.0,8.72,2196.0,15356.2,931.5,10.35,2599.1,10529.0,0.247,81.5,195.1,0.01,0.079,0.079,1032.0,1032.0
human,martialartist,superforms,fullpower,m100,3,9.15,9.38,10.35,1.0,1.0,8.72,2196.0,15356.2,931.5,10.35,2316.1,10529.0,0.22,146.7,440.3,0.03,0.142,0.142,1032.0,1032.0
human,martialartist,superforms,fullpower,m100,5,9.15,9.38,10.35,1.0,1.0,8.72,2196.0,15356.2,931.5,10.35,2090.9,10529.0,0.199,244.6,905.6,0.06,0.237,0.237,1032.0,1032.0
human,martialartist,superforms,fullpower,m100,7,9.15,9.38,10.35,1.0,1.0,8.72,2196.0,15356.2,931.5,10.35,2090.9,10529.0,0.199,309.8,1341.6,0.09,0.3,0.3,1032.0,1032.0
human,martialartist,superforms,overdrive,m0,1,9.85,9.0,9.6,1.0,1.0,9.44,2364.0,14742.0,864.0,9.85,2578.9,10133.3,0.254,81.0,193.6,0.01,0.078,0.078,1032.0,1032.0
human,martialartist,superforms,overdrive,m0,3,9.85,9.0,9.6,1.0,1.0,9.44,2364.0,14742.0,864.0,9.85,2299.7,10133.3,0.227,145.8,437.2,0.03,0.141,0.141,1032.0,1032.0
human,martialartist,superforms,overdrive,m0,5,9.85,9.0,9.6,1.0,1.0,9.44,2364.0,14742.0,864.0,9.85,2077.7,10133.3,0.205,243.0,905.6,0.06,0.235,0.235,1032.0,1032.0
human,martialartist,superforms,overdrive,m0,7,9.85,9.0,9.6,1.0,1.0,9.44,2364.0,14742.0,864.0,9.85,2077.7,10133.3,0.205,307.8,1341.6,0.09,0.298,0.298,1032.0,1032.0
human,martialartist,superforms,overdrive,m100,1,14.77,13.5,14.4,1.0,1.0,14.16,3546.0,22113.0,1296.0,14.77,2784.0,15198.2,0.183,85.3,203.1,0.01,0.083,0.083,1032.0,1032.0
human,martialartist,superforms,overdrive,m100,3,14.77,13.5,14.4,1.0,1.0,14.16,3546.0,22113.0,1296.0,14.77,2485.3,15198.2,0.164,153.5,472.5,0.02,0.149,0.149,1032.0,1032.0
human,martialartist,superforms,overdrive,m100,5,14.77,13.5,14.4,1.0,1.0,14.16,3546.0,22113.0,1296.0,14.77,2228.1,15198.2,0.147,255.9,905.6,0.04,0.248,0.248,1032.0,1032.0
human,martialartist,superforms,overdrive,m100,7,14.77,13.5,14.4,1.0,1.0,14.16,3546.0,22113.0,1296.0,14.77,2228.1,15198.2,0.147,324.1,1341.6,0.06,0.314,0.314,1032.0,1032.0
human,martialartist,superforms,solaris,m0,1,14.25,14.5,14.75,1.0,1.0,12.88,3420.0,23751.0,1327.5,14.75,2838.3,16272.7,0.174,85.3,203.1,0.01,0.083,0.083,1032.0,1032.0
human,martialartist,superforms,solaris,m0,3,14.25,14.5,14.75,1.0,1.0,12.88,3420.0,23751.0,1327.5,14.75,2529.5,16272.7,0.155,153.5,480.9,0.02,0.149,0.149,1032.0,1032.0
human,martialartist,superforms,solaris,m0,5,14.25,14.5,14.75,1.0,1.0,12.88,3420.0,23751.0,1327.5,14.75,2264.0,16272.7,0.139,255.8,905.6,0.04,0.248,0.248,1032.0,1032.0
human,martialartist,superforms,solaris,m0,7,14.25,14.5,14.75,1.0,1.0,12.88,3420.0,23751.0,1327.5,14.75,2264.0,16272.7,0.139,324.1,1341.6,0.06,0.314,0.314,1032.0,1032.0
human,martialartist,superforms,solaris,m100,1,21.38,21.75,22.12,1.0,1.0,19.31,5130.0,35626.5,1991.2,22.12,2961.0,24407.3,0.121,89.6,207.2,0.01,0.087,0.087,1032.0,1032.0
human,martialartist,superforms,solaris,m100,3,21.38,21.75,22.12,1.0,1.0,19.31,5130.0,35626.5,1991.2,22.12,2706.9,24407.3,0.111,161.2,514.7,0.01,0.156,0.156,1032.0,1032.0
human,martialartist,superforms,solaris,m100,5,21.38,21.75,22.12,1.0,1.0,19.31,5130.0,35626.5,1991.2,22.12,2407.8,24407.3,0.099,268.7,905.6,0.03,0.26,0.26,1032.0,1032.0
human,martialartist,superforms,solaris,m100,7,21.38,21.75,22.12,1.0,1.0,19.31,5130.0,35626.5,1991.2,22.12,2407.8,24407.3,0.099,340.4,1341.6,0.04,0.33,0.33,1032.0,1032.0
human,paladin,base,Base,m0,1,1.0,1.0,1.0,1.0,1.0,1.0,280.0,426.0,120.0,1.0,330.5,330.5,1.0,61.8,140.6,0.33,0.06,0.06,1030.0,1030.0
human,paladin,base,Base,m0,3,1.0,1.0,1.0,1.0,1.0,1.0,280.0,426.0,120.0,1.0,330.5,330.5,1.0,102.0,435.2,1.02,0.099,0.099,1030.0,1030.0
human,paladin,base,Base,m0,5,1.0,1.0,1.0,1.0,1.0,1.0,280.0,426.0,120.0,1.0,330.5,330.5,1.0,170.0,903.8,2.12,0.165,0.165,1030.0,1030.0
human,paladin,base,Base,m0,7,1.0,1.0,1.0,1.0,1.0,1.0,280.0,426.0,120.0,1.0,330.5,330.5,1.0,215.3,1339.0,3.14,0.209,0.209,1030.0,1030.0
human,paladin,android_enhancement,overclock,m0,1,1.0,1.0,50.0,15.0,1.0,1.0,280.0,426.0,6000.0,50.0,357.8,4103.0,0.087,75.1,140.6,0.02,0.073,0.095,1030.0,1030.0
human,paladin,android_enhancement,overclock,m0,3,1.0,1.0,50.0,15.0,1.0,1.0,280.0,426.0,6000.0,50.0,356.7,4103.0,0.087,176.5,435.2,0.07,0.171,0.171,1030.0,1030.0
human,paladin,android_enhancement,overclock,m0,5,1.0,1.0,50.0,15.0,1.0,1.0,280.0,426.0,6000.0,50.0,351.7,4103.0,0.086,294.1,903.8,0.15,0.286,0.286,1030.0,1030.0
human,paladin,android_enhancement,overclock,m0,7,1.0,1.0,50.0,15.0,1.0,1.0,280.0,426.0,6000.0,50.0,351.7,4103.0,0.086,372.5,1339.0,0.22,0.362,0.362,1030.0,1030.0
human,paladin,android_enhancement,overclock,m100,1,1.0,1.0,50.0,15.0,1.0,1.0,280.0,426.0,6000.0,50.0,357.8,4103.0,0.087,75.1,140.6,0.02,0.073,0.095,1030.0,1030.0
human,paladin,android_enhancement,overclock,m100,3,1.0,1.0,50.0,15.0,1.0,1.0,280.0,426.0,6000.0,50.0,356.7,4103.0,0.087,176.5,435.2,0.07,0.171,0.171,1030.0,1030.0
human,paladin,android_enhancement,overclock,m100,5,1.0,1.0,50.0,15.0,1.0,1.0,280.0,426.0,6000.0,50.0,351.7,4103.0,0.086,294.1,903.8,0.15,0.286,0.286,1030.0,1030.0
human,paladin,android_enhancement,overclock,m100,7,1.0,1.0,50.0,15.0,1.0,1.0,280.0,426.0,6000.0,50.0,351.7,4103.0,0.086,372.5,1339.0,0.22,0.362,0.362,1030.0,1030.0
human,paladin,android_enhancement,overheat,m0,1,50.0,50.0,1.0,5.0,1.0,25.0,14000.0,21300.0,120.0,50.0,884.1,15716.0,0.056,98.0,140.6,0.01,0.095,0.095,1030.0,1030.0
human,paladin,android_enhancement,overheat,m0,3,50.0,50.0,1.0,5.0,1.0,25.0,14000.0,21300.0,120.0,50.0,862.0,15716.0,0.055,176.5,435.2,0.02,0.171,0.171,1030.0,1030.0
human,paladin,android_enhancement,overheat,m0,5,50.0,50.0,1.0,5.0,1.0,25.0,14000.0,21300.0,120.0,50.0,761.4,15716.0,0.048,294.1,903.8,0.04,0.286,0.286,1030.0,1030.0
human,paladin,android_enhancement,overheat,m0,7,50.0,50.0,1.0,5.0,1.0,25.0,14000.0,21300.0,120.0,50.0,761.4,15716.0,0.048,372.5,1339.0,0.06,0.362,0.362,1030.0,1030.0
human,paladin,android_enhancement,overheat,m100,1,50.0,50.0,1.0,5.0,1.0,25.0,14000.0,21300.0,120.0,50.0,884.1,15716.0,0.056,98.0,140.6,0.01,0.095,0.095,1030.0,1030.0
human,paladin,android_enhancement,overheat,m100,3,50.0,50.0,1.0,5.0,1.0,25.0,14000.0,21300.0,120.0,50.0,862.0,15716.0,0.055,176.5,435.2,0.02,0.171,0.171,1030.0,1030.0
human,paladin,android_enhancement,overheat,m100,5,50.0,50.0,1.0,5.0,1.0,25.0,14000.0,21300.0,120.0,50.0,761.4,15716.0,0.048,294.1,903.8,0.04,0.286,0.286,1030.0,1030.0
human,paladin,android_enhancement,overheat,m100,7,50.0,50.0,1.0,5.0,1.0,25.0,14000.0,21300.0,120.0,50.0,761.4,15716.0,0.048,372.5,1339.0,0.06,0.362,0.362,1030.0,1030.0
human,paladin,androidforms,androidbase,m0,1,1.5,1.5,2.75,2.0,2.0,2.0,420.0,639.0,330.0,2.75,436.4,514.2,0.849,91.6,225.8,0.35,0.045,0.065,1654.3,2040.0
human,paladin,androidforms,androidbase,m0,3,1.5,1.5,2.75,2.0,2.0,2.0,420.0,639.0,330.0,2.75,467.2,514.2,0.909,192.0,689.4,1.08,0.094,0.118,1631.6,2040.0
human,paladin,androidforms,androidbase,m0,5,1.5,1.5,2.75,2.0,2.0,2.0,420.0,639.0,330.0,2.75,399.9,514.2,0.778,316.5,1415.9,2.22,0.155,0.196,1613.5,2040.0
human,paladin,androidforms,androidbase,m0,7,1.5,1.5,2.75,2.0,2.0,2.0,420.0,639.0,330.0,2.75,399.9,514.2,0.778,400.9,2097.6,3.28,0.197,0.248,1613.5,2040.0
human,paladin,androidforms,androidbase,m100,1,2.25,2.25,4.12,3.0,3.0,3.0,630.0,958.5,495.0,4.12,536.0,771.3,0.695,112.6,294.3,0.31,0.037,0.07,2156.3,3050.0
human,paladin,androidforms,androidbase,m100,3,2.25,2.25,4.12,3.0,3.0,3.0,630.0,958.5,495.0,4.12,595.7,771.3,0.772,264.8,893.8,0.93,0.087,0.125,2115.5,3050.0
human,paladin,androidforms,androidbase,m100,5,2.25,2.25,4.12,3.0,3.0,3.0,630.0,958.5,495.0,4.12,465.1,771.3,0.603,434.6,1827.9,1.91,0.143,0.209,2083.0,3050.0
human,paladin,androidforms,androidbase,m100,7,2.25,2.25,4.12,3.0,3.0,3.0,630.0,958.5,495.0,4.12,465.1,771.3,0.603,550.5,2707.9,2.83,0.181,0.264,2083.0,3050.0
human,paladin,androidforms,superandroid,m0,1,9.0,9.0,14.5,2.0,2.0,13.0,2520.0,3834.0,1740.0,14.5,736.3,3025.8,0.243,131.8,218.2,0.06,0.065,0.082,1598.3,2040.0
human,paladin,androidforms,superandroid,m0,3,9.0,9.0,14.5,2.0,2.0,13.0,2520.0,3834.0,1740.0,14.5,662.4,3025.8,0.219,237.2,675.3,0.18,0.116,0.148,1598.3,2040.0
human,paladin,androidforms,superandroid,m0,5,9.0,9.0,14.5,2.0,2.0,13.0,2520.0,3834.0,1740.0,14.5,599.6,3025.8,0.198,395.4,1402.5,0.37,0.194,0.247,1598.3,2040.0
human,paladin,androidforms,superandroid,m0,7,9.0,9.0,14.5,2.0,2.0,13.0,2520.0,3834.0,1740.0,14.5,599.6,3025.8,0.198,500.8,2077.7,0.54,0.246,0.313,1598.3,2040.0
human,paladin,androidforms,superandroid,m100,1,13.5,13.5,21.75,3.0,3.0,19.5,3780.0,5751.0,2610.0,21.75,773.5,4538.6,0.17,162.4,259.9,0.05,0.053,0.087,1903.7,3050.0
human,paladin,androidforms,superandroid,m100,3,13.5,13.5,21.75,3.0,3.0,19.5,3780.0,5751.0,2610.0,21.75,711.3,4538.6,0.157,296.8,804.3,0.14,0.097,0.156,1903.7,3050.0
human,paladin,androidforms,superandroid,m100,5,13.5,13.5,21.75,3.0,3.0,19.5,3780.0,5751.0,2610.0,21.75,639.2,4538.6,0.141,494.7,1670.5,0.29,0.162,0.26,1903.7,3050.0
human,paladin,androidforms,superandroid,m100,7,13.5,13.5,21.75,3.0,3.0,19.5,3780.0,5751.0,2610.0,21.75,639.2,4538.6,0.141,626.7,2474.9,0.43,0.205,0.329,1903.7,3050.0
human,paladin,androidforms,fusedandroid,m0,1,19.0,19.0,23.0,2.0,2.0,23.0,5320.0,8094.0,2760.0,23.0,833.1,6277.8,0.133,136.3,213.4,0.03,0.067,0.087,1563.3,2040.0
human,paladin,androidforms,fusedandroid,m0,3,19.0,19.0,23.0,2.0,2.0,23.0,5320.0,8094.0,2760.0,23.0,765.6,6277.8,0.122,245.4,660.5,0.08,0.12,0.157,1563.3,2040.0
human,paladin,androidforms,fusedandroid,m0,5,19.0,19.0,23.0,2.0,2.0,23.0,5320.0,8094.0,2760.0,23.0,683.3,6277.8,0.109,409.0,1371.8,0.17,0.2,0.262,1563.3,2040.0
human,paladin,androidforms,fusedandroid,m0,7,19.0,19.0,23.0,2.0,2.0,23.0,5320.0,8094.0,2760.0,23.0,683.3,6277.8,0.109,518.0,2032.3,0.25,0.254,0.331,1563.3,2040.0
human,paladin,androidforms,fusedandroid,m100,1,28.5,28.5,34.5,3.0,3.0,34.5,7980.0,12141.0,4140.0,34.5,857.6,9416.6,0.091,166.0,248.0,0.02,0.054,0.091,1816.9,3050.0
human,paladin,androidforms,fusedandroid,m100,3,28.5,28.5,34.5,3.0,3.0,34.5,7980.0,12141.0,4140.0,34.5,811.5,9416.6,0.086,298.8,767.6,0.06,0.098,0.164,1816.9,3050.0
human,paladin,androidforms,fusedandroid,m100,5,28.5,28.5,34.5,3.0,3.0,34.5,7980.0,12141.0,4140.0,34.5,720.5,9416.6,0.077,498.0,1594.3,0.13,0.163,0.274,1816.9,3050.0
human,paladin,androidforms,fusedandroid,m100,7,28.5,28.5,34.5,3.0,3.0,34.5,7980.0,12141.0,4140.0,34.5,720.5,9416.6,0.077,630.8,2362.0,0.19,0.207,0.347,1816.9,3050.0
human,paladin,human_god_forms,god_human,m0,1,1.0,1.0,1.0,1.0,1.0,1.0,280.0,426.0,120.0,1.0,330.5,330.5,1.0,61.8,140.6,0.33,0.06,0.06,1030.0,1030.0
human,paladin,human_god_forms,god_human,m0,3,1.0,1.0,1.0,1.0,1.0,1.0,280.0,426.0,120.0,1.0,330.5,330.5,1.0,102.0,435.2,1.02,0.099,0.099,1030.0,1030.0
human,paladin,human_god_forms,god_human,m0,5,1.0,1.0,1.0,1.0,1.0,1.0,280.0,426.0,120.0,1.0,330.5,330.5,1.0,170.0,903.8,2.12,0.165,0.165,1030.0,1030.0
human,paladin,human_god_forms,god_human,m0,7,1.0,1.0,1.0,1.0,1.0,1.0,280.0,426.0,120.0,1.0,330.5,330.5,1.0,215.3,1339.0,3.14,0.209,0.209,1030.0,1030.0
human,paladin,human_god_forms,god_human,m100,1,1.0,1.0,1.0,1.0,1.0,1.0,280.0,426.0,120.0,1.0,330.5,330.5,1.0,61.8,140.6,0.33,0.06,0.06,1030.0,1030.0
human,paladin,human_god_forms,god_human,m100,3,1.0,1.0,1.0,1.0,1.0,1.0,280.0,426.0,120.0,1.0,330.5,330.5,1.0,102.0,435.2,1.02,0.099,0.099,1030.0,1030.0
human,paladin,human_god_forms,god_human,m100,5,1.0,1.0,1.0,1.0,1.0,1.0,280.0,426.0,120.0,1.0,330.5,330.5,1.0,170.0,903.8,2.12,0.165,0.165,1030.0,1030.0
human,paladin,human_god_forms,god_human,m100,7,1.0,1.0,1.0,1.0,1.0,1.0,280.0,426.0,120.0,1.0,330.5,330.5,1.0,215.3,1339.0,3.14,0.209,0.209,1030.0,1030.0
human,paladin,human_god_forms,transcendent_human,m0,1,1.0,1.0,1.0,1.0,1.0,1.0,280.0,426.0,120.0,1.0,330.5,330.5,1.0,61.8,140.6,0.33,0.06,0.06,1030.0,1030.0
human,paladin,human_god_forms,transcendent_human,m0,3,1.0,1.0,1.0,1.0,1.0,1.0,280.0,426.0,120.0,1.0,330.5,330.5,1.0,102.0,435.2,1.02,0.099,0.099,1030.0,1030.0
human,paladin,human_god_forms,transcendent_human,m0,5,1.0,1.0,1.0,1.0,1.0,1.0,280.0,426.0,120.0,1.0,330.5,330.5,1.0,170.0,903.8,2.12,0.165,0.165,1030.0,1030.0
human,paladin,human_god_forms,transcendent_human,m0,7,1.0,1.0,1.0,1.0,1.0,1.0,280.0,426.0,120.0,1.0,330.5,330.5,1.0,215.3,1339.0,3.14,0.209,0.209,1030.0,1030.0
human,paladin,human_god_forms,transcendent_human,m100,1,1.0,1.0,1.0,1.0,1.0,1.0,280.0,426.0,120.0,1.0,330.5,330.5,1.0,61.8,140.6,0.33,0.06,0.06,1030.0,1030.0
human,paladin,human_god_forms,transcendent_human,m100,3,1.0,1.0,1.0,1.0,1.0,1.0,280.0,426.0,120.0,1.0,330.5,330.5,1.0,102.0,435.2,1.02,0.099,0.099,1030.0,1030.0
human,paladin,human_god_forms,transcendent_human,m100,5,1.0,1.0,1.0,1.0,1.0,1.0,280.0,426.0,120.0,1.0,330.5,330.5,1.0,170.0,903.8,2.12,0.165,0.165,1030.0,1030.0
human,paladin,human_god_forms,transcendent_human,m100,7,1.0,1.0,1.0,1.0,1.0,1.0,280.0,426.0,120.0,1.0,330.5,330.5,1.0,215.3,1339.0,3.14,0.209,0.209,1030.0,1030.0
human,paladin,legendaryforms,shiyoken,m0,1,3.4,3.4,3.4,1.0,1.0,2.62,952.0,1448.4,408.0,3.4,648.3,1115.8,0.581,69.6,140.6,0.1,0.068,0.068,1030.0,1030.0
human,paladin,legendaryforms,shiyoken,m0,3,3.4,3.4,3.4,1.0,1.0,2.62,952.0,1448.4,408.0,3.4,740.6,1115.8,0.664,125.3,435.2,0.3,0.122,0.122,1030.0,1030.0
human,paladin,legendaryforms,shiyoken,m0,5,3.4,3.4,3.4,1.0,1.0,2.62,952.0,1448.4,408.0,3.4,538.7,1115.8,0.483,208.8,903.8,0.62,0.203,0.203,1030.0,1030.0
human,paladin,legendaryforms,shiyoken,m0,7,3.4,3.4,3.4,1.0,1.0,2.62,952.0,1448.4,408.0,3.4,538.7,1115.8,0.483,264.5,1339.0,0.92,0.257,0.257,1030.0,1030.0
human,paladin,legendaryforms,shiyoken,m100,1,5.1,5.1,5.1,1.0,1.0,3.94,1428.0,2172.6,612.0,5.1,805.5,1672.1,0.482,73.9,140.6,0.06,0.072,0.072,1030.0,1030.0
human,paladin,legendaryforms,shiyoken,m100,3,5.1,5.1,5.1,1.0,1.0,3.94,1428.0,2172.6,612.0,5.1,943.3,1672.1,0.564,133.0,435.2,0.2,0.129,0.129,1030.0,1030.0
human,paladin,legendaryforms,shiyoken,m100,5,5.1,5.1,5.1,1.0,1.0,3.94,1428.0,2172.6,612.0,5.1,641.6,1672.1,0.384,221.6,903.8,0.42,0.215,0.215,1030.0,1030.0
human,paladin,legendaryforms,shiyoken,m100,7,5.1,5.1,5.1,1.0,1.0,3.94,1428.0,2172.6,612.0,5.1,641.6,1672.1,0.384,280.8,1339.0,0.62,0.273,0.273,1030.0,1030.0
human,paladin,legendaryforms,shin_shiyoken,m0,1,9.3,9.3,9.3,1.0,1.0,9.25,2604.0,3961.8,1116.0,9.3,763.5,3046.4,0.251,80.2,140.6,0.04,0.078,0.078,1030.0,1030.0
human,paladin,legendaryforms,shin_shiyoken,m0,3,9.3,9.3,9.3,1.0,1.0,9.25,2604.0,3961.8,1116.0,9.3,680.3,3046.4,0.223,144.4,435.2,0.11,0.14,0.14,1030.0,1030.0
human,paladin,legendaryforms,shin_shiyoken,m0,5,9.3,9.3,9.3,1.0,1.0,9.25,2604.0,3961.8,1116.0,9.3,614.1,3046.4,0.202,240.7,903.8,0.23,0.234,0.234,1030.0,1030.0
human,paladin,legendaryforms,shin_shiyoken,m0,7,9.3,9.3,9.3,1.0,1.0,9.25,2604.0,3961.8,1116.0,9.3,614.1,3046.4,0.202,304.9,1339.0,0.34,0.296,0.296,1030.0,1030.0
human,paladin,legendaryforms,shin_shiyoken,m100,1,13.95,13.95,13.95,1.0,1.0,13.88,3906.0,5942.7,1674.0,13.95,828.0,4568.0,0.181,84.5,140.6,0.02,0.082,0.082,1030.0,1030.0
human,paladin,legendaryforms,shin_shiyoken,m100,3,13.95,13.95,13.95,1.0,1.0,13.88,3906.0,5942.7,1674.0,13.95,735.6,4568.0,0.161,152.1,435.2,0.07,0.148,0.148,1030.0,1030.0
human,paladin,legendaryforms,shin_shiyoken,m100,5,13.95,13.95,13.95,1.0,1.0,13.88,3906.0,5942.7,1674.0,13.95,659.0,4568.0,0.144,253.6,903.8,0.15,0.246,0.246,1030.0,1030.0
human,paladin,legendaryforms,shin_shiyoken,m100,7,13.95,13.95,13.95,1.0,1.0,13.88,3906.0,5942.7,1674.0,13.95,659.0,4568.0,0.144,321.2,1339.0,0.23,0.312,0.312,1030.0,1030.0
human,paladin,legendaryforms,chou_shiyoken,m0,1,14.0,14.0,15.0,1.0,1.0,12.62,3920.0,5964.0,1800.0,15.0,820.3,4597.9,0.178,85.3,140.6,0.02,0.083,0.083,1030.0,1030.0
human,paladin,legendaryforms,chou_shiyoken,m0,3,14.0,14.0,15.0,1.0,1.0,12.62,3920.0,5964.0,1800.0,15.0,732.8,4597.9,0.159,153.5,435.2,0.07,0.149,0.149,1030.0,1030.0
human,paladin,legendaryforms,chou_shiyoken,m0,5,14.0,14.0,15.0,1.0,1.0,12.62,3920.0,5964.0,1800.0,15.0,656.7,4597.9,0.143,255.9,903.8,0.15,0.248,0.248,1030.0,1030.0
human,paladin,legendaryforms,chou_shiyoken,m0,7,14.0,14.0,15.0,1.0,1.0,12.62,3920.0,5964.0,1800.0,15.0,656.7,4597.9,0.143,324.1,1339.0,0.22,0.315,0.315,1030.0,1030.0
human,paladin,legendaryforms,chou_shiyoken,m100,1,21.0,21.0,22.5,1.0,1.0,18.94,5880.0,8946.0,2700.0,22.5,855.7,6895.2,0.124,89.6,140.6,0.02,0.087,0.087,1030.0,1030.0
human,paladin,legendaryforms,chou_shiyoken,m100,3,21.0,21.0,22.5,1.0,1.0,18.94,5880.0,8946.0,2700.0,22.5,783.9,6895.2,0.114,161.2,435.2,0.05,0.157,0.157,1030.0,1030.0
human,paladin,legendaryforms,chou_shiyoken,m100,5,21.0,21.0,22.5,1.0,1.0,18.94,5880.0,8946.0,2700.0,22.5,698.1,6895.2,0.101,268.7,903.8,0.1,0.261,0.261,1030.0,1030.0
human,paladin,legendaryforms,chou_shiyoken,m100,7,21.0,21.0,22.5,1.0,1.0,18.94,5880.0,8946.0,2700.0,22.5,698.1,6895.2,0.101,340.4,1339.0,0.15,0.33,0.33,1030.0,1030.0
human,paladin,superforms,buffed,m0,1,3.6,3.75,3.45,1.0,1.0,3.38,1008.0,1597.5,414.0,3.75,679.9,1221.6,0.557,70.6,140.6,0.09,0.069,0.069,1030.0,1030.0
human,paladin,superforms,buffed,m0,3,3.6,3.75,3.45,1.0,1.0,3.38,1008.0,1597.5,414.0,3.75,781.3,1221.6,0.64,127.1,435.2,0.27,0.123,0.123,1030.0,1030.0
human,paladin,superforms,buffed,m0,5,3.6,3.75,3.45,1.0,1.0,3.38,1008.0,1597.5,414.0,3.75,559.4,1221.6,0.458,211.9,903.8,0.57,0.206,0.206,1030.0,1030.0
human,paladin,superforms,buffed,m0,7,3.6,3.75,3.45,1.0,1.0,3.38,1008.0,1597.5,414.0,3.75,559.4,1221.6,0.458,268.4,1339.0,0.84,0.261,0.261,1030.0,1030.0
human,paladin,superforms,buffed,m100,1,5.4,5.62,5.18,1.0,1.0,5.06,1512.0,2396.2,621.0,5.62,847.0,1830.7,0.463,74.9,140.6,0.06,0.073,0.073,1030.0,1030.0
human,paladin,superforms,buffed,m100,3,5.4,5.62,5.18,1.0,1.0,5.06,1512.0,2396.2,621.0,5.62,996.9,1830.7,0.545,134.9,435.2,0.18,0.131,0.131,1030.0,1030.0
human,paladin,superforms,buffed,m100,5,5.4,5.62,5.18,1.0,1.0,5.06,1512.0,2396.2,621.0,5.62,668.8,1830.7,0.365,224.8,903.8,0.38,0.218,0.218,1030.0,1030.0
human,paladin,superforms,buffed,m100,7,5.4,5.62,5.18,1.0,1.0,5.06,1512.0,2396.2,621.0,5.62,668.8,1830.7,0.365,284.7,1339.0,0.56,0.276,0.276,1030.0,1030.0
human,paladin,superforms,fullpower,m0,1,6.1,6.25,6.9,1.0,1.0,5.81,1708.0,2662.5,828.0,6.9,691.7,2052.4,0.337,77.1,140.6,0.05,0.075,0.075,1030.0,1030.0
human,paladin,superforms,fullpower,m0,3,6.1,6.25,6.9,1.0,1.0,5.81,1708.0,2662.5,828.0,6.9,622.3,2052.4,0.303,138.7,435.2,0.16,0.135,0.135,1030.0,1030.0
human,paladin,superforms,fullpower,m0,5,6.1,6.25,6.9,1.0,1.0,5.81,1708.0,2662.5,828.0,6.9,567.1,2052.4,0.276,231.2,903.8,0.34,0.225,0.225,1030.0,1030.0
human,paladin,superforms,fullpower,m0,7,6.1,6.25,6.9,1.0,1.0,5.81,1708.0,2662.5,828.0,6.9,567.1,2052.4,0.276,292.9,1339.0,0.5,0.284,0.284,1030.0,1030.0
human,paladin,superforms,fullpower,m100,1,9.15,9.38,10.35,1.0,1.0,8.72,2562.0,3993.8,1242.0,10.35,760.3,3077.0,0.247,81.4,140.6,0.04,0.079,0.079,1030.0,1030.0
human,paladin,superforms,fullpower,m100,3,9.15,9.38,10.35,1.0,1.0,8.72,2562.0,3993.8,1242.0,10.35,677.7,3077.0,0.22,146.5,435.2,0.11,0.142,0.142,1030.0,1030.0
human,paladin,superforms,fullpower,m100,5,9.15,9.38,10.35,1.0,1.0,8.72,2562.0,3993.8,1242.0,10.35,612.0,3077.0,0.199,244.1,903.8,0.23,0.237,0.237,1030.0,1030.0
human,paladin,superforms,fullpower,m100,7,9.15,9.38,10.35,1.0,1.0,8.72,2562.0,3993.8,1242.0,10.35,612.0,3077.0,0.199,309.2,1339.0,0.34,0.3,0.3,1030.0,1030.0
human,paladin,superforms,overdrive,m0,1,9.85,9.0,9.6,1.0,1.0,9.44,2758.0,3834.0,1152.0,9.85,756.0,2983.1,0.253,80.8,140.6,0.04,0.078,0.078,1030.0,1030.0
human,paladin,superforms,overdrive,m0,3,9.85,9.0,9.6,1.0,1.0,9.44,2758.0,3834.0,1152.0,9.85,674.2,2983.1,0.226,145.5,435.2,0.11,0.141,0.141,1030.0,1030.0
human,paladin,superforms,overdrive,m0,5,9.85,9.0,9.6,1.0,1.0,9.44,2758.0,3834.0,1152.0,9.85,609.2,2983.1,0.204,242.5,903.8,0.24,0.235,0.235,1030.0,1030.0
human,paladin,superforms,overdrive,m0,7,9.85,9.0,9.6,1.0,1.0,9.44,2758.0,3834.0,1152.0,9.85,609.2,2983.1,0.204,307.2,1339.0,0.35,0.298,0.298,1030.0,1030.0
human,paladin,superforms,overdrive,m100,1,14.77,13.5,14.4,1.0,1.0,14.16,4137.0,5751.0,1728.0,14.77,815.9,4473.1,0.182,85.1,140.6,0.02,0.083,0.083,1030.0,1030.0
human,paladin,superforms,overdrive,m100,3,14.77,13.5,14.4,1.0,1.0,14.16,4137.0,5751.0,1728.0,14.77,728.4,4473.1,0.163,153.2,435.2,0.08,0.149,0.149,1030.0,1030.0
human,paladin,superforms,overdrive,m100,5,14.77,13.5,14.4,1.0,1.0,14.16,4137.0,5751.0,1728.0,14.77,653.1,4473.1,0.146,255.4,903.8,0.16,0.248,0.248,1030.0,1030.0
human,paladin,superforms,overdrive,m100,7,14.77,13.5,14.4,1.0,1.0,14.16,4137.0,5751.0,1728.0,14.77,653.1,4473.1,0.146,323.5,1339.0,0.23,0.314,0.314,1030.0,1030.0
human,paladin,superforms,solaris,m0,1,14.25,14.5,14.75,1.0,1.0,12.88,3990.0,6177.0,1770.0,14.75,829.6,4743.5,0.175,85.1,140.6,0.02,0.083,0.083,1030.0,1030.0
human,paladin,superforms,solaris,m0,3,14.25,14.5,14.75,1.0,1.0,12.88,3990.0,6177.0,1770.0,14.75,739.6,4743.5,0.156,153.2,435.2,0.07,0.149,0.149,1030.0,1030.0
human,paladin,superforms,solaris,m0,5,14.25,14.5,14.75,1.0,1.0,12.88,3990.0,6177.0,1770.0,14.75,662.2,4743.5,0.14,255.3,903.8,0.15,0.248,0.248,1030.0,1030.0
human,paladin,superforms,solaris,m0,7,14.25,14.5,14.75,1.0,1.0,12.88,3990.0,6177.0,1770.0,14.75,662.2,4743.5,0.14,323.4,1339.0,0.22,0.314,0.314,1030.0,1030.0
human,paladin,superforms,solaris,m100,1,21.38,21.75,22.12,1.0,1.0,19.31,5985.0,9265.5,2655.0,22.12,865.4,7113.6,0.122,89.4,140.6,0.02,0.087,0.087,1030.0,1030.0
human,paladin,superforms,solaris,m100,3,21.38,21.75,22.12,1.0,1.0,19.31,5985.0,9265.5,2655.0,22.12,791.3,7113.6,0.111,160.9,435.2,0.05,0.156,0.156,1030.0,1030.0
human,paladin,superforms,solaris,m100,5,21.38,21.75,22.12,1.0,1.0,19.31,5985.0,9265.5,2655.0,22.12,704.1,7113.6,0.099,268.2,903.8,0.1,0.26,0.26,1030.0,1030.0
human,paladin,superforms,solaris,m100,7,21.38,21.75,22.12,1.0,1.0,19.31,5985.0,9265.5,2655.0,22.12,704.1,7113.6,0.099,339.7,1339.0,0.14,0.33,0.33,1030.0,1030.0
human,tank,base,Base,m0,1,1.0,1.0,1.0,1.0,1.0,1.0,120.0,140.0,50.0,1.0,113.3,113.3,1.0,23.8,245.0,1.75,0.013,0.06,1795.0,1795.0
human,tank,base,Base,m0,3,1.0,1.0,1.0,1.0,1.0,1.0,120.0,140.0,50.0,1.0,113.3,113.3,1.0,73.7,758.4,5.42,0.041,0.099,1795.0,1795.0
human,tank,base,Base,m0,5,1.0,1.0,1.0,1.0,1.0,1.0,120.0,140.0,50.0,1.0,113.3,113.3,1.0,153.0,1575.1,11.25,0.085,0.165,1795.0,1795.0
human,tank,base,Base,m0,7,1.0,1.0,1.0,1.0,1.0,1.0,120.0,140.0,50.0,1.0,113.3,113.3,1.0,226.6,2333.5,16.67,0.126,0.209,1795.0,1795.0
human,tank,android_enhancement,overclock,m0,1,1.0,1.0,50.0,15.0,1.0,1.0,120.0,140.0,2500.0,50.0,124.8,1707.1,0.073,26.2,245.0,0.1,0.015,0.095,1795.0,1795.0
human,tank,android_enhancement,overclock,m0,3,1.0,1.0,50.0,15.0,1.0,1.0,120.0,140.0,2500.0,50.0,124.3,1707.1,0.073,80.8,758.4,0.3,0.045,0.171,1795.0,1795.0
human,tank,android_enhancement,overclock,m0,5,1.0,1.0,50.0,15.0,1.0,1.0,120.0,140.0,2500.0,50.0,122.3,1707.1,0.072,174.9,1575.1,0.63,0.097,0.286,1795.0,1795.0
human,tank,android_enhancement,overclock,m0,7,1.0,1.0,50.0,15.0,1.0,1.0,120.0,140.0,2500.0,50.0,122.3,1707.1,0.072,269.0,2333.5,0.93,0.15,0.362,1795.0,1795.0
human,tank,android_enhancement,overclock,m100,1,1.0,1.0,50.0,15.0,1.0,1.0,120.0,140.0,2500.0,50.0,124.8,1707.1,0.073,26.2,245.0,0.1,0.015,0.095,1795.0,1795.0
human,tank,android_enhancement,overclock,m100,3,1.0,1.0,50.0,15.0,1.0,1.0,120.0,140.0,2500.0,50.0,124.3,1707.1,0.073,80.8,758.4,0.3,0.045,0.171,1795.0,1795.0
human,tank,android_enhancement,overclock,m100,5,1.0,1.0,50.0,15.0,1.0,1.0,120.0,140.0,2500.0,50.0,122.3,1707.1,0.072,174.9,1575.1,0.63,0.097,0.286,1795.0,1795.0
human,tank,android_enhancement,overclock,m100,7,1.0,1.0,50.0,15.0,1.0,1.0,120.0,140.0,2500.0,50.0,122.3,1707.1,0.072,269.0,2333.5,0.93,0.15,0.362,1795.0,1795.0
human,tank,android_enhancement,overheat,m0,1,50.0,50.0,1.0,5.0,1.0,25.0,6000.0,7000.0,50.0,50.0,301.1,5325.3,0.057,63.2,245.0,0.04,0.035,0.095,1795.0,1795.0
human,tank,android_enhancement,overheat,m0,3,50.0,50.0,1.0,5.0,1.0,25.0,6000.0,7000.0,50.0,50.0,293.6,5325.3,0.055,190.8,758.4,0.11,0.106,0.171,1795.0,1795.0
human,tank,android_enhancement,overheat,m0,5,50.0,50.0,1.0,5.0,1.0,25.0,6000.0,7000.0,50.0,50.0,259.5,5325.3,0.049,371.3,1575.1,0.23,0.207,0.286,1795.0,1795.0
human,tank,android_enhancement,overheat,m0,7,50.0,50.0,1.0,5.0,1.0,25.0,6000.0,7000.0,50.0,50.0,259.5,5325.3,0.049,570.8,2333.5,0.33,0.318,0.362,1795.0,1795.0
human,tank,android_enhancement,overheat,m100,1,50.0,50.0,1.0,5.0,1.0,25.0,6000.0,7000.0,50.0,50.0,301.1,5325.3,0.057,63.2,245.0,0.04,0.035,0.095,1795.0,1795.0
human,tank,android_enhancement,overheat,m100,3,50.0,50.0,1.0,5.0,1.0,25.0,6000.0,7000.0,50.0,50.0,293.6,5325.3,0.055,190.8,758.4,0.11,0.106,0.171,1795.0,1795.0
human,tank,android_enhancement,overheat,m100,5,50.0,50.0,1.0,5.0,1.0,25.0,6000.0,7000.0,50.0,50.0,259.5,5325.3,0.049,371.3,1575.1,0.23,0.207,0.286,1795.0,1795.0
human,tank,android_enhancement,overheat,m100,7,50.0,50.0,1.0,5.0,1.0,25.0,6000.0,7000.0,50.0,50.0,259.5,5325.3,0.049,570.8,2333.5,0.33,0.318,0.362,1795.0,1795.0
human,tank,androidforms,androidbase,m0,1,1.5,1.5,2.75,2.0,2.0,2.0,180.0,210.0,137.5,2.75,150.2,177.7,0.845,31.5,395.2,1.88,0.009,0.065,2895.0,3570.0
human,tank,androidforms,androidbase,m0,3,1.5,1.5,2.75,2.0,2.0,2.0,180.0,210.0,137.5,2.75,160.9,177.7,0.905,104.6,1206.4,5.74,0.029,0.118,2855.3,3570.0
human,tank,androidforms,androidbase,m0,5,1.5,1.5,2.75,2.0,2.0,2.0,180.0,210.0,137.5,2.75,137.5,177.7,0.773,196.7,2477.8,11.8,0.055,0.196,2823.7,3570.0
human,tank,androidforms,androidbase,m0,7,1.5,1.5,2.75,2.0,2.0,2.0,180.0,210.0,137.5,2.75,137.5,177.7,0.773,302.4,3670.8,17.48,0.085,0.248,2823.7,3570.0
human,tank,androidforms,androidbase,m100,1,2.25,2.25,4.12,3.0,3.0,3.0,270.0,315.0,206.2,4.12,184.5,266.6,0.692,38.7,515.8,1.64,0.007,0.07,3778.8,5345.0
human,tank,androidforms,androidbase,m100,3,2.25,2.25,4.12,3.0,3.0,3.0,270.0,315.0,206.2,4.12,205.1,266.6,0.769,133.3,1566.3,4.97,0.025,0.125,3707.3,5345.0
human,tank,androidforms,androidbase,m100,5,2.25,2.25,4.12,3.0,3.0,3.0,270.0,315.0,206.2,4.12,159.9,266.6,0.6,228.9,3203.2,10.17,0.043,0.209,3650.4,5345.0
human,tank,androidforms,androidbase,m100,7,2.25,2.25,4.12,3.0,3.0,3.0,270.0,315.0,206.2,4.12,159.9,266.6,0.6,351.8,4745.5,15.07,0.066,0.264,3650.4,5345.0
human,tank,androidforms,superandroid,m0,1,9.0,9.0,14.5,2.0,2.0,13.0,1080.0,1260.0,725.0,14.5,252.5,1040.7,0.243,53.0,381.8,0.3,0.015,0.082,2797.0,3570.0
human,tank,androidforms,superandroid,m0,3,9.0,9.0,14.5,2.0,2.0,13.0,1080.0,1260.0,725.0,14.5,227.2,1040.7,0.218,147.7,1181.7,0.94,0.041,0.148,2797.0,3570.0
human,tank,androidforms,superandroid,m0,5,9.0,9.0,14.5,2.0,2.0,13.0,1080.0,1260.0,725.0,14.5,205.7,1040.7,0.198,294.3,2454.3,1.95,0.082,0.247,2797.0,3570.0
human,tank,androidforms,superandroid,m0,7,9.0,9.0,14.5,2.0,2.0,13.0,1080.0,1260.0,725.0,14.5,205.7,1040.7,0.198,452.4,3636.0,2.89,0.127,0.313,2797.0,3570.0
human,tank,androidforms,superandroid,m100,1,13.5,13.5,21.75,3.0,3.0,19.5,1620.0,1890.0,1087.5,21.75,265.3,1561.0,0.17,55.7,455.4,0.24,0.01,0.087,3336.2,5345.0
human,tank,androidforms,superandroid,m100,3,13.5,13.5,21.75,3.0,3.0,19.5,1620.0,1890.0,1087.5,21.75,244.0,1561.0,0.156,158.6,1409.6,0.75,0.03,0.156,3336.2,5345.0
human,tank,androidforms,superandroid,m100,5,13.5,13.5,21.75,3.0,3.0,19.5,1620.0,1890.0,1087.5,21.75,219.2,1561.0,0.14,313.7,2927.5,1.55,0.059,0.26,3336.2,5345.0
human,tank,androidforms,superandroid,m100,7,13.5,13.5,21.75,3.0,3.0,19.5,1620.0,1890.0,1087.5,21.75,219.2,1561.0,0.14,482.3,4337.1,2.29,0.09,0.329,3336.2,5345.0
human,tank,androidforms,fusedandroid,m0,1,19.0,19.0,23.0,2.0,2.0,23.0,2280.0,2660.0,1150.0,23.0,285.4,2151.0,0.133,59.9,373.4,0.14,0.017,0.087,2735.8,3570.0
human,tank,androidforms,fusedandroid,m0,3,19.0,19.0,23.0,2.0,2.0,23.0,2280.0,2660.0,1150.0,23.0,262.3,2151.0,0.122,170.5,1155.9,0.43,0.048,0.157,2735.8,3570.0
human,tank,androidforms,fusedandroid,m0,5,19.0,19.0,23.0,2.0,2.0,23.0,2280.0,2660.0,1150.0,23.0,234.1,2151.0,0.109,335.1,2400.6,0.9,0.094,0.262,2735.8,3570.0
human,tank,androidforms,fusedandroid,m0,7,19.0,19.0,23.0,2.0,2.0,23.0,2280.0,2660.0,1150.0,23.0,234.1,2151.0,0.109,515.1,3556.5,1.34,0.144,0.331,2735.8,3570.0
human,tank,androidforms,fusedandroid,m100,1,28.5,28.5,34.5,3.0,3.0,34.5,3420.0,3990.0,1725.0,34.5,293.9,3226.5,0.091,61.7,434.6,0.11,0.012,0.091,3184.0,5345.0
human,tank,androidforms,fusedandroid,m100,3,28.5,28.5,34.5,3.0,3.0,34.5,3420.0,3990.0,1725.0,34.5,278.1,3226.5,0.086,180.8,1345.2,0.34,0.034,0.164,3184.0,5345.0
human,tank,androidforms,fusedandroid,m100,5,28.5,28.5,34.5,3.0,3.0,34.5,3420.0,3990.0,1725.0,34.5,246.9,3226.5,0.077,353.3,2794.0,0.7,0.066,0.274,3184.0,5345.0
human,tank,androidforms,fusedandroid,m100,7,28.5,28.5,34.5,3.0,3.0,34.5,3420.0,3990.0,1725.0,34.5,246.9,3226.5,0.077,543.2,4139.2,1.04,0.102,0.347,3184.0,5345.0
human,tank,human_god_forms,god_human,m0,1,1.0,1.0,1.0,1.0,1.0,1.0,120.0,140.0,50.0,1.0,113.3,113.3,1.0,23.8,245.0,1.75,0.013,0.06,1795.0,1795.0
human,tank,human_god_forms,god_human,m0,3,1.0,1.0,1.0,1.0,1.0,1.0,120.0,140.0,50.0,1.0,113.3,113.3,1.0,73.7,758.4,5.42,0.041,0.099,1795.0,1795.0
human,tank,human_god_forms,god_human,m0,5,1.0,1.0,1.0,1.0,1.0,1.0,120.0,140.0,50.0,1.0,113.3,113.3,1.0,153.0,1575.1,11.25,0.085,0.165,1795.0,1795.0
human,tank,human_god_forms,god_human,m0,7,1.0,1.0,1.0,1.0,1.0,1.0,120.0,140.0,50.0,1.0,113.3,113.3,1.0,226.6,2333.5,16.67,0.126,0.209,1795.0,1795.0
human,tank,human_god_forms,god_human,m100,1,1.0,1.0,1.0,1.0,1.0,1.0,120.0,140.0,50.0,1.0,113.3,113.3,1.0,23.8,245.0,1.75,0.013,0.06,1795.0,1795.0
human,tank,human_god_forms,god_human,m100,3,1.0,1.0,1.0,1.0,1.0,1.0,120.0,140.0,50.0,1.0,113.3,113.3,1.0,73.7,758.4,5.42,0.041,0.099,1795.0,1795.0
human,tank,human_god_forms,god_human,m100,5,1.0,1.0,1.0,1.0,1.0,1.0,120.0,140.0,50.0,1.0,113.3,113.3,1.0,153.0,1575.1,11.25,0.085,0.165,1795.0,1795.0
human,tank,human_god_forms,god_human,m100,7,1.0,1.0,1.0,1.0,1.0,1.0,120.0,140.0,50.0,1.0,113.3,113.3,1.0,226.6,2333.5,16.67,0.126,0.209,1795.0,1795.0
human,tank,human_god_forms,transcendent_human,m0,1,1.0,1.0,1.0,1.0,1.0,1.0,120.0,140.0,50.0,1.0,113.3,113.3,1.0,23.8,245.0,1.75,0.013,0.06,1795.0,1795.0
human,tank,human_god_forms,transcendent_human,m0,3,1.0,1.0,1.0,1.0,1.0,1.0,120.0,140.0,50.0,1.0,113.3,113.3,1.0,73.7,758.4,5.42,0.041,0.099,1795.0,1795.0
human,tank,human_god_forms,transcendent_human,m0,5,1.0,1.0,1.0,1.0,1.0,1.0,120.0,140.0,50.0,1.0,113.3,113.3,1.0,153.0,1575.1,11.25,0.085,0.165,1795.0,1795.0
human,tank,human_god_forms,transcendent_human,m0,7,1.0,1.0,1.0,1.0,1.0,1.0,120.0,140.0,50.0,1.0,113.3,113.3,1.0,226.6,2333.5,16.67,0.126,0.209,1795.0,1795.0
human,tank,human_god_forms,transcendent_human,m100,1,1.0,1.0,1.0,1.0,1.0,1.0,120.0,140.0,50.0,1.0,113.3,113.3,1.0,23.8,245.0,1.75,0.013,0.06,1795.0,1795.0
human,tank,human_god_forms,transcendent_human,m100,3,1.0,1.0,1.0,1.0,1.0,1.0,120.0,140.0,50.0,1.0,113.3,113.3,1.0,73.7,758.4,5.42,0.041,0.099,1795.0,1795.0
human,tank,human_god_forms,transcendent_human,m100,5,1.0,1.0,1.0,1.0,1.0,1.0,120.0,140.0,50.0,1.0,113.3,113.3,1.0,153.0,1575.1,11.25,0.085,0.165,1795.0,1795.0
human,tank,human_god_forms,transcendent_human,m100,7,1.0,1.0,1.0,1.0,1.0,1.0,120.0,140.0,50.0,1.0,113.3,113.3,1.0,226.6,2333.5,16.67,0.126,0.209,1795.0,1795.0
human,tank,legendaryforms,shiyoken,m0,1,3.4,3.4,3.4,1.0,1.0,2.62,408.0,476.0,170.0,3.4,222.0,381.8,0.581,46.6,245.0,0.51,0.026,0.068,1795.0,1795.0
human,tank,legendaryforms,shiyoken,m0,3,3.4,3.4,3.4,1.0,1.0,2.62,408.0,476.0,170.0,3.4,253.5,381.8,0.664,164.8,758.4,1.59,0.092,0.122,1795.0,1795.0
human,tank,legendaryforms,shiyoken,m0,5,3.4,3.4,3.4,1.0,1.0,2.62,408.0,476.0,170.0,3.4,184.5,381.8,0.483,264.0,1575.1,3.31,0.147,0.203,1795.0,1795.0
human,tank,legendaryforms,shiyoken,m0,7,3.4,3.4,3.4,1.0,1.0,2.62,408.0,476.0,170.0,3.4,184.5,381.8,0.483,405.9,2333.5,4.9,0.226,0.257,1795.0,1795.0
human,tank,legendaryforms,shiyoken,m100,1,5.1,5.1,5.1,1.0,1.0,3.94,612.0,714.0,255.0,5.1,275.7,572.0,0.482,57.9,245.0,0.34,0.032,0.072,1795.0,1795.0
human,tank,legendaryforms,shiyoken,m100,3,5.1,5.1,5.1,1.0,1.0,3.94,612.0,714.0,255.0,5.1,322.8,572.0,0.564,209.8,758.4,1.06,0.117,0.129,1795.0,1795.0
human,tank,legendaryforms,shiyoken,m100,5,5.1,5.1,5.1,1.0,1.0,3.94,612.0,714.0,255.0,5.1,219.7,572.0,0.384,314.4,1575.1,2.21,0.175,0.215,1795.0,1795.0
human,tank,legendaryforms,shiyoken,m100,7,5.1,5.1,5.1,1.0,1.0,3.94,612.0,714.0,255.0,5.1,219.7,572.0,0.384,483.3,2333.5,3.27,0.269,0.273,1795.0,1795.0
human,tank,legendaryforms,shin_shiyoken,m0,1,9.3,9.3,9.3,1.0,1.0,9.25,1116.0,1302.0,465.0,9.3,261.4,1041.9,0.251,54.9,245.0,0.19,0.031,0.078,1795.0,1795.0
human,tank,legendaryforms,shin_shiyoken,m0,3,9.3,9.3,9.3,1.0,1.0,9.25,1116.0,1302.0,465.0,9.3,232.9,1041.9,0.224,151.4,758.4,0.58,0.084,0.14,1795.0,1795.0
human,tank,legendaryforms,shin_shiyoken,m0,5,9.3,9.3,9.3,1.0,1.0,9.25,1116.0,1302.0,465.0,9.3,210.3,1041.9,0.202,300.9,1575.1,1.21,0.168,0.234,1795.0,1795.0
human,tank,legendaryforms,shin_shiyoken,m0,7,9.3,9.3,9.3,1.0,1.0,9.25,1116.0,1302.0,465.0,9.3,210.3,1041.9,0.202,462.6,2333.5,1.79,0.258,0.296,1795.0,1795.0
human,tank,legendaryforms,shin_shiyoken,m100,1,13.95,13.95,13.95,1.0,1.0,13.88,1674.0,1953.0,697.5,13.95,283.4,1562.1,0.181,59.5,245.0,0.13,0.033,0.082,1795.0,1795.0
human,tank,legendaryforms,shin_shiyoken,m100,3,13.95,13.95,13.95,1.0,1.0,13.88,1674.0,1953.0,697.5,13.95,251.8,1562.1,0.161,163.7,758.4,0.39,0.091,0.148,1795.0,1795.0
human,tank,legendaryforms,shin_shiyoken,m100,5,13.95,13.95,13.95,1.0,1.0,13.88,1674.0,1953.0,697.5,13.95,225.6,1562.1,0.144,322.9,1575.1,0.81,0.18,0.246,1795.0,1795.0
human,tank,legendaryforms,shin_shiyoken,m100,7,13.95,13.95,13.95,1.0,1.0,13.88,1674.0,1953.0,697.5,13.95,225.6,1562.1,0.144,496.4,2333.5,1.19,0.277,0.312,1795.0,1795.0
human,tank,legendaryforms,chou_shiyoken,m0,1,14.0,14.0,15.0,1.0,1.0,12.62,1680.0,1960.0,750.0,15.0,280.8,1573.3,0.178,59.0,245.0,0.13,0.033,0.083,1795.0,1795.0
human,tank,legendaryforms,chou_shiyoken,m0,3,14.0,14.0,15.0,1.0,1.0,12.62,1680.0,1960.0,750.0,15.0,250.9,1573.3,0.159,163.1,758.4,0.39,0.091,0.149,1795.0,1795.0
human,tank,legendaryforms,chou_shiyoken,m0,5,14.0,14.0,15.0,1.0,1.0,12.62,1680.0,1960.0,750.0,15.0,224.9,1573.3,0.143,321.8,1575.1,0.8,0.179,0.248,1795.0,1795.0
human,tank,legendaryforms,chou_shiyoken,m0,7,14.0,14.0,15.0,1.0,1.0,12.62,1680.0,1960.0,750.0,15.0,224.9,1573.3,0.143,494.7,2333.5,1.19,0.276,0.315,1795.0,1795.0
human,tank,legendaryforms,chou_shiyoken,m100,1,21.0,21.0,22.5,1.0,1.0,18.94,2520.0,2940.0,1125.0,22.5,292.9,2359.3,0.124,61.5,245.0,0.08,0.034,0.087,1795.0,1795.0
human,tank,legendaryforms,chou_shiyoken,m100,3,21.0,21.0,22.5,1.0,1.0,18.94,2520.0,2940.0,1125.0,22.5,268.4,2359.3,0.114,174.5,758.4,0.26,0.097,0.157,1795.0,1795.0
human,tank,legendaryforms,chou_shiyoken,m100,5,21.0,21.0,22.5,1.0,1.0,18.94,2520.0,2940.0,1125.0,22.5,239.0,2359.3,0.101,342.1,1575.1,0.54,0.191,0.261,1795.0,1795.0
human,tank,legendaryforms,chou_shiyoken,m100,7,21.0,21.0,22.5,1.0,1.0,18.94,2520.0,2940.0,1125.0,22.5,239.0,2359.3,0.101,525.9,2333.5,0.79,0.293,0.33,1795.0,1795.0
human,tank,superforms,buffed,m0,1,3.6,3.75,3.45,1.0,1.0,3.38,432.0,525.0,172.5,3.75,232.6,417.3,0.557,48.8,245.0,0.47,0.027,0.069,1795.0,1795.0
human,tank,superforms,buffed,m0,3,3.6,3.75,3.45,1.0,1.0,3.38,432.0,525.0,172.5,3.75,267.2,417.3,0.64,173.7,758.4,1.44,0.097,0.123,1795.0,1795.0
human,tank,superforms,buffed,m0,5,3.6,3.75,3.45,1.0,1.0,3.38,432.0,525.0,172.5,3.75,191.4,417.3,0.459,273.9,1575.1,3.0,0.153,0.206,1795.0,1795.0
human,tank,superforms,buffed,m0,7,3.6,3.75,3.45,1.0,1.0,3.38,432.0,525.0,172.5,3.75,191.4,417.3,0.459,421.2,2333.5,4.44,0.235,0.261,1795.0,1795.0
human,tank,superforms,buffed,m100,1,5.4,5.62,5.18,1.0,1.0,5.06,648.0,787.5,258.8,5.62,289.6,625.2,0.463,60.8,245.0,0.31,0.034,0.073,1795.0,1795.0
human,tank,superforms,buffed,m100,3,5.4,5.62,5.18,1.0,1.0,5.06,648.0,787.5,258.8,5.62,340.8,625.2,0.545,221.5,758.4,0.96,0.123,0.131,1795.0,1795.0
human,tank,superforms,buffed,m100,5,5.4,5.62,5.18,1.0,1.0,5.06,648.0,787.5,258.8,5.62,228.8,625.2,0.366,327.4,1575.1,2.0,0.182,0.218,1795.0,1795.0
human,tank,superforms,buffed,m100,7,5.4,5.62,5.18,1.0,1.0,5.06,648.0,787.5,258.8,5.62,228.8,625.2,0.366,496.1,2333.5,2.96,0.276,0.276,1795.0,1795.0
human,tank,superforms,fullpower,m0,1,6.1,6.25,6.9,1.0,1.0,5.81,732.0,875.0,345.0,6.9,236.8,702.3,0.337,49.7,245.0,0.28,0.028,0.075,1795.0,1795.0
human,tank,superforms,fullpower,m0,3,6.1,6.25,6.9,1.0,1.0,5.81,732.0,875.0,345.0,6.9,213.1,702.3,0.303,138.5,758.4,0.87,0.077,0.135,1795.0,1795.0
human,tank,superforms,fullpower,m0,5,6.1,6.25,6.9,1.0,1.0,5.81,732.0,875.0,345.0,6.9,194.2,702.3,0.277,277.9,1575.1,1.8,0.155,0.225,1795.0,1795.0
human,tank,superforms,fullpower,m0,7,6.1,6.25,6.9,1.0,1.0,5.81,732.0,875.0,345.0,6.9,194.2,702.3,0.277,427.3,2333.5,2.67,0.238,0.284,1795.0,1795.0
human,tank,superforms,fullpower,m100,1,9.15,9.38,10.35,1.0,1.0,8.72,1098.0,1312.5,517.5,10.35,260.3,1052.7,0.247,54.7,245.0,0.19,0.03,0.079,1795.0,1795.0
human,tank,superforms,fullpower,m100,3,9.15,9.38,10.35,1.0,1.0,8.72,1098.0,1312.5,517.5,10.35,232.1,1052.7,0.22,150.8,758.4,0.58,0.084,0.142,1795.0,1795.0
human,tank,superforms,fullpower,m100,5,9.15,9.38,10.35,1.0,1.0,8.72,1098.0,1312.5,517.5,10.35,209.6,1052.7,0.199,299.9,1575.1,1.2,0.167,0.237,1795.0,1795.0
human,tank,superforms,fullpower,m100,7,9.15,9.38,10.35,1.0,1.0,8.72,1098.0,1312.5,517.5,10.35,209.6,1052.7,0.199,461.1,2333.5,1.78,0.257,0.3,1795.0,1795.0
human,tank,superforms,overdrive,m0,1,9.85,9.0,9.6,1.0,1.0,9.44,1182.0,1260.0,480.0,9.85,259.0,1023.2,0.253,54.4,245.0,0.19,0.03,0.078,1795.0,1795.0
human,tank,superforms,overdrive,m0,3,9.85,9.0,9.6,1.0,1.0,9.44,1182.0,1260.0,480.0,9.85,231.0,1023.2,0.226,150.2,758.4,0.6,0.084,0.141,1795.0,1795.0
human,tank,superforms,overdrive,m0,5,9.85,9.0,9.6,1.0,1.0,9.44,1182.0,1260.0,480.0,9.85,208.7,1023.2,0.204,298.7,1575.1,1.25,0.166,0.235,1795.0,1795.0
human,tank,superforms,overdrive,m0,7,9.85,9.0,9.6,1.0,1.0,9.44,1182.0,1260.0,480.0,9.85,208.7,1023.2,0.204,459.2,2333.5,1.85,0.256,0.298,1795.0,1795.0
human,tank,superforms,overdrive,m100,1,14.77,13.5,14.4,1.0,1.0,14.16,1773.0,1890.0,720.0,14.77,279.5,1534.0,0.182,58.7,245.0,0.13,0.033,0.083,1795.0,1795.0
human,tank,superforms,overdrive,m100,3,14.77,13.5,14.4,1.0,1.0,14.16,1773.0,1890.0,720.0,14.77,249.6,1534.0,0.163,162.2,758.4,0.4,0.09,0.149,1795.0,1795.0
human,tank,superforms,overdrive,m100,5,14.77,13.5,14.4,1.0,1.0,14.16,1773.0,1890.0,720.0,14.77,223.8,1534.0,0.146,320.2,1575.1,0.83,0.178,0.248,1795.0,1795.0
human,tank,superforms,overdrive,m100,7,14.77,13.5,14.4,1.0,1.0,14.16,1773.0,1890.0,720.0,14.77,223.8,1534.0,0.146,492.3,2333.5,1.23,0.274,0.314,1795.0,1795.0
human,tank,superforms,solaris,m0,1,14.25,14.5,14.75,1.0,1.0,12.88,1710.0,2030.0,737.5,14.75,283.9,1621.7,0.175,59.6,245.0,0.12,0.033,0.083,1795.0,1795.0
human,tank,superforms,solaris,m0,3,14.25,14.5,14.75,1.0,1.0,12.88,1710.0,2030.0,737.5,14.75,253.2,1621.7,0.156,164.6,758.4,0.37,0.092,0.149,1795.0,1795.0
human,tank,superforms,solaris,m0,5,14.25,14.5,14.75,1.0,1.0,12.88,1710.0,2030.0,737.5,14.75,226.7,1621.7,0.14,324.4,1575.1,0.78,0.181,0.248,1795.0,1795.0
human,tank,superforms,solaris,m0,7,14.25,14.5,14.75,1.0,1.0,12.88,1710.0,2030.0,737.5,14.75,226.7,1621.7,0.14,498.8,2333.5,1.15,0.278,0.314,1795.0,1795.0
human,tank,superforms,solaris,m100,1,21.38,21.75,22.12,1.0,1.0,19.31,2565.0,3045.0,1106.2,22.12,296.2,2431.8,0.122,62.2,245.0,0.08,0.035,0.087,1795.0,1795.0
human,tank,superforms,solaris,m100,3,21.38,21.75,22.12,1.0,1.0,19.31,2565.0,3045.0,1106.2,22.12,270.8,2431.8,0.111,176.1,758.4,0.25,0.098,0.156,1795.0,1795.0
human,tank,superforms,solaris,m100,5,21.38,21.75,22.12,1.0,1.0,19.31,2565.0,3045.0,1106.2,22.12,241.0,2431.8,0.099,344.9,1575.1,0.52,0.192,0.26,1795.0,1795.0
human,tank,superforms,solaris,m100,7,21.38,21.75,22.12,1.0,1.0,19.31,2565.0,3045.0,1106.2,22.12,241.0,2431.8,0.099,530.3,2333.5,0.77,0.295,0.33,1795.0,1795.0
majin,cleric,base,Base,m0,1,1.0,1.0,1.0,1.0,1.0,1.0,50.0,75.0,640.0,1.0,462.8,462.8,1.0,37.2,84.6,0.13,0.06,0.06,620.0,620.0
majin,cleric,base,Base,m0,3,1.0,1.0,1.0,1.0,1.0,1.0,50.0,75.0,640.0,1.0,462.8,462.8,1.0,61.4,261.9,0.41,0.099,0.099,620.0,620.0
majin,cleric,base,Base,m0,5,1.0,1.0,1.0,1.0,1.0,1.0,50.0,75.0,640.0,1.0,462.8,462.8,1.0,102.3,544.1,0.85,0.165,0.165,620.0,620.0
majin,cleric,base,Base,m0,7,1.0,1.0,1.0,1.0,1.0,1.0,50.0,75.0,640.0,1.0,462.8,462.8,1.0,129.6,806.0,1.26,0.209,0.209,620.0,620.0
majin,cleric,custom_forms,dark_oath,m0,1,1.0,1.0,1.0,1.0,1.0,1.0,50.0,75.0,640.0,1.0,462.8,462.8,1.0,37.2,84.6,0.13,0.06,0.06,620.0,620.0
majin,cleric,custom_forms,dark_oath,m0,3,1.0,1.0,1.0,1.0,1.0,1.0,50.0,75.0,640.0,1.0,462.8,462.8,1.0,61.4,261.9,0.41,0.099,0.099,620.0,620.0
majin,cleric,custom_forms,dark_oath,m0,5,1.0,1.0,1.0,1.0,1.0,1.0,50.0,75.0,640.0,1.0,462.8,462.8,1.0,102.3,544.1,0.85,0.165,0.165,620.0,620.0
majin,cleric,custom_forms,dark_oath,m0,7,1.0,1.0,1.0,1.0,1.0,1.0,50.0,75.0,640.0,1.0,462.8,462.8,1.0,129.6,806.0,1.26,0.209,0.209,620.0,620.0
majin,cleric,custom_forms,dark_oath,m100,1,1.0,1.0,1.0,1.0,1.0,1.0,50.0,75.0,640.0,1.0,462.8,462.8,1.0,37.2,84.6,0.13,0.06,0.06,620.0,620.0
majin,cleric,custom_forms,dark_oath,m100,3,1.0,1.0,1.0,1.0,1.0,1.0,50.0,75.0,640.0,1.0,462.8,462.8,1.0,61.4,261.9,0.41,0.099,0.099,620.0,620.0
majin,cleric,custom_forms,dark_oath,m100,5,1.0,1.0,1.0,1.0,1.0,1.0,50.0,75.0,640.0,1.0,462.8,462.8,1.0,102.3,544.1,0.85,0.165,0.165,620.0,620.0
majin,cleric,custom_forms,dark_oath,m100,7,1.0,1.0,1.0,1.0,1.0,1.0,50.0,75.0,640.0,1.0,462.8,462.8,1.0,129.6,806.0,1.26,0.209,0.209,620.0,620.0
majin,cleric,custom_forms,malicious_intent,m0,1,1.0,1.0,1.0,1.0,1.0,1.0,50.0,75.0,640.0,1.0,462.8,462.8,1.0,37.2,84.6,0.13,0.06,0.06,620.0,620.0
majin,cleric,custom_forms,malicious_intent,m0,3,1.0,1.0,1.0,1.0,1.0,1.0,50.0,75.0,640.0,1.0,462.8,462.8,1.0,61.4,261.9,0.41,0.099,0.099,620.0,620.0
majin,cleric,custom_forms,malicious_intent,m0,5,1.0,1.0,1.0,1.0,1.0,1.0,50.0,75.0,640.0,1.0,462.8,462.8,1.0,102.3,544.1,0.85,0.165,0.165,620.0,620.0
majin,cleric,custom_forms,malicious_intent,m0,7,1.0,1.0,1.0,1.0,1.0,1.0,50.0,75.0,640.0,1.0,462.8,462.8,1.0,129.6,806.0,1.26,0.209,0.209,620.0,620.0
majin,cleric,custom_forms,malicious_intent,m100,1,1.0,1.0,1.0,1.0,1.0,1.0,50.0,75.0,640.0,1.0,462.8,462.8,1.0,37.2,84.6,0.13,0.06,0.06,620.0,620.0
majin,cleric,custom_forms,malicious_intent,m100,3,1.0,1.0,1.0,1.0,1.0,1.0,50.0,75.0,640.0,1.0,462.8,462.8,1.0,61.4,261.9,0.41,0.099,0.099,620.0,620.0
majin,cleric,custom_forms,malicious_intent,m100,5,1.0,1.0,1.0,1.0,1.0,1.0,50.0,75.0,640.0,1.0,462.8,462.8,1.0,102.3,544.1,0.85,0.165,0.165,620.0,620.0
majin,cleric,custom_forms,malicious_intent,m100,7,1.0,1.0,1.0,1.0,1.0,1.0,50.0,75.0,640.0,1.0,462.8,462.8,1.0,129.6,806.0,1.26,0.209,0.209,620.0,620.0
majin,cleric,legendaryforms,innocencedemon,m0,1,3.4,3.4,3.4,1.0,1.0,2.62,170.0,255.0,2176.0,3.4,888.3,1514.1,0.587,41.9,84.6,0.04,0.068,0.068,620.0,620.0
majin,cleric,legendaryforms,innocencedemon,m0,3,3.4,3.4,3.4,1.0,1.0,2.62,170.0,255.0,2176.0,3.4,1011.8,1514.1,0.668,75.4,261.9,0.12,0.122,0.122,620.0,620.0
majin,cleric,legendaryforms,innocencedemon,m0,5,3.4,3.4,3.4,1.0,1.0,2.62,170.0,255.0,2176.0,3.4,741.5,1514.1,0.49,125.7,544.1,0.25,0.203,0.203,620.0,620.0
majin,cleric,legendaryforms,innocencedemon,m0,7,3.4,3.4,3.4,1.0,1.0,2.62,170.0,255.0,2176.0,3.4,741.5,1514.1,0.49,159.2,806.0,0.37,0.257,0.257,620.0,620.0
majin,cleric,legendaryforms,innocencedemon,m100,1,5.1,5.1,5.1,1.0,1.0,3.94,255.0,382.5,3264.0,5.1,1098.7,2258.8,0.486,44.5,84.6,0.03,0.072,0.072,620.0,620.0
majin,cleric,legendaryforms,innocencedemon,m100,3,5.1,5.1,5.1,1.0,1.0,3.94,255.0,382.5,3264.0,5.1,1283.2,2258.8,0.568,80.1,261.9,0.08,0.129,0.129,620.0,620.0
majin,cleric,legendaryforms,innocencedemon,m100,5,5.1,5.1,5.1,1.0,1.0,3.94,255.0,382.5,3264.0,5.1,879.3,2258.8,0.389,133.4,544.1,0.17,0.215,0.215,620.0,620.0
majin,cleric,legendaryforms,innocencedemon,m100,7,5.1,5.1,5.1,1.0,1.0,3.94,255.0,382.5,3264.0,5.1,879.3,2258.8,0.389,169.0,806.0,0.25,0.273,0.273,620.0,620.0
majin,cleric,legendaryforms,giantinnocencedemon,m0,1,8.3,8.3,8.3,1.0,1.0,8.25,415.0,622.5,5312.0,8.3,1016.2,3660.6,0.278,47.6,84.6,0.02,0.077,0.077,620.0,620.0
majin,cleric,legendaryforms,giantinnocencedemon,m0,3,8.3,8.3,8.3,1.0,1.0,8.25,415.0,622.5,5312.0,8.3,909.8,3660.6,0.249,85.6,261.9,0.05,0.138,0.138,620.0,620.0
majin,cleric,legendaryforms,giantinnocencedemon,m0,5,8.3,8.3,8.3,1.0,1.0,8.25,415.0,622.5,5312.0,8.3,825.3,3660.6,0.225,142.7,544.1,0.1,0.23,0.23,620.0,620.0
majin,cleric,legendaryforms,giantinnocencedemon,m0,7,8.3,8.3,8.3,1.0,1.0,8.25,415.0,622.5,5312.0,8.3,825.3,3660.6,0.225,180.8,806.0,0.15,0.292,0.292,620.0,620.0
majin,cleric,legendaryforms,giantinnocencedemon,m100,1,12.45,12.45,12.45,1.0,1.0,12.38,622.5,933.8,7968.0,12.45,1108.8,5478.6,0.202,50.2,84.6,0.01,0.081,0.081,620.0,620.0
majin,cleric,legendaryforms,giantinnocencedemon,m100,3,12.45,12.45,12.45,1.0,1.0,12.38,622.5,933.8,7968.0,12.45,984.7,5478.6,0.18,90.3,261.9,0.03,0.146,0.146,620.0,620.0
majin,cleric,legendaryforms,giantinnocencedemon,m100,5,12.45,12.45,12.45,1.0,1.0,12.38,622.5,933.8,7968.0,12.45,885.9,5478.6,0.162,150.5,544.1,0.07,0.243,0.243,620.0,620.0
majin,cleric,legendaryforms,giantinnocencedemon,m100,7,12.45,12.45,12.45,1.0,1.0,12.38,622.5,933.8,7968.0,12.45,885.9,5478.6,0.162,190.6,806.0,0.1,0.307,0.307,620.0,620.0
majin,cleric,legendaryforms,superdemon,m0,1,14.5,14.5,14.0,1.0,1.0,13.62,725.0,1087.5,8960.0,14.5,1123.7,6164.6,0.182,51.1,84.6,0.01,0.082,0.082,620.0,620.0
majin,cleric,legendaryforms,superdemon,m0,3,14.5,14.5,14.0,1.0,1.0,13.62,725.0,1087.5,8960.0,14.5,1003.4,6164.6,0.163,92.0,261.9,0.03,0.148,0.148,620.0,620.0
majin,cleric,legendaryforms,superdemon,m0,5,14.5,14.5,14.0,1.0,1.0,13.62,725.0,1087.5,8960.0,14.5,901.1,6164.6,0.146,153.4,544.1,0.06,0.247,0.247,620.0,620.0
majin,cleric,legendaryforms,superdemon,m0,7,14.5,14.5,14.0,1.0,1.0,13.62,725.0,1087.5,8960.0,14.5,901.1,6164.6,0.146,194.3,806.0,0.09,0.313,0.313,620.0,620.0
majin,cleric,legendaryforms,superdemon,m100,1,21.75,21.75,21.0,1.0,1.0,20.44,1087.5,1631.2,13440.0,21.75,1172.2,9234.6,0.127,53.7,88.0,0.01,0.087,0.087,620.0,620.0
majin,cleric,legendaryforms,superdemon,m100,3,21.75,21.75,21.0,1.0,1.0,20.44,1087.5,1631.2,13440.0,21.75,1072.7,9234.6,0.116,96.7,261.9,0.02,0.156,0.156,620.0,620.0
majin,cleric,legendaryforms,superdemon,m100,5,21.75,21.75,21.0,1.0,1.0,20.44,1087.5,1631.2,13440.0,21.75,957.3,9234.6,0.104,161.1,544.1,0.04,0.26,0.26,620.0,620.0
majin,cleric,legendaryforms,superdemon,m100,7,21.75,21.75,21.0,1.0,1.0,20.44,1087.5,1631.2,13440.0,21.75,957.3,9234.6,0.104,204.1,806.0,0.06,0.329,0.329,620.0,620.0
majin,cleric,pureforms,kid,m0,1,3.75,3.75,3.75,1.0,1.0,3.5,187.5,281.2,2400.0,3.75,934.1,1667.4,0.56,42.5,84.6,0.04,0.069,0.069,620.0,620.0
majin,cleric,pureforms,kid,m0,3,3.75,3.75,3.75,1.0,1.0,3.5,187.5,281.2,2400.0,3.75,1070.8,1667.4,0.642,76.5,261.9,0.11,0.123,0.123,620.0,620.0
majin,cleric,pureforms,kid,m0,5,3.75,3.75,3.75,1.0,1.0,3.5,187.5,281.2,2400.0,3.75,771.5,1667.4,0.463,127.5,544.1,0.23,0.206,0.206,620.0,620.0
majin,cleric,pureforms,kid,m0,7,3.75,3.75,3.75,1.0,1.0,3.5,187.5,281.2,2400.0,3.75,771.5,1667.4,0.463,161.6,806.0,0.34,0.261,0.261,620.0,620.0
majin,cleric,pureforms,kid,m100,1,5.62,5.62,5.62,1.0,1.0,5.25,281.2,421.9,3600.0,5.62,1158.8,2488.8,0.466,45.1,87.0,0.02,0.073,0.073,620.0,620.0
majin,cleric,pureforms,kid,m100,3,5.62,5.62,5.62,1.0,1.0,5.25,281.2,421.9,3600.0,5.62,1360.8,2488.8,0.547,81.2,261.9,0.07,0.131,0.131,620.0,620.0
majin,cleric,pureforms,kid,m100,5,5.62,5.62,5.62,1.0,1.0,5.25,281.2,421.9,3600.0,5.62,918.7,2488.8,0.369,135.3,544.1,0.15,0.218,0.218,620.0,620.0
majin,cleric,pureforms,kid,m100,7,5.62,5.62,5.62,1.0,1.0,5.25,281.2,421.9,3600.0,5.62,918.7,2488.8,0.369,171.4,806.0,0.22,0.276,0.276,620.0,620.0
majin,cleric,pureforms,evil,m0,1,6.25,6.25,6.25,1.0,1.0,6.0,312.5,468.8,4000.0,6.25,950.2,2762.6,0.344,45.8,84.6,0.02,0.074,0.074,620.0,620.0
majin,cleric,pureforms,evil,m0,3,6.25,6.25,6.25,1.0,1.0,6.0,312.5,468.8,4000.0,6.25,856.5,2762.6,0.31,82.4,261.9,0.07,0.133,0.133,620.0,620.0
majin,cleric,pureforms,evil,m0,5,6.25,6.25,6.25,1.0,1.0,6.0,312.5,468.8,4000.0,6.25,782.0,2762.6,0.283,137.3,544.1,0.14,0.221,0.221,620.0,620.0
majin,cleric,pureforms,evil,m0,7,6.25,6.25,6.25,1.0,1.0,6.0,312.5,468.8,4000.0,6.25,782.0,2762.6,0.283,173.9,806.0,0.2,0.281,0.281,620.0,620.0
majin,cleric,pureforms,evil,m100,1,9.38,9.38,9.38,1.0,1.0,9.0,468.8,703.1,6000.0,9.38,1044.3,4131.5,0.253,48.3,84.6,0.01,0.078,0.078,620.0,620.0
majin,cleric,pureforms,evil,m100,3,9.38,9.38,9.38,1.0,1.0,9.0,468.8,703.1,6000.0,9.38,932.6,4131.5,0.226,87.0,261.9,0.04,0.14,0.14,620.0,620.0
majin,cleric,pureforms,evil,m100,5,9.38,9.38,9.38,1.0,1.0,9.0,468.8,703.1,6000.0,9.38,843.7,4131.5,0.204,145.0,544.1,0.09,0.234,0.234,620.0,620.0
majin,cleric,pureforms,evil,m100,7,9.38,9.38,9.38,1.0,1.0,9.0,468.8,703.1,6000.0,9.38,843.7,4131.5,0.204,183.7,806.0,0.13,0.296,0.296,620.0,620.0
majin,cleric,pureforms,super,m0,1,10.0,10.0,10.0,1.0,1.0,9.56,500.0,750.0,6400.0,10.0,1059.1,4405.3,0.24,48.8,84.6,0.01,0.079,0.079,620.0,620.0
majin,cleric,pureforms,super,m0,3,10.0,10.0,10.0,1.0,1.0,9.56,500.0,750.0,6400.0,10.0,944.5,4405.3,0.214,87.8,261.9,0.04,0.142,0.142,620.0,620.0
majin,cleric,pureforms,super,m0,5,10.0,10.0,10.0,1.0,1.0,9.56,500.0,750.0,6400.0,10.0,853.4,4405.3,0.194,146.3,544.1,0.09,0.236,0.236,620.0,620.0
majin,cleric,pureforms,super,m0,7,10.0,10.0,10.0,1.0,1.0,9.56,500.0,750.0,6400.0,10.0,853.4,4405.3,0.194,185.3,806.0,0.13,0.299,0.299,620.0,620.0
majin,cleric,pureforms,super,m100,1,15.0,15.0,15.0,1.0,1.0,14.34,750.0,1125.0,9600.0,15.0,1138.8,6595.6,0.173,51.3,85.5,0.01,0.083,0.083,620.0,620.0
majin,cleric,pureforms,super,m100,3,15.0,15.0,15.0,1.0,1.0,14.34,750.0,1125.0,9600.0,15.0,1018.0,6595.6,0.154,92.4,261.9,0.03,0.149,0.149,620.0,620.0
majin,cleric,pureforms,super,m100,5,15.0,15.0,15.0,1.0,1.0,14.34,750.0,1125.0,9600.0,15.0,913.0,6595.6,0.138,154.0,544.1,0.06,0.248,0.248,620.0,620.0
majin,cleric,pureforms,super,m100,7,15.0,15.0,15.0,1.0,1.0,14.34,750.0,1125.0,9600.0,15.0,913.0,6595.6,0.138,195.1,806.0,0.08,0.315,0.315,620.0,620.0
majin,cleric,pureforms,ultra,m0,1,14.5,14.5,14.25,1.0,1.0,13.0,725.0,1087.5,9120.0,14.5,1129.0,6270.6,0.18,51.1,84.8,0.01,0.082,0.082,620.0,620.0
majin,cleric,pureforms,ultra,m0,3,14.5,14.5,14.25,1.0,1.0,13.0,725.0,1087.5,9120.0,14.5,1007.8,6270.6,0.161,92.0,261.9,0.03,0.148,0.148,620.0,620.0
majin,cleric,pureforms,ultra,m0,5,14.5,14.5,14.25,1.0,1.0,13.0,725.0,1087.5,9120.0,14.5,904.6,6270.6,0.144,153.4,544.1,0.06,0.247,0.247,620.0,620.0
majin,cleric,pureforms,ultra,m0,7,14.5,14.5,14.25,1.0,1.0,13.0,725.0,1087.5,9120.0,14.5,904.6,6270.6,0.144,194.3,806.0,0.09,0.313,0.313,620.0,620.0
majin,cleric,pureforms,ultra,m100,1,21.75,21.75,21.38,1.0,1.0,19.5,1087.5,1631.2,13680.0,21.75,1177.5,9393.6,0.125,53.7,88.4,0.01,0.087,0.087,620.0,620.0
majin,cleric,pureforms,ultra,m100,3,21.75,21.75,21.38,1.0,1.0,19.5,1087.5,1631.2,13680.0,21.75,1077.2,9393.6,0.115,96.7,261.9,0.02,0.156,0.156,620.0,620.0
majin,cleric,pureforms,ultra,m100,5,21.75,21.75,21.38,1.0,1.0,19.5,1087.5,1631.2,13680.0,21.75,961.0,9393.6,0.102,161.1,544.1,0.04,0.26,0.26,620.0,620.0
majin,cleric,pureforms,ultra,m100,7,21.75,21.75,21.38,1.0,1.0,19.5,1087.5,1631.2,13680.0,21.75,961.0,9393.6,0.102,204.1,806.0,0.06,0.329,0.329,620.0,620.0
majin,warrior,base,Base,m0,1,1.0,1.0,1.0,1.0,1.0,1.0,1134.0,200.0,50.0,1.0,782.1,782.1,1.0,44.9,102.2,0.09,0.06,0.06,749.0,749.0
majin,warrior,base,Base,m0,3,1.0,1.0,1.0,1.0,1.0,1.0,1134.0,200.0,50.0,1.0,782.1,782.1,1.0,74.2,316.5,0.28,0.099,0.099,749.0,749.0
majin,warrior,base,Base,m0,5,1.0,1.0,1.0,1.0,1.0,1.0,1134.0,200.0,50.0,1.0,782.1,782.1,1.0,123.6,657.2,0.58,0.165,0.165,749.0,749.0
majin,warrior,base,Base,m0,7,1.0,1.0,1.0,1.0,1.0,1.0,1134.0,200.0,50.0,1.0,782.1,782.1,1.0,156.5,973.7,0.86,0.209,0.209,749.0,749.0
majin,warrior,custom_forms,dark_oath,m0,1,1.0,1.0,1.0,1.0,1.0,1.0,1134.0,200.0,50.0,1.0,782.1,782.1,1.0,44.9,102.2,0.09,0.06,0.06,749.0,749.0
majin,warrior,custom_forms,dark_oath,m0,3,1.0,1.0,1.0,1.0,1.0,1.0,1134.0,200.0,50.0,1.0,782.1,782.1,1.0,74.2,316.5,0.28,0.099,0.099,749.0,749.0
majin,warrior,custom_forms,dark_oath,m0,5,1.0,1.0,1.0,1.0,1.0,1.0,1134.0,200.0,50.0,1.0,782.1,782.1,1.0,123.6,657.2,0.58,0.165,0.165,749.0,749.0
majin,warrior,custom_forms,dark_oath,m0,7,1.0,1.0,1.0,1.0,1.0,1.0,1134.0,200.0,50.0,1.0,782.1,782.1,1.0,156.5,973.7,0.86,0.209,0.209,749.0,749.0
majin,warrior,custom_forms,dark_oath,m100,1,1.0,1.0,1.0,1.0,1.0,1.0,1134.0,200.0,50.0,1.0,782.1,782.1,1.0,44.9,102.2,0.09,0.06,0.06,749.0,749.0
majin,warrior,custom_forms,dark_oath,m100,3,1.0,1.0,1.0,1.0,1.0,1.0,1134.0,200.0,50.0,1.0,782.1,782.1,1.0,74.2,316.5,0.28,0.099,0.099,749.0,749.0
majin,warrior,custom_forms,dark_oath,m100,5,1.0,1.0,1.0,1.0,1.0,1.0,1134.0,200.0,50.0,1.0,782.1,782.1,1.0,123.6,657.2,0.58,0.165,0.165,749.0,749.0
majin,warrior,custom_forms,dark_oath,m100,7,1.0,1.0,1.0,1.0,1.0,1.0,1134.0,200.0,50.0,1.0,782.1,782.1,1.0,156.5,973.7,0.86,0.209,0.209,749.0,749.0
majin,warrior,custom_forms,malicious_intent,m0,1,1.0,1.0,1.0,1.0,1.0,1.0,1134.0,200.0,50.0,1.0,782.1,782.1,1.0,44.9,102.2,0.09,0.06,0.06,749.0,749.0
majin,warrior,custom_forms,malicious_intent,m0,3,1.0,1.0,1.0,1.0,1.0,1.0,1134.0,200.0,50.0,1.0,782.1,782.1,1.0,74.2,316.5,0.28,0.099,0.099,749.0,749.0
majin,warrior,custom_forms,malicious_intent,m0,5,1.0,1.0,1.0,1.0,1.0,1.0,1134.0,200.0,50.0,1.0,782.1,782.1,1.0,123.6,657.2,0.58,0.165,0.165,749.0,749.0
majin,warrior,custom_forms,malicious_intent,m0,7,1.0,1.0,1.0,1.0,1.0,1.0,1134.0,200.0,50.0,1.0,782.1,782.1,1.0,156.5,973.7,0.86,0.209,0.209,749.0,749.0
majin,warrior,custom_forms,malicious_intent,m100,1,1.0,1.0,1.0,1.0,1.0,1.0,1134.0,200.0,50.0,1.0,782.1,782.1,1.0,44.9,102.2,0.09,0.06,0.06,749.0,749.0
majin,warrior,custom_forms,malicious_intent,m100,3,1.0,1.0,1.0,1.0,1.0,1.0,1134.0,200.0,50.0,1.0,782.1,782.1,1.0,74.2,316.5,0.28,0.099,0.099,749.0,749.0
majin,warrior,custom_forms,malicious_intent,m100,5,1.0,1.0,1.0,1.0,1.0,1.0,1134.0,200.0,50.0,1.0,782.1,782.1,1.0,123.6,657.2,0.58,0.165,0.165,749.0,749.0
majin,warrior,custom_forms,malicious_intent,m100,7,1.0,1.0,1.0,1.0,1.0,1.0,1134.0,200.0,50.0,1.0,782.1,782.1,1.0,156.5,973.7,0.86,0.209,0.209,749.0,749.0
majin,warrior,legendaryforms,innocencedemon,m0,1,3.4,3.4,3.4,1.0,1.0,2.62,3855.6,680.0,170.0,3.4,1539.2,2652.7,0.58,50.6,115.6,0.03,0.068,0.068,749.0,749.0
majin,warrior,legendaryforms,innocencedemon,m0,3,3.4,3.4,3.4,1.0,1.0,2.62,3855.6,680.0,170.0,3.4,1759.0,2652.7,0.663,91.1,334.4,0.09,0.122,0.122,749.0,749.0
majin,warrior,legendaryforms,innocencedemon,m0,5,3.4,3.4,3.4,1.0,1.0,2.62,3855.6,680.0,170.0,3.4,1278.0,2652.7,0.482,151.8,657.2,0.17,0.203,0.203,749.0,749.0
majin,warrior,legendaryforms,innocencedemon,m0,7,3.4,3.4,3.4,1.0,1.0,2.62,3855.6,680.0,170.0,3.4,1278.0,2652.7,0.482,192.3,973.7,0.25,0.257,0.257,749.0,749.0
majin,warrior,legendaryforms,innocencedemon,m100,1,5.1,5.1,5.1,1.0,1.0,3.94,5783.4,1020.0,255.0,5.1,1913.5,3977.6,0.481,53.7,139.7,0.02,0.072,0.072,749.0,749.0
majin,warrior,legendaryforms,innocencedemon,m100,3,5.1,5.1,5.1,1.0,1.0,3.94,5783.4,1020.0,255.0,5.1,2241.8,3977.6,0.564,96.7,426.2,0.07,0.129,0.129,749.0,749.0
majin,warrior,legendaryforms,innocencedemon,m100,5,5.1,5.1,5.1,1.0,1.0,3.94,5783.4,1020.0,255.0,5.1,1523.2,3977.6,0.383,161.2,657.2,0.11,0.215,0.215,749.0,749.0
majin,warrior,legendaryforms,innocencedemon,m100,7,5.1,5.1,5.1,1.0,1.0,3.94,5783.4,1020.0,255.0,5.1,1523.2,3977.6,0.383,204.2,973.7,0.17,0.273,0.273,749.0,749.0
majin,warrior,legendaryforms,giantinnocencedemon,m0,1,8.3,8.3,8.3,1.0,1.0,8.25,9412.2,1660.0,415.0,8.3,1766.7,6471.7,0.273,57.5,132.6,0.01,0.077,0.077,749.0,749.0
majin,warrior,legendaryforms,giantinnocencedemon,m0,3,8.3,8.3,8.3,1.0,1.0,8.25,9412.2,1660.0,415.0,8.3,1577.5,6471.7,0.244,103.5,316.5,0.03,0.138,0.138,749.0,749.0
majin,warrior,legendaryforms,giantinnocencedemon,m0,5,8.3,8.3,8.3,1.0,1.0,8.25,9412.2,1660.0,415.0,8.3,1427.1,6471.7,0.221,172.4,657.2,0.07,0.23,0.23,749.0,749.0
majin,warrior,legendaryforms,giantinnocencedemon,m0,7,8.3,8.3,8.3,1.0,1.0,8.25,9412.2,1660.0,415.0,8.3,1427.1,6471.7,0.221,218.4,973.7,0.1,0.292,0.292,749.0,749.0
majin,warrior,legendaryforms,giantinnocencedemon,m100,1,12.45,12.45,12.45,1.0,1.0,12.38,14118.3,2490.0,622.5,12.45,1931.5,9706.2,0.199,60.6,145.0,0.01,0.081,0.081,749.0,749.0
majin,warrior,legendaryforms,giantinnocencedemon,m100,3,12.45,12.45,12.45,1.0,1.0,12.38,14118.3,2490.0,622.5,12.45,1710.7,9706.2,0.176,109.1,325.2,0.02,0.146,0.146,749.0,749.0
majin,warrior,legendaryforms,giantinnocencedemon,m100,5,12.45,12.45,12.45,1.0,1.0,12.38,14118.3,2490.0,622.5,12.45,1535.0,9706.2,0.158,181.8,657.2,0.05,0.243,0.243,749.0,749.0
majin,warrior,legendaryforms,giantinnocencedemon,m100,7,12.45,12.45,12.45,1.0,1.0,12.38,14118.3,2490.0,622.5,12.45,1535.0,9706.2,0.158,230.2,973.7,0.07,0.307,0.307,749.0,749.0
majin,warrior,legendaryforms,superdemon,m0,1,14.5,14.5,14.0,1.0,1.0,13.62,16443.0,2900.0,700.0,14.5,1976.6,11301.2,0.175,61.8,147.3,0.01,0.082,0.082,749.0,749.0
majin,warrior,legendaryforms,superdemon,m0,3,14.5,14.5,14.0,1.0,1.0,13.62,16443.0,2900.0,700.0,14.5,1759.2,11301.2,0.156,111.2,334.5,0.02,0.148,0.148,749.0,749.0
majin,warrior,legendaryforms,superdemon,m0,5,14.5,14.5,14.0,1.0,1.0,13.62,16443.0,2900.0,700.0,14.5,1574.4,11301.2,0.139,185.3,657.2,0.04,0.247,0.247,749.0,749.0
majin,warrior,legendaryforms,superdemon,m0,7,14.5,14.5,14.0,1.0,1.0,13.62,16443.0,2900.0,700.0,14.5,1574.4,11301.2,0.139,234.7,973.7,0.06,0.313,0.313,749.0,749.0
majin,warrior,legendaryforms,superdemon,m100,1,21.75,21.75,21.0,1.0,1.0,20.44,24664.5,4350.0,1050.0,21.75,2062.9,16950.4,0.122,64.9,150.3,0.01,0.087,0.087,749.0,749.0
majin,warrior,legendaryforms,superdemon,m100,3,21.75,21.75,21.0,1.0,1.0,20.44,24664.5,4350.0,1050.0,21.75,1883.1,16950.4,0.111,116.8,358.0,0.01,0.156,0.156,749.0,749.0
majin,warrior,legendaryforms,superdemon,m100,5,21.75,21.75,21.0,1.0,1.0,20.44,24664.5,4350.0,1050.0,21.75,1674.8,16950.4,0.099,194.6,657.2,0.03,0.26,0.26,749.0,749.0
majin,warrior,legendaryforms,superdemon,m100,7,21.75,21.75,21.0,1.0,1.0,20.44,24664.5,4350.0,1050.0,21.75,1674.8,16950.4,0.099,246.6,973.7,0.04,0.329,0.329,749.0,749.0
majin,warrior,pureforms,kid,m0,1,3.75,3.75,3.75,1.0,1.0,3.5,4252.5,750.0,187.5,3.75,1620.6,2925.4,0.554,51.4,121.7,0.03,0.069,0.069,749.0,749.0
majin,warrior,pureforms,kid,m0,3,3.75,3.75,3.75,1.0,1.0,3.5,4252.5,750.0,187.5,3.75,1864.0,2925.4,0.637,92.5,354.4,0.08,0.123,0.123,749.0,749.0
majin,warrior,pureforms,kid,m0,5,3.75,3.75,3.75,1.0,1.0,3.5,4252.5,750.0,187.5,3.75,1331.4,2925.4,0.455,154.1,657.2,0.15,0.206,0.206,749.0,749.0
majin,warrior,pureforms,kid,m0,7,3.75,3.75,3.75,1.0,1.0,3.5,4252.5,750.0,187.5,3.75,1331.4,2925.4,0.455,195.2,973.7,0.23,0.261,0.261,749.0,749.0
majin,warrior,pureforms,kid,m100,1,5.62,5.62,5.62,1.0,1.0,5.25,6378.8,1125.0,281.2,5.62,2020.5,4386.8,0.461,54.5,140.4,0.02,0.073,0.073,749.0,749.0
majin,warrior,pureforms,kid,m100,3,5.62,5.62,5.62,1.0,1.0,5.25,6378.8,1125.0,281.2,5.62,2379.8,4386.8,0.542,98.1,434.5,0.07,0.131,0.131,749.0,749.0
majin,warrior,pureforms,kid,m100,5,5.62,5.62,5.62,1.0,1.0,5.25,6378.8,1125.0,281.2,5.62,1593.3,4386.8,0.363,163.4,657.2,0.1,0.218,0.218,749.0,749.0
majin,warrior,pureforms,kid,m100,7,5.62,5.62,5.62,1.0,1.0,5.25,6378.8,1125.0,281.2,5.62,1593.3,4386.8,0.363,207.0,973.7,0.15,0.276,0.276,749.0,749.0
majin,warrior,pureforms,evil,m0,1,6.25,6.25,6.25,1.0,1.0,6.0,7087.5,1250.0,312.5,6.25,1649.3,4874.0,0.338,55.3,123.8,0.02,0.074,0.074,749.0,749.0
majin,warrior,pureforms,evil,m0,3,6.25,6.25,6.25,1.0,1.0,6.0,7087.5,1250.0,312.5,6.25,1482.7,4874.0,0.304,99.5,316.5,0.04,0.133,0.133,749.0,749.0
majin,warrior,pureforms,evil,m0,5,6.25,6.25,6.25,1.0,1.0,6.0,7087.5,1250.0,312.5,6.25,1350.1,4874.0,0.277,165.9,657.2,0.09,0.221,0.221,749.0,749.0
majin,warrior,pureforms,evil,m0,7,6.25,6.25,6.25,1.0,1.0,6.0,7087.5,1250.0,312.5,6.25,1350.1,4874.0,0.277,210.1,973.7,0.14,0.281,0.281,749.0,749.0
majin,warrior,pureforms,evil,m100,1,9.38,9.38,9.38,1.0,1.0,9.0,10631.2,1875.0,468.8,9.38,1816.7,7309.6,0.249,58.4,136.4,0.01,0.078,0.078,749.0,749.0
majin,warrior,pureforms,evil,m100,3,9.38,9.38,9.38,1.0,1.0,9.0,10631.2,1875.0,468.8,9.38,1617.9,7309.6,0.221,105.1,316.5,0.03,0.14,0.14,749.0,749.0
majin,warrior,pureforms,evil,m100,5,9.38,9.38,9.38,1.0,1.0,9.0,10631.2,1875.0,468.8,9.38,1459.8,7309.6,0.2,175.2,657.2,0.06,0.234,0.234,749.0,749.0
majin,warrior,pureforms,evil,m100,7,9.38,9.38,9.38,1.0,1.0,9.0,10631.2,1875.0,468.8,9.38,1459.8,7309.6,0.2,222.0,973.7,0.09,0.296,0.296,749.0,749.0
majin,warrior,pureforms,super,m0,1,10.0,10.0,10.0,1.0,1.0,9.56,11340.0,2000.0,500.0,10.0,1843.1,7796.7,0.236,58.9,138.4,0.01,0.079,0.079,749.0,749.0
majin,warrior,pureforms,super,m0,3,10.0,10.0,10.0,1.0,1.0,9.56,11340.0,2000.0,500.0,10.0,1639.2,7796.7,0.21,106.0,316.5,0.03,0.142,0.142,749.0,749.0
majin,warrior,pureforms,super,m0,5,10.0,10.0,10.0,1.0,1.0,9.56,11340.0,2000.0,500.0,10.0,1477.1,7796.7,0.189,176.7,657.2,0.06,0.236,0.236,749.0,749.0
majin,warrior,pureforms,super,m0,7,10.0,10.0,10.0,1.0,1.0,9.56,11340.0,2000.0,500.0,10.0,1477.1,7796.7,0.189,223.8,973.7,0.09,0.299,0.299,749.0,749.0
majin,warrior,pureforms,super,m100,1,15.0,15.0,15.0,1.0,1.0,14.34,17010.0,3000.0,750.0,15.0,1984.9,11693.7,0.17,62.0,147.5,0.01,0.083,0.083,749.0,749.0
majin,warrior,pureforms,super,m100,3,15.0,15.0,15.0,1.0,1.0,14.34,17010.0,3000.0,750.0,15.0,1770.1,11693.7,0.151,111.6,336.5,0.02,0.149,0.149,749.0,749.0
majin,warrior,pureforms,super,m100,5,15.0,15.0,15.0,1.0,1.0,14.34,17010.0,3000.0,750.0,15.0,1583.1,11693.7,0.135,186.1,657.2,0.04,0.248,0.248,749.0,749.0
majin,warrior,pureforms,super,m100,7,15.0,15.0,15.0,1.0,1.0,14.34,17010.0,3000.0,750.0,15.0,1583.1,11693.7,0.135,235.7,973.7,0.06,0.315,0.315,749.0,749.0
majin,warrior,pureforms,ultra,m0,1,14.5,14.5,14.25,1.0,1.0,13.0,16443.0,2900.0,712.5,14.5,1976.7,11302.6,0.175,61.8,147.3,0.01,0.082,0.082,749.0,749.0
majin,warrior,pureforms,ultra,m0,3,14.5,14.5,14.25,1.0,1.0,13.0,16443.0,2900.0,712.5,14.5,1759.3,11302.6,0.156,111.2,334.5,0.02,0.148,0.148,749.0,749.0
majin,warrior,pureforms,ultra,m0,5,14.5,14.5,14.25,1.0,1.0,13.0,16443.0,2900.0,712.5,14.5,1574.4,11302.6,0.139,185.3,657.2,0.04,0.247,0.247,749.0,749.0
majin,warrior,pureforms,ultra,m0,7,14.5,14.5,14.25,1.0,1.0,13.0,16443.0,2900.0,712.5,14.5,1574.4,11302.6,0.139,234.7,973.7,0.06,0.313,0.313,749.0,749.0
majin,warrior,pureforms,ultra,m100,1,21.75,21.75,21.38,1.0,1.0,19.5,24664.5,4350.0,1068.8,21.75,2062.9,16952.5,0.122,64.9,150.3,0.01,0.087,0.087,749.0,749.0
majin,warrior,pureforms,ultra,m100,3,21.75,21.75,21.38,1.0,1.0,19.5,24664.5,4350.0,1068.8,21.75,1883.2,16952.5,0.111,116.8,358.0,0.01,0.156,0.156,749.0,749.0
majin,warrior,pureforms,ultra,m100,5,21.75,21.75,21.38,1.0,1.0,19.5,24664.5,4350.0,1068.8,21.75,1674.9,16952.5,0.099,194.6,657.2,0.03,0.26,0.26,749.0,749.0
majin,warrior,pureforms,ultra,m100,7,21.75,21.75,21.38,1.0,1.0,19.5,24664.5,4350.0,1068.8,21.75,1674.9,16952.5,0.099,246.6,973.7,0.04,0.329,0.329,749.0,749.0
majin,berserker,base,Base,m0,1,1.0,1.0,1.0,1.0,1.0,1.0,1547.0,120.0,20.0,1.0,1042.4,1042.4,1.0,93.0,211.6,0.14,0.06,0.06,1550.0,1550.0
majin,berserker,base,Base,m0,3,1.0,1.0,1.0,1.0,1.0,1.0,1547.0,120.0,20.0,1.0,1042.4,1042.4,1.0,153.5,654.9,0.42,0.099,0.099,1550.0,1550.0
majin,berserker,base,Base,m0,5,1.0,1.0,1.0,1.0,1.0,1.0,1547.0,120.0,20.0,1.0,1042.4,1042.4,1.0,255.8,1360.1,0.88,0.165,0.165,1550.0,1550.0
majin,berserker,base,Base,m0,7,1.0,1.0,1.0,1.0,1.0,1.0,1547.0,120.0,20.0,1.0,1042.4,1042.4,1.0,324.0,2015.0,1.3,0.209,0.209,1550.0,1550.0
majin,berserker,custom_forms,dark_oath,m0,1,1.0,1.0,1.0,1.0,1.0,1.0,1547.0,120.0,20.0,1.0,1042.4,1042.4,1.0,93.0,211.6,0.14,0.06,0.06,1550.0,1550.0
majin,berserker,custom_forms,dark_oath,m0,3,1.0,1.0,1.0,1.0,1.0,1.0,1547.0,120.0,20.0,1.0,1042.4,1042.4,1.0,153.5,654.9,0.42,0.099,0.099,1550.0,1550.0
majin,berserker,custom_forms,dark_oath,m0,5,1.0,1.0,1.0,1.0,1.0,1.0,1547.0,120.0,20.0,1.0,1042.4,1042.4,1.0,255.8,1360.1,0.88,0.165,0.165,1550.0,1550.0
majin,berserker,custom_forms,dark_oath,m0,7,1.0,1.0,1.0,1.0,1.0,1.0,1547.0,120.0,20.0,1.0,1042.4,1042.4,1.0,324.0,2015.0,1.3,0.209,0.209,1550.0,1550.0
majin,berserker,custom_forms,dark_oath,m100,1,1.0,1.0,1.0,1.0,1.0,1.0,1547.0,120.0,20.0,1.0,1042.4,1042.4,1.0,93.0,211.6,0.14,0.06,0.06,1550.0,1550.0
majin,berserker,custom_forms,dark_oath,m100,3,1.0,1.0,1.0,1.0,1.0,1.0,1547.0,120.0,20.0,1.0,1042.4,1042.4,1.0,153.5,654.9,0.42,0.099,0.099,1550.0,1550.0
majin,berserker,custom_forms,dark_oath,m100,5,1.0,1.0,1.0,1.0,1.0,1.0,1547.0,120.0,20.0,1.0,1042.4,1042.4,1.0,255.8,1360.1,0.88,0.165,0.165,1550.0,1550.0
majin,berserker,custom_forms,dark_oath,m100,7,1.0,1.0,1.0,1.0,1.0,1.0,1547.0,120.0,20.0,1.0,1042.4,1042.4,1.0,324.0,2015.0,1.3,0.209,0.209,1550.0,1550.0
majin,berserker,custom_forms,malicious_intent,m0,1,1.0,1.0,1.0,1.0,1.0,1.0,1547.0,120.0,20.0,1.0,1042.4,1042.4,1.0,93.0,211.6,0.14,0.06,0.06,1550.0,1550.0
majin,berserker,custom_forms,malicious_intent,m0,3,1.0,1.0,1.0,1.0,1.0,1.0,1547.0,120.0,20.0,1.0,1042.4,1042.4,1.0,153.5,654.9,0.42,0.099,0.099,1550.0,1550.0
majin,berserker,custom_forms,malicious_intent,m0,5,1.0,1.0,1.0,1.0,1.0,1.0,1547.0,120.0,20.0,1.0,1042.4,1042.4,1.0,255.8,1360.1,0.88,0.165,0.165,1550.0,1550.0
majin,berserker,custom_forms,malicious_intent,m0,7,1.0,1.0,1.0,1.0,1.0,1.0,1547.0,120.0,20.0,1.0,1042.4,1042.4,1.0,324.0,2015.0,1.3,0.209,0.209,1550.0,1550.0
majin,berserker,custom_forms,malicious_intent,m100,1,1.0,1.0,1.0,1.0,1.0,1.0,1547.0,120.0,20.0,1.0,1042.4,1042.4,1.0,93.0,211.6,0.14,0.06,0.06,1550.0,1550.0
majin,berserker,custom_forms,malicious_intent,m100,3,1.0,1.0,1.0,1.0,1.0,1.0,1547.0,120.0,20.0,1.0,1042.4,1042.4,1.0,153.5,654.9,0.42,0.099,0.099,1550.0,1550.0
majin,berserker,custom_forms,malicious_intent,m100,5,1.0,1.0,1.0,1.0,1.0,1.0,1547.0,120.0,20.0,1.0,1042.4,1042.4,1.0,255.8,1360.1,0.88,0.165,0.165,1550.0,1550.0
majin,berserker,custom_forms,malicious_intent,m100,7,1.0,1.0,1.0,1.0,1.0,1.0,1547.0,120.0,20.0,1.0,1042.4,1042.4,1.0,324.0,2015.0,1.3,0.209,0.209,1550.0,1550.0
majin,berserker,legendaryforms,innocencedemon,m0,1,3.4,3.4,3.4,1.0,1.0,2.62,5259.8,408.0,68.0,3.4,2053.3,3539.9,0.58,104.7,211.6,0.04,0.068,0.068,1550.0,1550.0
majin,berserker,legendaryforms,innocencedemon,m0,3,3.4,3.4,3.4,1.0,1.0,2.62,5259.8,408.0,68.0,3.4,2346.7,3539.9,0.663,188.5,654.9,0.12,0.122,0.122,1550.0,1550.0
majin,berserker,legendaryforms,innocencedemon,m0,5,3.4,3.4,3.4,1.0,1.0,2.62,5259.8,408.0,68.0,3.4,1704.6,3539.9,0.482,314.2,1360.1,0.26,0.203,0.203,1550.0,1550.0
majin,berserker,legendaryforms,innocencedemon,m0,7,3.4,3.4,3.4,1.0,1.0,2.62,5259.8,408.0,68.0,3.4,1704.6,3539.9,0.482,398.0,2015.0,0.38,0.257,0.257,1550.0,1550.0
majin,berserker,legendaryforms,innocencedemon,m100,1,5.1,5.1,5.1,1.0,1.0,3.94,7889.7,612.0,102.0,5.1,2553.0,5309.0,0.481,111.2,211.6,0.03,0.072,0.072,1550.0,1550.0
majin,berserker,legendaryforms,innocencedemon,m100,3,5.1,5.1,5.1,1.0,1.0,3.94,7889.7,612.0,102.0,5.1,2991.3,5309.0,0.563,200.1,654.9,0.08,0.129,0.129,1550.0,1550.0
majin,berserker,legendaryforms,innocencedemon,m100,5,5.1,5.1,5.1,1.0,1.0,3.94,7889.7,612.0,102.0,5.1,2031.9,5309.0,0.383,333.5,1360.1,0.17,0.215,0.215,1550.0,1550.0
majin,berserker,legendaryforms,innocencedemon,m100,7,5.1,5.1,5.1,1.0,1.0,3.94,7889.7,612.0,102.0,5.1,2031.9,5309.0,0.383,422.5,2015.0,0.26,0.273,0.273,1550.0,1550.0
majin,berserker,legendaryforms,giantinnocencedemon,m0,1,8.3,8.3,8.3,1.0,1.0,8.25,12840.1,996.0,166.0,8.3,2357.0,8639.0,0.273,118.9,211.6,0.02,0.077,0.077,1550.0,1550.0
majin,berserker,legendaryforms,giantinnocencedemon,m0,3,8.3,8.3,8.3,1.0,1.0,8.25,12840.1,996.0,166.0,8.3,2104.4,8639.0,0.244,214.1,654.9,0.05,0.138,0.138,1550.0,1550.0
majin,berserker,legendaryforms,giantinnocencedemon,m0,5,8.3,8.3,8.3,1.0,1.0,8.25,12840.1,996.0,166.0,8.3,1903.5,8639.0,0.22,356.8,1360.1,0.11,0.23,0.23,1550.0,1550.0
majin,berserker,legendaryforms,giantinnocencedemon,m0,7,8.3,8.3,8.3,1.0,1.0,8.25,12840.1,996.0,166.0,8.3,1903.5,8639.0,0.22,452.0,2015.0,0.16,0.292,0.292,1550.0,1550.0
majin,berserker,legendaryforms,giantinnocencedemon,m100,1,12.45,12.45,12.45,1.0,1.0,12.38,19260.2,1494.0,249.0,12.45,2577.0,12957.7,0.199,125.4,211.6,0.01,0.081,0.081,1550.0,1550.0
majin,berserker,legendaryforms,giantinnocencedemon,m100,3,12.45,12.45,12.45,1.0,1.0,12.38,19260.2,1494.0,249.0,12.45,2282.2,12957.7,0.176,225.7,654.9,0.03,0.146,0.146,1550.0,1550.0
majin,berserker,legendaryforms,giantinnocencedemon,m100,5,12.45,12.45,12.45,1.0,1.0,12.38,19260.2,1494.0,249.0,12.45,2047.6,12957.7,0.158,376.2,1360.1,0.07,0.243,0.243,1550.0,1550.0
majin,berserker,legendaryforms,giantinnocencedemon,m100,7,12.45,12.45,12.45,1.0,1.0,12.38,19260.2,1494.0,249.0,12.45,2047.6,12957.7,0.158,476.5,2015.0,0.1,0.307,0.307,1550.0,1550.0
majin,berserker,legendaryforms,superdemon,m0,1,14.5,14.5,14.0,1.0,1.0,13.62,22431.5,1740.0,280.0,14.5,2637.4,15089.9,0.175,127.8,211.6,0.01,0.082,0.082,1550.0,1550.0
majin,berserker,legendaryforms,superdemon,m0,3,14.5,14.5,14.0,1.0,1.0,13.62,22431.5,1740.0,280.0,14.5,2347.2,15089.9,0.156,230.1,654.9,0.03,0.148,0.148,1550.0,1550.0
majin,berserker,legendaryforms,superdemon,m0,5,14.5,14.5,14.0,1.0,1.0,13.62,22431.5,1740.0,280.0,14.5,2100.3,15089.9,0.139,383.4,1360.1,0.06,0.247,0.247,1550.0,1550.0
majin,berserker,legendaryforms,superdemon,m0,7,14.5,14.5,14.0,1.0,1.0,13.62,22431.5,1740.0,280.0,14.5,2100.3,15089.9,0.139,485.7,2015.0,0.09,0.313,0.313,1550.0,1550.0
majin,berserker,legendaryforms,superdemon,m100,1,21.75,21.75,21.0,1.0,1.0,20.44,33647.2,2610.0,420.0,21.75,2752.6,22633.9,0.122,134.3,211.6,0.01,0.087,0.087,1550.0,1550.0
majin,berserker,legendaryforms,superdemon,m100,3,21.75,21.75,21.0,1.0,1.0,20.44,33647.2,2610.0,420.0,21.75,2512.6,22633.9,0.111,241.7,654.9,0.02,0.156,0.156,1550.0,1550.0
majin,berserker,legendaryforms,superdemon,m100,5,21.75,21.75,21.0,1.0,1.0,20.44,33647.2,2610.0,420.0,21.75,2234.4,22633.9,0.099,402.8,1360.1,0.04,0.26,0.26,1550.0,1550.0
majin,berserker,legendaryforms,superdemon,m100,7,21.75,21.75,21.0,1.0,1.0,20.44,33647.2,2610.0,420.0,21.75,2234.4,22633.9,0.099,510.2,2015.0,0.06,0.329,0.329,1550.0,1550.0
majin,berserker,pureforms,kid,m0,1,3.75,3.75,3.75,1.0,1.0,3.5,5801.2,450.0,75.0,3.75,2162.0,3904.1,0.554,106.3,211.6,0.04,0.069,0.069,1550.0,1550.0
majin,berserker,pureforms,kid,m0,3,3.75,3.75,3.75,1.0,1.0,3.5,5801.2,450.0,75.0,3.75,2486.9,3904.1,0.637,191.3,654.9,0.11,0.123,0.123,1550.0,1550.0
majin,berserker,pureforms,kid,m0,5,3.75,3.75,3.75,1.0,1.0,3.5,5801.2,450.0,75.0,3.75,1775.7,3904.1,0.455,318.9,1360.1,0.23,0.206,0.206,1550.0,1550.0
majin,berserker,pureforms,kid,m0,7,3.75,3.75,3.75,1.0,1.0,3.5,5801.2,450.0,75.0,3.75,1775.7,3904.1,0.455,403.9,2015.0,0.35,0.261,0.261,1550.0,1550.0
majin,berserker,pureforms,kid,m100,1,5.62,5.62,5.62,1.0,1.0,5.25,8701.9,675.0,112.5,5.62,2695.8,5855.3,0.46,112.7,211.6,0.02,0.073,0.073,1550.0,1550.0
majin,berserker,pureforms,kid,m100,3,5.62,5.62,5.62,1.0,1.0,5.25,8701.9,675.0,112.5,5.62,3175.7,5855.3,0.542,202.9,654.9,0.08,0.131,0.131,1550.0,1550.0
majin,berserker,pureforms,kid,m100,5,5.62,5.62,5.62,1.0,1.0,5.25,8701.9,675.0,112.5,5.62,2125.4,5855.3,0.363,338.2,1360.1,0.16,0.218,0.218,1550.0,1550.0
majin,berserker,pureforms,kid,m100,7,5.62,5.62,5.62,1.0,1.0,5.25,8701.9,675.0,112.5,5.62,2125.4,5855.3,0.363,428.4,2015.0,0.23,0.276,0.276,1550.0,1550.0
majin,berserker,pureforms,evil,m0,1,6.25,6.25,6.25,1.0,1.0,6.0,9668.8,750.0,125.0,6.25,2200.2,6505.7,0.338,114.4,211.6,0.02,0.074,0.074,1550.0,1550.0
majin,berserker,pureforms,evil,m0,3,6.25,6.25,6.25,1.0,1.0,6.0,9668.8,750.0,125.0,6.25,1977.8,6505.7,0.304,206.0,654.9,0.07,0.133,0.133,1550.0,1550.0
majin,berserker,pureforms,evil,m0,5,6.25,6.25,6.25,1.0,1.0,6.0,9668.8,750.0,125.0,6.25,1800.8,6505.7,0.277,343.3,1360.1,0.14,0.221,0.221,1550.0,1550.0
majin,berserker,pureforms,evil,m0,7,6.25,6.25,6.25,1.0,1.0,6.0,9668.8,750.0,125.0,6.25,1800.8,6505.7,0.277,434.8,2015.0,0.21,0.281,0.281,1550.0,1550.0
majin,berserker,pureforms,evil,m100,1,9.38,9.38,9.38,1.0,1.0,9.0,14503.1,1125.0,187.5,9.38,2423.8,9757.7,0.248,120.9,211.6,0.01,0.078,0.078,1550.0,1550.0
majin,berserker,pureforms,evil,m100,3,9.38,9.38,9.38,1.0,1.0,9.0,14503.1,1125.0,187.5,9.38,2158.4,9757.7,0.221,217.6,654.9,0.05,0.14,0.14,1550.0,1550.0
majin,berserker,pureforms,evil,m100,5,9.38,9.38,9.38,1.0,1.0,9.0,14503.1,1125.0,187.5,9.38,1947.3,9757.7,0.2,362.6,1360.1,0.09,0.234,0.234,1550.0,1550.0
majin,berserker,pureforms,evil,m100,7,9.38,9.38,9.38,1.0,1.0,9.0,14503.1,1125.0,187.5,9.38,1947.3,9757.7,0.2,459.3,2015.0,0.14,0.296,0.296,1550.0,1550.0
majin,berserker,pureforms,super,m0,1,10.0,10.0,10.0,1.0,1.0,9.56,15470.0,1200.0,200.0,10.0,2459.0,10408.1,0.236,121.9,211.6,0.01,0.079,0.079,1550.0,1550.0
majin,berserker,pureforms,super,m0,3,10.0,10.0,10.0,1.0,1.0,9.56,15470.0,1200.0,200.0,10.0,2186.8,10408.1,0.21,219.4,654.9,0.04,0.142,0.142,1550.0,1550.0
majin,berserker,pureforms,super,m0,5,10.0,10.0,10.0,1.0,1.0,9.56,15470.0,1200.0,200.0,10.0,1970.3,10408.1,0.189,365.7,1360.1,0.09,0.236,0.236,1550.0,1550.0
majin,berserker,pureforms,super,m0,7,10.0,10.0,10.0,1.0,1.0,9.56,15470.0,1200.0,200.0,10.0,1970.3,10408.1,0.189,463.2,2015.0,0.13,0.299,0.299,1550.0,1550.0
majin,berserker,pureforms,super,m100,1,15.0,15.0,15.0,1.0,1.0,14.34,23205.0,1800.0,300.0,15.0,2648.4,15611.3,0.17,128.4,211.6,0.01,0.083,0.083,1550.0,1550.0
majin,berserker,pureforms,super,m100,3,15.0,15.0,15.0,1.0,1.0,14.34,23205.0,1800.0,300.0,15.0,2361.5,15611.3,0.151,231.0,654.9,0.03,0.149,0.149,1550.0,1550.0
majin,berserker,pureforms,super,m100,5,15.0,15.0,15.0,1.0,1.0,14.34,23205.0,1800.0,300.0,15.0,2111.9,15611.3,0.135,385.1,1360.1,0.06,0.248,0.248,1550.0,1550.0
majin,berserker,pureforms,super,m100,7,15.0,15.0,15.0,1.0,1.0,14.34,23205.0,1800.0,300.0,15.0,2111.9,15611.3,0.135,487.7,2015.0,0.09,0.315,0.315,1550.0,1550.0
majin,berserker,pureforms,ultra,m0,1,14.5,14.5,14.25,1.0,1.0,13.0,22431.5,1740.0,285.0,14.5,2637.4,15090.4,0.175,127.8,211.6,0.01,0.082,0.082,1550.0,1550.0
majin,berserker,pureforms,ultra,m0,3,14.5,14.5,14.25,1.0,1.0,13.0,22431.5,1740.0,285.0,14.5,2347.2,15090.4,0.156,230.1,654.9,0.03,0.148,0.148,1550.0,1550.0
majin,berserker,pureforms,ultra,m0,5,14.5,14.5,14.25,1.0,1.0,13.0,22431.5,1740.0,285.0,14.5,2100.3,15090.4,0.139,383.4,1360.1,0.06,0.247,0.247,1550.0,1550.0
majin,berserker,pureforms,ultra,m0,7,14.5,14.5,14.25,1.0,1.0,13.0,22431.5,1740.0,285.0,14.5,2100.3,15090.4,0.139,485.7,2015.0,0.09,0.313,0.313,1550.0,1550.0
majin,berserker,pureforms,ultra,m100,1,21.75,21.75,21.38,1.0,1.0,19.5,33647.2,2610.0,427.5,21.75,2752.6,22634.8,0.122,134.3,211.6,0.01,0.087,0.087,1550.0,1550.0
majin,berserker,pureforms,ultra,m100,3,21.75,21.75,21.38,1.0,1.0,19.5,33647.2,2610.0,427.5,21.75,2512.6,22634.8,0.111,241.7,654.9,0.02,0.156,0.156,1550.0,1550.0
majin,berserker,pureforms,ultra,m100,5,21.75,21.75,21.38,1.0,1.0,19.5,33647.2,2610.0,427.5,21.75,2234.5,22634.8,0.099,402.8,1360.1,0.04,0.26,0.26,1550.0,1550.0
majin,berserker,pureforms,ultra,m100,7,21.75,21.75,21.38,1.0,1.0,19.5,33647.2,2610.0,427.5,21.75,2234.5,22634.8,0.099,510.2,2015.0,0.06,0.329,0.329,1550.0,1550.0
majin,spiritualist,base,Base,m0,1,1.0,1.0,1.0,1.0,1.0,1.0,45.0,100.0,1729.0,1.0,1188.7,1188.7,1.0,30.6,69.6,0.04,0.06,0.06,510.0,510.0
majin,spiritualist,base,Base,m0,3,1.0,1.0,1.0,1.0,1.0,1.0,45.0,100.0,1729.0,1.0,1188.7,1188.7,1.0,50.5,215.5,0.12,0.099,0.099,510.0,510.0
majin,spiritualist,base,Base,m0,5,1.0,1.0,1.0,1.0,1.0,1.0,45.0,100.0,1729.0,1.0,1188.7,1188.7,1.0,84.1,447.5,0.26,0.165,0.165,510.0,510.0
majin,spiritualist,base,Base,m0,7,1.0,1.0,1.0,1.0,1.0,1.0,45.0,100.0,1729.0,1.0,1188.7,1188.7,1.0,106.6,663.0,0.38,0.209,0.209,510.0,510.0
majin,spiritualist,custom_forms,dark_oath,m0,1,1.0,1.0,1.0,1.0,1.0,1.0,45.0,100.0,1729.0,1.0,1188.7,1188.7,1.0,30.6,69.6,0.04,0.06,0.06,510.0,510.0
majin,spiritualist,custom_forms,dark_oath,m0,3,1.0,1.0,1.0,1.0,1.0,1.0,45.0,100.0,1729.0,1.0,1188.7,1188.7,1.0,50.5,215.5,0.12,0.099,0.099,510.0,510.0
majin,spiritualist,custom_forms,dark_oath,m0,5,1.0,1.0,1.0,1.0,1.0,1.0,45.0,100.0,1729.0,1.0,1188.7,1188.7,1.0,84.1,447.5,0.26,0.165,0.165,510.0,510.0
majin,spiritualist,custom_forms,dark_oath,m0,7,1.0,1.0,1.0,1.0,1.0,1.0,45.0,100.0,1729.0,1.0,1188.7,1188.7,1.0,106.6,663.0,0.38,0.209,0.209,510.0,510.0
majin,spiritualist,custom_forms,dark_oath,m100,1,1.0,1.0,1.0,1.0,1.0,1.0,45.0,100.0,1729.0,1.0,1188.7,1188.7,1.0,30.6,69.6,0.04,0.06,0.06,510.0,510.0
majin,spiritualist,custom_forms,dark_oath,m100,3,1.0,1.0,1.0,1.0,1.0,1.0,45.0,100.0,1729.0,1.0,1188.7,1188.7,1.0,50.5,215.5,0.12,0.099,0.099,510.0,510.0
majin,spiritualist,custom_forms,dark_oath,m100,5,1.0,1.0,1.0,1.0,1.0,1.0,45.0,100.0,1729.0,1.0,1188.7,1188.7,1.0,84.1,447.5,0.26,0.165,0.165,510.0,510.0
majin,spiritualist,custom_forms,dark_oath,m100,7,1.0,1.0,1.0,1.0,1.0,1.0,45.0,100.0,1729.0,1.0,1188.7,1188.7,1.0,106.6,663.0,0.38,0.209,0.209,510.0,510.0
majin,spiritualist,custom_forms,malicious_intent,m0,1,1.0,1.0,1.0,1.0,1.0,1.0,45.0,100.0,1729.0,1.0,1188.7,1188.7,1.0,30.6,69.6,0.04,0.06,0.06,510.0,510.0
majin,spiritualist,custom_forms,malicious_intent,m0,3,1.0,1.0,1.0,1.0,1.0,1.0,45.0,100.0,1729.0,1.0,1188.7,1188.7,1.0,50.5,215.5,0.12,0.099,0.099,510.0,510.0
majin,spiritualist,custom_forms,malicious_intent,m0,5,1.0,1.0,1.0,1.0,1.0,1.0,45.0,100.0,1729.0,1.0,1188.7,1188.7,1.0,84.1,447.5,0.26,0.165,0.165,510.0,510.0
majin,spiritualist,custom_forms,malicious_intent,m0,7,1.0,1.0,1.0,1.0,1.0,1.0,45.0,100.0,1729.0,1.0,1188.7,1188.7,1.0,106.6,663.0,0.38,0.209,0.209,510.0,510.0
majin,spiritualist,custom_forms,malicious_intent,m100,1,1.0,1.0,1.0,1.0,1.0,1.0,45.0,100.0,1729.0,1.0,1188.7,1188.7,1.0,30.6,69.6,0.04,0.06,0.06,510.0,510.0
majin,spiritualist,custom_forms,malicious_intent,m100,3,1.0,1.0,1.0,1.0,1.0,1.0,45.0,100.0,1729.0,1.0,1188.7,1188.7,1.0,50.5,215.5,0.12,0.099,0.099,510.0,510.0
majin,spiritualist,custom_forms,malicious_intent,m100,5,1.0,1.0,1.0,1.0,1.0,1.0,45.0,100.0,1729.0,1.0,1188.7,1188.7,1.0,84.1,447.5,0.26,0.165,0.165,510.0,510.0
majin,spiritualist,custom_forms,malicious_intent,m100,7,1.0,1.0,1.0,1.0,1.0,1.0,45.0,100.0,1729.0,1.0,1188.7,1188.7,1.0,106.6,663.0,0.38,0.209,0.209,510.0,510.0
majin,spiritualist,legendaryforms,innocencedemon,m0,1,3.4,3.4,3.4,1.0,1.0,2.62,153.0,340.0,5878.6,3.4,2317.3,3977.0,0.583,34.5,93.1,0.02,0.068,0.068,510.0,510.0
majin,spiritualist,legendaryforms,innocencedemon,m0,3,3.4,3.4,3.4,1.0,1.0,2.62,153.0,340.0,5878.6,3.4,2644.9,3977.0,0.665,62.0,288.1,0.05,0.122,0.122,510.0,510.0
majin,spiritualist,legendaryforms,innocencedemon,m0,5,3.4,3.4,3.4,1.0,1.0,2.62,153.0,340.0,5878.6,3.4,1928.0,3977.0,0.485,103.4,592.1,0.1,0.203,0.203,510.0,510.0
majin,spiritualist,legendaryforms,innocencedemon,m0,7,3.4,3.4,3.4,1.0,1.0,2.62,153.0,340.0,5878.6,3.4,1928.0,3977.0,0.485,130.9,751.9,0.13,0.257,0.257,510.0,510.0
majin,spiritualist,legendaryforms,innocencedemon,m100,1,5.1,5.1,5.1,1.0,1.0,3.94,229.5,510.0,8817.9,5.1,2875.2,5952.0,0.483,36.6,95.1,0.01,0.072,0.072,510.0,510.0
majin,spiritualist,legendaryforms,innocencedemon,m100,3,5.1,5.1,5.1,1.0,1.0,3.94,229.5,510.0,8817.9,5.1,3364.6,5952.0,0.565,65.8,294.4,0.03,0.129,0.129,510.0,510.0
majin,spiritualist,legendaryforms,innocencedemon,m100,5,5.1,5.1,5.1,1.0,1.0,3.94,229.5,510.0,8817.9,5.1,2293.4,5952.0,0.385,109.7,611.4,0.07,0.215,0.215,510.0,510.0
majin,spiritualist,legendaryforms,innocencedemon,m100,7,5.1,5.1,5.1,1.0,1.0,3.94,229.5,510.0,8817.9,5.1,2293.4,5952.0,0.385,139.0,894.4,0.1,0.273,0.273,510.0,510.0
majin,spiritualist,legendaryforms,giantinnocencedemon,m0,1,8.3,8.3,8.3,1.0,1.0,8.25,373.5,830.0,14350.7,8.3,2656.4,9669.7,0.275,39.1,97.5,0.01,0.077,0.077,510.0,510.0
majin,spiritualist,legendaryforms,giantinnocencedemon,m0,3,8.3,8.3,8.3,1.0,1.0,8.25,373.5,830.0,14350.7,8.3,2374.4,9669.7,0.246,70.4,301.9,0.02,0.138,0.138,510.0,510.0
majin,spiritualist,legendaryforms,giantinnocencedemon,m0,5,8.3,8.3,8.3,1.0,1.0,8.25,373.5,830.0,14350.7,8.3,2150.1,9669.7,0.222,117.4,626.9,0.04,0.23,0.23,510.0,510.0
majin,spiritualist,legendaryforms,giantinnocencedemon,m0,7,8.3,8.3,8.3,1.0,1.0,8.25,373.5,830.0,14350.7,8.3,2150.1,9669.7,0.222,148.7,838.5,0.06,0.292,0.292,510.0,510.0
majin,spiritualist,legendaryforms,giantinnocencedemon,m100,1,12.45,12.45,12.45,1.0,1.0,12.38,560.2,1245.0,21526.1,12.45,2902.0,14491.1,0.2,41.3,99.5,0.0,0.081,0.081,510.0,510.0
majin,spiritualist,legendaryforms,giantinnocencedemon,m100,3,12.45,12.45,12.45,1.0,1.0,12.38,560.2,1245.0,21526.1,12.45,2572.9,14491.1,0.178,74.3,308.1,0.01,0.146,0.146,510.0,510.0
majin,spiritualist,legendaryforms,giantinnocencedemon,m100,5,12.45,12.45,12.45,1.0,1.0,12.38,560.2,1245.0,21526.1,12.45,2311.0,14491.1,0.159,123.8,639.9,0.03,0.243,0.243,510.0,510.0
majin,spiritualist,legendaryforms,giantinnocencedemon,m100,7,12.45,12.45,12.45,1.0,1.0,12.38,560.2,1245.0,21526.1,12.45,2311.0,14491.1,0.159,156.8,901.3,0.04,0.307,0.307,510.0,510.0
majin,spiritualist,legendaryforms,superdemon,m0,1,14.5,14.5,14.0,1.0,1.0,13.62,652.5,1450.0,24206.0,14.5,2941.1,16300.0,0.18,42.1,100.3,0.0,0.082,0.082,510.0,510.0
majin,spiritualist,legendaryforms,superdemon,m0,3,14.5,14.5,14.0,1.0,1.0,13.62,652.5,1450.0,24206.0,14.5,2622.2,16300.0,0.161,75.7,310.4,0.01,0.148,0.148,510.0,510.0
majin,spiritualist,legendaryforms,superdemon,m0,5,14.5,14.5,14.0,1.0,1.0,13.62,652.5,1450.0,24206.0,14.5,2351.0,16300.0,0.144,126.2,644.8,0.03,0.247,0.247,510.0,510.0
majin,spiritualist,legendaryforms,superdemon,m0,7,14.5,14.5,14.0,1.0,1.0,13.62,652.5,1450.0,24206.0,14.5,2351.0,16300.0,0.144,159.8,916.9,0.04,0.313,0.313,510.0,510.0
majin,spiritualist,legendaryforms,superdemon,m100,1,21.75,21.75,21.0,1.0,1.0,20.44,978.8,2175.0,36309.0,21.75,3069.8,24436.5,0.126,44.2,102.3,0.0,0.087,0.087,510.0,510.0
majin,spiritualist,legendaryforms,superdemon,m100,3,21.75,21.75,21.0,1.0,1.0,20.44,978.8,2175.0,36309.0,21.75,2805.9,24436.5,0.115,79.5,316.7,0.01,0.156,0.156,510.0,510.0
majin,spiritualist,legendaryforms,superdemon,m100,5,21.75,21.75,21.0,1.0,1.0,20.44,978.8,2175.0,36309.0,21.75,2499.9,24436.5,0.102,132.5,657.7,0.02,0.26,0.26,510.0,510.0
majin,spiritualist,legendaryforms,superdemon,m100,7,21.75,21.75,21.0,1.0,1.0,20.44,978.8,2175.0,36309.0,21.75,2499.9,24436.5,0.102,167.9,974.4,0.03,0.329,0.329,510.0,510.0
majin,spiritualist,pureforms,kid,m0,1,3.75,3.75,3.75,1.0,1.0,3.5,168.8,375.0,6483.8,3.75,2438.7,4383.6,0.556,35.0,93.6,0.01,0.069,0.069,510.0,510.0
majin,spiritualist,pureforms,kid,m0,3,3.75,3.75,3.75,1.0,1.0,3.5,168.8,375.0,6483.8,3.75,2801.4,4383.6,0.639,63.0,289.7,0.04,0.123,0.123,510.0,510.0
majin,spiritualist,pureforms,kid,m0,5,3.75,3.75,3.75,1.0,1.0,3.5,168.8,375.0,6483.8,3.75,2007.5,4383.6,0.458,104.9,601.6,0.09,0.206,0.206,510.0,510.0
majin,spiritualist,pureforms,kid,m0,7,3.75,3.75,3.75,1.0,1.0,3.5,168.8,375.0,6483.8,3.75,2007.5,4383.6,0.458,132.9,782.9,0.12,0.261,0.261,510.0,510.0
majin,spiritualist,pureforms,kid,m100,1,5.62,5.62,5.62,1.0,1.0,5.25,253.1,562.5,9725.6,5.62,3034.7,6562.0,0.462,37.1,95.6,0.01,0.073,0.073,510.0,510.0
majin,spiritualist,pureforms,kid,m100,3,5.62,5.62,5.62,1.0,1.0,5.25,253.1,562.5,9725.6,5.62,3570.3,6562.0,0.544,66.8,295.9,0.03,0.131,0.131,510.0,510.0
majin,spiritualist,pureforms,kid,m100,5,5.62,5.62,5.62,1.0,1.0,5.25,253.1,562.5,9725.6,5.62,2397.9,6562.0,0.365,111.3,614.5,0.06,0.218,0.218,510.0,510.0
majin,spiritualist,pureforms,kid,m100,7,5.62,5.62,5.62,1.0,1.0,5.25,253.1,562.5,9725.6,5.62,2397.9,6562.0,0.365,141.0,910.4,0.09,0.276,0.276,510.0,510.0
majin,spiritualist,pureforms,evil,m0,1,6.25,6.25,6.25,1.0,1.0,6.0,281.2,625.0,10806.2,6.25,2481.4,7288.1,0.34,37.6,96.1,0.01,0.074,0.074,510.0,510.0
majin,spiritualist,pureforms,evil,m0,3,6.25,6.25,6.25,1.0,1.0,6.0,281.2,625.0,10806.2,6.25,2233.0,7288.1,0.306,67.8,297.5,0.03,0.133,0.133,510.0,510.0
majin,spiritualist,pureforms,evil,m0,5,6.25,6.25,6.25,1.0,1.0,6.0,281.2,625.0,10806.2,6.25,2035.4,7288.1,0.279,112.9,617.9,0.06,0.221,0.221,510.0,510.0
majin,spiritualist,pureforms,evil,m0,7,6.25,6.25,6.25,1.0,1.0,6.0,281.2,625.0,10806.2,6.25,2035.4,7288.1,0.279,143.1,793.8,0.07,0.281,0.281,510.0,510.0
majin,spiritualist,pureforms,evil,m100,1,9.38,9.38,9.38,1.0,1.0,9.0,421.9,937.5,16209.4,9.38,2731.0,10918.6,0.25,39.8,98.1,0.01,0.078,0.078,510.0,510.0
majin,spiritualist,pureforms,evil,m100,3,9.38,9.38,9.38,1.0,1.0,9.0,421.9,937.5,16209.4,9.38,2434.7,10918.6,0.223,71.6,303.7,0.02,0.14,0.14,510.0,510.0
majin,spiritualist,pureforms,evil,m100,5,9.38,9.38,9.38,1.0,1.0,9.0,421.9,937.5,16209.4,9.38,2198.9,10918.6,0.201,119.3,630.8,0.04,0.234,0.234,510.0,510.0
majin,spiritualist,pureforms,evil,m100,7,9.38,9.38,9.38,1.0,1.0,9.0,421.9,937.5,16209.4,9.38,2198.9,10918.6,0.201,151.1,857.6,0.05,0.296,0.296,510.0,510.0
majin,spiritualist,pureforms,super,m0,1,10.0,10.0,10.0,1.0,1.0,9.56,450.0,1000.0,17290.0,10.0,2770.3,11644.7,0.238,40.1,98.4,0.01,0.079,0.079,510.0,510.0
majin,spiritualist,pureforms,super,m0,3,10.0,10.0,10.0,1.0,1.0,9.56,450.0,1000.0,17290.0,10.0,2466.4,11644.7,0.212,72.2,304.7,0.02,0.142,0.142,510.0,510.0
majin,spiritualist,pureforms,super,m0,5,10.0,10.0,10.0,1.0,1.0,9.56,450.0,1000.0,17290.0,10.0,2224.7,11644.7,0.191,120.3,632.9,0.04,0.236,0.236,510.0,510.0
majin,spiritualist,pureforms,super,m0,7,10.0,10.0,10.0,1.0,1.0,9.56,450.0,1000.0,17290.0,10.0,2224.7,11644.7,0.191,152.4,867.6,0.05,0.299,0.299,510.0,510.0
majin,spiritualist,pureforms,super,m100,1,15.0,15.0,15.0,1.0,1.0,14.34,675.0,1500.0,25935.0,15.0,2981.7,17453.6,0.171,42.2,100.5,0.0,0.083,0.083,510.0,510.0
majin,spiritualist,pureforms,super,m100,3,15.0,15.0,15.0,1.0,1.0,14.34,675.0,1500.0,25935.0,15.0,2661.4,17453.6,0.152,76.0,311.0,0.01,0.149,0.149,510.0,510.0
majin,spiritualist,pureforms,super,m100,5,15.0,15.0,15.0,1.0,1.0,14.34,675.0,1500.0,25935.0,15.0,2382.8,17453.6,0.137,126.7,645.8,0.02,0.248,0.248,510.0,510.0
majin,spiritualist,pureforms,super,m100,7,15.0,15.0,15.0,1.0,1.0,14.34,675.0,1500.0,25935.0,15.0,2382.8,17453.6,0.137,160.5,929.3,0.04,0.315,0.315,510.0,510.0
majin,spiritualist,pureforms,ultra,m0,1,14.5,14.5,14.25,1.0,1.0,13.0,652.5,1450.0,24638.2,14.5,2955.4,16586.3,0.178,42.1,100.3,0.0,0.082,0.082,510.0,510.0
majin,spiritualist,pureforms,ultra,m0,3,14.5,14.5,14.25,1.0,1.0,13.0,652.5,1450.0,24638.2,14.5,2633.9,16586.3,0.159,75.7,310.4,0.01,0.148,0.148,510.0,510.0
majin,spiritualist,pureforms,ultra,m0,5,14.5,14.5,14.25,1.0,1.0,13.0,652.5,1450.0,24638.2,14.5,2360.5,16586.3,0.142,126.2,644.8,0.03,0.247,0.247,510.0,510.0
majin,spiritualist,pureforms,ultra,m0,7,14.5,14.5,14.25,1.0,1.0,13.0,652.5,1450.0,24638.2,14.5,2360.5,16586.3,0.142,159.8,920.6,0.04,0.313,0.313,510.0,510.0
majin,spiritualist,pureforms,ultra,m100,1,21.75,21.75,21.38,1.0,1.0,19.5,978.8,2175.0,36957.4,21.75,3084.0,24866.0,0.124,44.2,102.3,0.0,0.087,0.087,510.0,510.0
majin,spiritualist,pureforms,ultra,m100,3,21.75,21.75,21.38,1.0,1.0,19.5,978.8,2175.0,36957.4,21.75,2818.1,24866.0,0.113,79.5,316.7,0.01,0.156,0.156,510.0,510.0
majin,spiritualist,pureforms,ultra,m100,5,21.75,21.75,21.38,1.0,1.0,19.5,978.8,2175.0,36957.4,21.75,2509.8,24866.0,0.101,132.5,657.7,0.02,0.26,0.26,510.0,510.0
majin,spiritualist,pureforms,ultra,m100,7,21.75,21.75,21.38,1.0,1.0,19.5,978.8,2175.0,36957.4,21.75,2509.8,24866.0,0.101,167.9,974.4,0.03,0.329,0.329,510.0,510.0
majin,martialartist,base,Base,m0,1,1.0,1.0,1.0,1.0,1.0,1.0,240.0,1638.0,90.0,1.0,1125.9,1125.9,1.0,61.9,140.9,0.09,0.06,0.06,1032.0,1032.0
majin,martialartist,base,Base,m0,3,1.0,1.0,1.0,1.0,1.0,1.0,240.0,1638.0,90.0,1.0,1125.9,1125.9,1.0,102.2,436.0,0.27,0.099,0.099,1032.0,1032.0
majin,martialartist,base,Base,m0,5,1.0,1.0,1.0,1.0,1.0,1.0,240.0,1638.0,90.0,1.0,1125.9,1125.9,1.0,170.3,905.6,0.55,0.165,0.165,1032.0,1032.0
majin,martialartist,base,Base,m0,7,1.0,1.0,1.0,1.0,1.0,1.0,240.0,1638.0,90.0,1.0,1125.9,1125.9,1.0,215.7,1341.6,0.82,0.209,0.209,1032.0,1032.0
majin,martialartist,custom_forms,dark_oath,m0,1,1.0,1.0,1.0,1.0,1.0,1.0,240.0,1638.0,90.0,1.0,1125.9,1125.9,1.0,61.9,140.9,0.09,0.06,0.06,1032.0,1032.0
majin,martialartist,custom_forms,dark_oath,m0,3,1.0,1.0,1.0,1.0,1.0,1.0,240.0,1638.0,90.0,1.0,1125.9,1125.9,1.0,102.2,436.0,0.27,0.099,0.099,1032.0,1032.0
majin,martialartist,custom_forms,dark_oath,m0,5,1.0,1.0,1.0,1.0,1.0,1.0,240.0,1638.0,90.0,1.0,1125.9,1125.9,1.0,170.3,905.6,0.55,0.165,0.165,1032.0,1032.0
majin,martialartist,custom_forms,dark_oath,m0,7,1.0,1.0,1.0,1.0,1.0,1.0,240.0,1638.0,90.0,1.0,1125.9,1125.9,1.0,215.7,1341.6,0.82,0.209,0.209,1032.0,1032.0
majin,martialartist,custom_forms,dark_oath,m100,1,1.0,1.0,1.0,1.0,1.0,1.0,240.0,1638.0,90.0,1.0,1125.9,1125.9,1.0,61.9,140.9,0.09,0.06,0.06,1032.0,1032.0
majin,martialartist,custom_forms,dark_oath,m100,3,1.0,1.0,1.0,1.0,1.0,1.0,240.0,1638.0,90.0,1.0,1125.9,1125.9,1.0,102.2,436.0,0.27,0.099,0.099,1032.0,1032.0
majin,martialartist,custom_forms,dark_oath,m100,5,1.0,1.0,1.0,1.0,1.0,1.0,240.0,1638.0,90.0,1.0,1125.9,1125.9,1.0,170.3,905.6,0.55,0.165,0.165,1032.0,1032.0
majin,martialartist,custom_forms,dark_oath,m100,7,1.0,1.0,1.0,1.0,1.0,1.0,240.0,1638.0,90.0,1.0,1125.9,1125.9,1.0,215.7,1341.6,0.82,0.209,0.209,1032.0,1032.0
majin,martialartist,custom_forms,malicious_intent,m0,1,1.0,1.0,1.0,1.0,1.0,1.0,240.0,1638.0,90.0,1.0,1125.9,1125.9,1.0,61.9,140.9,0.09,0.06,0.06,1032.0,1032.0
majin,martialartist,custom_forms,malicious_intent,m0,3,1.0,1.0,1.0,1.0,1.0,1.0,240.0,1638.0,90.0,1.0,1125.9,1125.9,1.0,102.2,436.0,0.27,0.099,0.099,1032.0,1032.0
majin,martialartist,custom_forms,malicious_intent,m0,5,1.0,1.0,1.0,1.0,1.0,1.0,240.0,1638.0,90.0,1.0,1125.9,1125.9,1.0,170.3,905.6,0.55,0.165,0.165,1032.0,1032.0
majin,martialartist,custom_forms,malicious_intent,m0,7,1.0,1.0,1.0,1.0,1.0,1.0,240.0,1638.0,90.0,1.0,1125.9,1125.9,1.0,215.7,1341.6,0.82,0.209,0.209,1032.0,1032.0
majin,martialartist,custom_forms,malicious_intent,m100,1,1.0,1.0,1.0,1.0,1.0,1.0,240.0,1638.0,90.0,1.0,1125.9,1125.9,1.0,61.9,140.9,0.09,0.06,0.06,1032.0,1032.0
majin,martialartist,custom_forms,malicious_intent,m100,3,1.0,1.0,1.0,1.0,1.0,1.0,240.0,1638.0,90.0,1.0,1125.9,1125.9,1.0,102.2,436.0,0.27,0.099,0.099,1032.0,1032.0
majin,martialartist,custom_forms,malicious_intent,m100,5,1.0,1.0,1.0,1.0,1.0,1.0,240.0,1638.0,90.0,1.0,1125.9,1125.9,1.0,170.3,905.6,0.55,0.165,0.165,1032.0,1032.0
majin,martialartist,custom_forms,malicious_intent,m100,7,1.0,1.0,1.0,1.0,1.0,1.0,240.0,1638.0,90.0,1.0,1125.9,1125.9,1.0,215.7,1341.6,0.82,0.209,0.209,1032.0,1032.0
majin,martialartist,legendaryforms,innocencedemon,m0,1,3.4,3.4,3.4,1.0,1.0,2.62,816.0,5569.2,306.0,3.4,2216.1,3819.4,0.58,69.7,166.4,0.03,0.068,0.068,1032.0,1032.0
majin,martialartist,legendaryforms,innocencedemon,m0,3,3.4,3.4,3.4,1.0,1.0,2.62,816.0,5569.2,306.0,3.4,2532.5,3819.4,0.663,125.5,481.5,0.09,0.122,0.122,1032.0,1032.0
majin,martialartist,legendaryforms,innocencedemon,m0,5,3.4,3.4,3.4,1.0,1.0,2.62,816.0,5569.2,306.0,3.4,1840.0,3819.4,0.482,209.2,905.6,0.16,0.203,0.203,1032.0,1032.0
majin,martialartist,legendaryforms,innocencedemon,m0,7,3.4,3.4,3.4,1.0,1.0,2.62,816.0,5569.2,306.0,3.4,1840.0,3819.4,0.482,265.0,1341.6,0.24,0.257,0.257,1032.0,1032.0
majin,martialartist,legendaryforms,innocencedemon,m100,1,5.1,5.1,5.1,1.0,1.0,3.94,1224.0,8353.8,459.0,5.1,2755.0,5727.3,0.481,74.0,192.5,0.02,0.072,0.072,1032.0,1032.0
majin,martialartist,legendaryforms,innocencedemon,m100,3,5.1,5.1,5.1,1.0,1.0,3.94,1224.0,8353.8,459.0,5.1,3227.8,5727.3,0.564,133.2,595.7,0.07,0.129,0.129,1032.0,1032.0
majin,martialartist,legendaryforms,innocencedemon,m100,5,5.1,5.1,5.1,1.0,1.0,3.94,1224.0,8353.8,459.0,5.1,2193.0,5727.3,0.383,222.1,905.6,0.11,0.215,0.215,1032.0,1032.0
majin,martialartist,legendaryforms,innocencedemon,m100,7,5.1,5.1,5.1,1.0,1.0,3.94,1224.0,8353.8,459.0,5.1,2193.0,5727.3,0.383,281.3,1341.6,0.16,0.273,0.273,1032.0,1032.0
majin,martialartist,legendaryforms,giantinnocencedemon,m0,1,8.3,8.3,8.3,1.0,1.0,8.25,1992.0,13595.4,747.0,8.3,2543.7,9318.7,0.273,79.2,191.0,0.01,0.077,0.077,1032.0,1032.0
majin,martialartist,legendaryforms,giantinnocencedemon,m0,3,8.3,8.3,8.3,1.0,1.0,8.25,1992.0,13595.4,747.0,8.3,2271.3,9318.7,0.244,142.5,436.0,0.03,0.138,0.138,1032.0,1032.0
majin,martialartist,legendaryforms,giantinnocencedemon,m0,5,8.3,8.3,8.3,1.0,1.0,8.25,1992.0,13595.4,747.0,8.3,2054.6,9318.7,0.22,237.6,905.6,0.07,0.23,0.23,1032.0,1032.0
majin,martialartist,legendaryforms,giantinnocencedemon,m0,7,8.3,8.3,8.3,1.0,1.0,8.25,1992.0,13595.4,747.0,8.3,2054.6,9318.7,0.22,300.9,1341.6,0.1,0.292,0.292,1032.0,1032.0
majin,martialartist,legendaryforms,giantinnocencedemon,m100,1,12.45,12.45,12.45,1.0,1.0,12.38,2988.0,20393.1,1120.5,12.45,2781.0,13976.2,0.199,83.5,201.4,0.01,0.081,0.081,1032.0,1032.0
majin,martialartist,legendaryforms,giantinnocencedemon,m100,3,12.45,12.45,12.45,1.0,1.0,12.38,2988.0,20393.1,1120.5,12.45,2463.0,13976.2,0.176,150.3,468.3,0.02,0.146,0.146,1032.0,1032.0
majin,martialartist,legendaryforms,giantinnocencedemon,m100,5,12.45,12.45,12.45,1.0,1.0,12.38,2988.0,20393.1,1120.5,12.45,2210.0,13976.2,0.158,250.5,905.6,0.04,0.243,0.243,1032.0,1032.0
majin,martialartist,legendaryforms,giantinnocencedemon,m100,7,12.45,12.45,12.45,1.0,1.0,12.38,2988.0,20393.1,1120.5,12.45,2210.0,13976.2,0.158,317.2,1341.6,0.07,0.307,0.307,1032.0,1032.0
majin,martialartist,legendaryforms,superdemon,m0,1,14.5,14.5,14.0,1.0,1.0,13.62,3480.0,23751.0,1260.0,14.5,2845.9,16271.9,0.175,85.1,202.9,0.01,0.082,0.082,1032.0,1032.0
majin,martialartist,legendaryforms,superdemon,m0,3,14.5,14.5,14.0,1.0,1.0,13.62,3480.0,23751.0,1260.0,14.5,2532.9,16271.9,0.156,153.2,481.6,0.02,0.148,0.148,1032.0,1032.0
majin,martialartist,legendaryforms,superdemon,m0,5,14.5,14.5,14.0,1.0,1.0,13.62,3480.0,23751.0,1260.0,14.5,2266.7,16271.9,0.139,255.3,905.6,0.04,0.247,0.247,1032.0,1032.0
majin,martialartist,legendaryforms,superdemon,m0,7,14.5,14.5,14.0,1.0,1.0,13.62,3480.0,23751.0,1260.0,14.5,2266.7,16271.9,0.139,323.4,1341.6,0.06,0.313,0.313,1032.0,1032.0
majin,martialartist,legendaryforms,superdemon,m100,1,21.75,21.75,21.0,1.0,1.0,20.44,5220.0,35626.5,1890.0,21.75,2970.1,24406.0,0.122,89.4,207.0,0.01,0.087,0.087,1032.0,1032.0
majin,martialartist,legendaryforms,superdemon,m100,3,21.75,21.75,21.0,1.0,1.0,20.44,5220.0,35626.5,1890.0,21.75,2711.3,24406.0,0.111,160.9,515.5,0.01,0.156,0.156,1032.0,1032.0
majin,martialartist,legendaryforms,superdemon,m100,5,21.75,21.75,21.0,1.0,1.0,20.44,5220.0,35626.5,1890.0,21.75,2411.4,24406.0,0.099,268.2,905.6,0.03,0.26,0.26,1032.0,1032.0
majin,martialartist,legendaryforms,superdemon,m100,7,21.75,21.75,21.0,1.0,1.0,20.44,5220.0,35626.5,1890.0,21.75,2411.4,24406.0,0.099,339.7,1341.6,0.04,0.329,0.329,1032.0,1032.0
majin,martialartist,pureforms,kid,m0,1,3.75,3.75,3.75,1.0,1.0,3.5,900.0,6142.5,337.5,3.75,2333.3,4212.2,0.554,70.8,175.2,0.03,0.069,0.069,1032.0,1032.0
majin,martialartist,pureforms,kid,m0,3,3.75,3.75,3.75,1.0,1.0,3.5,900.0,6142.5,337.5,3.75,2683.7,4212.2,0.637,127.4,510.2,0.08,0.123,0.123,1032.0,1032.0
majin,martialartist,pureforms,kid,m0,5,3.75,3.75,3.75,1.0,1.0,3.5,900.0,6142.5,337.5,3.75,1916.8,4212.2,0.455,212.3,905.6,0.15,0.206,0.206,1032.0,1032.0
majin,martialartist,pureforms,kid,m0,7,3.75,3.75,3.75,1.0,1.0,3.5,900.0,6142.5,337.5,3.75,1916.8,4212.2,0.455,268.9,1341.6,0.22,0.261,0.261,1032.0,1032.0
majin,martialartist,pureforms,kid,m100,1,5.62,5.62,5.62,1.0,1.0,5.25,1350.0,9213.8,506.2,5.62,2909.1,6316.5,0.461,75.1,193.4,0.02,0.073,0.073,1032.0,1032.0
majin,martialartist,pureforms,kid,m100,3,5.62,5.62,5.62,1.0,1.0,5.25,1350.0,9213.8,506.2,5.62,3426.6,6316.5,0.542,135.1,598.7,0.06,0.131,0.131,1032.0,1032.0
majin,martialartist,pureforms,kid,m100,5,5.62,5.62,5.62,1.0,1.0,5.25,1350.0,9213.8,506.2,5.62,2293.9,6316.5,0.363,225.2,905.6,0.1,0.218,0.218,1032.0,1032.0
majin,martialartist,pureforms,kid,m100,7,5.62,5.62,5.62,1.0,1.0,5.25,1350.0,9213.8,506.2,5.62,2293.9,6316.5,0.363,285.2,1341.6,0.15,0.276,0.276,1032.0,1032.0
majin,martialartist,pureforms,evil,m0,1,6.25,6.25,6.25,1.0,1.0,6.0,1500.0,10237.5,562.5,6.25,2374.6,7018.0,0.338,76.2,178.3,0.02,0.074,0.074,1032.0,1032.0
majin,martialartist,pureforms,evil,m0,3,6.25,6.25,6.25,1.0,1.0,6.0,1500.0,10237.5,562.5,6.25,2134.7,7018.0,0.304,137.1,436.0,0.04,0.133,0.133,1032.0,1032.0
majin,martialartist,pureforms,evil,m0,5,6.25,6.25,6.25,1.0,1.0,6.0,1500.0,10237.5,562.5,6.25,1943.8,7018.0,0.277,228.5,905.6,0.09,0.221,0.221,1032.0,1032.0
majin,martialartist,pureforms,evil,m0,7,6.25,6.25,6.25,1.0,1.0,6.0,1500.0,10237.5,562.5,6.25,1943.8,7018.0,0.277,289.5,1341.6,0.13,0.281,0.281,1032.0,1032.0
majin,martialartist,pureforms,evil,m100,1,9.38,9.38,9.38,1.0,1.0,9.0,2250.0,15356.2,843.8,9.38,2615.7,10525.2,0.249,80.5,196.4,0.01,0.078,0.078,1032.0,1032.0
majin,martialartist,pureforms,evil,m100,3,9.38,9.38,9.38,1.0,1.0,9.0,2250.0,15356.2,843.8,9.38,2329.5,10525.2,0.221,144.9,442.9,0.03,0.14,0.14,1032.0,1032.0
majin,martialartist,pureforms,evil,m100,5,9.38,9.38,9.38,1.0,1.0,9.0,2250.0,15356.2,843.8,9.38,2101.8,10525.2,0.2,241.4,905.6,0.06,0.234,0.234,1032.0,1032.0
majin,martialartist,pureforms,evil,m100,7,9.38,9.38,9.38,1.0,1.0,9.0,2250.0,15356.2,843.8,9.38,2101.8,10525.2,0.2,305.8,1341.6,0.09,0.296,0.296,1032.0,1032.0
majin,martialartist,pureforms,super,m0,1,10.0,10.0,10.0,1.0,1.0,9.56,2400.0,16380.0,900.0,10.0,2653.7,11226.6,0.236,81.2,199.2,0.01,0.079,0.079,1032.0,1032.0
majin,martialartist,pureforms,super,m0,3,10.0,10.0,10.0,1.0,1.0,9.56,2400.0,16380.0,900.0,10.0,2360.1,11226.6,0.21,146.1,448.7,0.03,0.142,0.142,1032.0,1032.0
majin,martialartist,pureforms,super,m0,5,10.0,10.0,10.0,1.0,1.0,9.56,2400.0,16380.0,900.0,10.0,2126.6,11226.6,0.189,243.5,905.6,0.06,0.236,0.236,1032.0,1032.0
majin,martialartist,pureforms,super,m0,7,10.0,10.0,10.0,1.0,1.0,9.56,2400.0,16380.0,900.0,10.0,2126.6,11226.6,0.189,308.4,1341.6,0.08,0.299,0.299,1032.0,1032.0
majin,martialartist,pureforms,super,m100,1,15.0,15.0,15.0,1.0,1.0,14.34,3600.0,24570.0,1350.0,15.0,2857.9,16838.1,0.17,85.5,203.3,0.01,0.083,0.083,1032.0,1032.0
majin,martialartist,pureforms,super,m100,3,15.0,15.0,15.0,1.0,1.0,14.34,3600.0,24570.0,1350.0,15.0,2548.5,16838.1,0.151,153.8,484.5,0.02,0.149,0.149,1032.0,1032.0
majin,martialartist,pureforms,super,m100,5,15.0,15.0,15.0,1.0,1.0,14.34,3600.0,24570.0,1350.0,15.0,2279.4,16838.1,0.135,256.4,905.6,0.04,0.248,0.248,1032.0,1032.0
majin,martialartist,pureforms,super,m100,7,15.0,15.0,15.0,1.0,1.0,14.34,3600.0,24570.0,1350.0,15.0,2279.4,16838.1,0.135,324.7,1341.6,0.05,0.315,0.315,1032.0,1032.0
majin,martialartist,pureforms,ultra,m0,1,14.5,14.5,14.25,1.0,1.0,13.0,3480.0,23751.0,1282.5,14.5,2846.0,16274.4,0.175,85.1,202.9,0.01,0.082,0.082,1032.0,1032.0
majin,martialartist,pureforms,ultra,m0,3,14.5,14.5,14.25,1.0,1.0,13.0,3480.0,23751.0,1282.5,14.5,2533.0,16274.4,0.156,153.2,481.6,0.02,0.148,0.148,1032.0,1032.0
majin,martialartist,pureforms,ultra,m0,5,14.5,14.5,14.25,1.0,1.0,13.0,3480.0,23751.0,1282.5,14.5,2266.8,16274.4,0.139,255.3,905.6,0.04,0.247,0.247,1032.0,1032.0
majin,martialartist,pureforms,ultra,m0,7,14.5,14.5,14.25,1.0,1.0,13.0,3480.0,23751.0,1282.5,14.5,2266.8,16274.4,0.139,323.4,1341.6,0.06,0.313,0.313,1032.0,1032.0
majin,martialartist,pureforms,ultra,m100,1,21.75,21.75,21.38,1.0,1.0,19.5,5220.0,35626.5,1923.8,21.75,2970.2,24409.8,0.122,89.4,207.0,0.01,0.087,0.087,1032.0,1032.0
majin,martialartist,pureforms,ultra,m100,3,21.75,21.75,21.38,1.0,1.0,19.5,5220.0,35626.5,1923.8,21.75,2711.4,24409.8,0.111,160.9,515.5,0.01,0.156,0.156,1032.0,1032.0
majin,martialartist,pureforms,ultra,m100,5,21.75,21.75,21.38,1.0,1.0,19.5,5220.0,35626.5,1923.8,21.75,2411.5,24409.8,0.099,268.2,905.6,0.03,0.26,0.26,1032.0,1032.0
majin,martialartist,pureforms,ultra,m100,7,21.75,21.75,21.38,1.0,1.0,19.5,5220.0,35626.5,1923.8,21.75,2411.5,24409.8,0.099,339.7,1341.6,0.04,0.329,0.329,1032.0,1032.0
majin,paladin,base,Base,m0,1,1.0,1.0,1.0,1.0,1.0,1.0,280.0,426.0,120.0,1.0,330.5,330.5,1.0,61.8,140.6,0.33,0.06,0.06,1030.0,1030.0
majin,paladin,base,Base,m0,3,1.0,1.0,1.0,1.0,1.0,1.0,280.0,426.0,120.0,1.0,330.5,330.5,1.0,102.0,435.2,1.02,0.099,0.099,1030.0,1030.0
majin,paladin,base,Base,m0,5,1.0,1.0,1.0,1.0,1.0,1.0,280.0,426.0,120.0,1.0,330.5,330.5,1.0,170.0,903.8,2.12,0.165,0.165,1030.0,1030.0
majin,paladin,base,Base,m0,7,1.0,1.0,1.0,1.0,1.0,1.0,280.0,426.0,120.0,1.0,330.5,330.5,1.0,215.3,1339.0,3.14,0.209,0.209,1030.0,1030.0
majin,paladin,custom_forms,dark_oath,m0,1,1.0,1.0,1.0,1.0,1.0,1.0,280.0,426.0,120.0,1.0,330.5,330.5,1.0,61.8,140.6,0.33,0.06,0.06,1030.0,1030.0
majin,paladin,custom_forms,dark_oath,m0,3,1.0,1.0,1.0,1.0,1.0,1.0,280.0,426.0,120.0,1.0,330.5,330.5,1.0,102.0,435.2,1.02,0.099,0.099,1030.0,1030.0
majin,paladin,custom_forms,dark_oath,m0,5,1.0,1.0,1.0,1.0,1.0,1.0,280.0,426.0,120.0,1.0,330.5,330.5,1.0,170.0,903.8,2.12,0.165,0.165,1030.0,1030.0
majin,paladin,custom_forms,dark_oath,m0,7,1.0,1.0,1.0,1.0,1.0,1.0,280.0,426.0,120.0,1.0,330.5,330.5,1.0,215.3,1339.0,3.14,0.209,0.209,1030.0,1030.0
majin,paladin,custom_forms,dark_oath,m100,1,1.0,1.0,1.0,1.0,1.0,1.0,280.0,426.0,120.0,1.0,330.5,330.5,1.0,61.8,140.6,0.33,0.06,0.06,1030.0,1030.0
majin,paladin,custom_forms,dark_oath,m100,3,1.0,1.0,1.0,1.0,1.0,1.0,280.0,426.0,120.0,1.0,330.5,330.5,1.0,102.0,435.2,1.02,0.099,0.099,1030.0,1030.0
majin,paladin,custom_forms,dark_oath,m100,5,1.0,1.0,1.0,1.0,1.0,1.0,280.0,426.0,120.0,1.0,330.5,330.5,1.0,170.0,903.8,2.12,0.165,0.165,1030.0,1030.0
majin,paladin,custom_forms,dark_oath,m100,7,1.0,1.0,1.0,1.0,1.0,1.0,280.0,426.0,120.0,1.0,330.5,330.5,1.0,215.3,1339.0,3.14,0.209,0.209,1030.0,1030.0
majin,paladin,custom_forms,malicious_intent,m0,1,1.0,1.0,1.0,1.0,1.0,1.0,280.0,426.0,120.0,1.0,330.5,330.5,1.0,61.8,140.6,0.33,0.06,0.06,1030.0,1030.0
majin,paladin,custom_forms,malicious_intent,m0,3,1.0,1.0,1.0,1.0,1.0,1.0,280.0,426.0,120.0,1.0,330.5,330.5,1.0,102.0,435.2,1.02,0.099,0.099,1030.0,1030.0
majin,paladin,custom_forms,malicious_intent,m0,5,1.0,1.0,1.0,1.0,1.0,1.0,280.0,426.0,120.0,1.0,330.5,330.5,1.0,170.0,903.8,2.12,0.165,0.165,1030.0,1030.0
majin,paladin,custom_forms,malicious_intent,m0,7,1.0,1.0,1.0,1.0,1.0,1.0,280.0,426.0,120.0,1.0,330.5,330.5,1.0,215.3,1339.0,3.14,0.209,0.209,1030.0,1030.0
majin,paladin,custom_forms,malicious_intent,m100,1,1.0,1.0,1.0,1.0,1.0,1.0,280.0,426.0,120.0,1.0,330.5,330.5,1.0,61.8,140.6,0.33,0.06,0.06,1030.0,1030.0
majin,paladin,custom_forms,malicious_intent,m100,3,1.0,1.0,1.0,1.0,1.0,1.0,280.0,426.0,120.0,1.0,330.5,330.5,1.0,102.0,435.2,1.02,0.099,0.099,1030.0,1030.0
majin,paladin,custom_forms,malicious_intent,m100,5,1.0,1.0,1.0,1.0,1.0,1.0,280.0,426.0,120.0,1.0,330.5,330.5,1.0,170.0,903.8,2.12,0.165,0.165,1030.0,1030.0
majin,paladin,custom_forms,malicious_intent,m100,7,1.0,1.0,1.0,1.0,1.0,1.0,280.0,426.0,120.0,1.0,330.5,330.5,1.0,215.3,1339.0,3.14,0.209,0.209,1030.0,1030.0
majin,paladin,legendaryforms,innocencedemon,m0,1,3.4,3.4,3.4,1.0,1.0,2.62,952.0,1448.4,408.0,3.4,648.3,1115.8,0.581,69.6,140.6,0.1,0.068,0.068,1030.0,1030.0
majin,paladin,legendaryforms,innocencedemon,m0,3,3.4,3.4,3.4,1.0,1.0,2.62,952.0,1448.4,408.0,3.4,740.6,1115.8,0.664,125.3,435.2,0.3,0.122,0.122,1030.0,1030.0
majin,paladin,legendaryforms,innocencedemon,m0,5,3.4,3.4,3.4,1.0,1.0,2.62,952.0,1448.4,408.0,3.4,538.7,1115.8,0.483,208.8,903.8,0.62,0.203,0.203,1030.0,1030.0
majin,paladin,legendaryforms,innocencedemon,m0,7,3.4,3.4,3.4,1.0,1.0,2.62,952.0,1448.4,408.0,3.4,538.7,1115.8,0.483,264.5,1339.0,0.92,0.257,0.257,1030.0,1030.0
majin,paladin,legendaryforms,innocencedemon,m100,1,5.1,5.1,5.1,1.0,1.0,3.94,1428.0,2172.6,612.0,5.1,805.5,1672.1,0.482,73.9,140.6,0.06,0.072,0.072,1030.0,1030.0
majin,paladin,legendaryforms,innocencedemon,m100,3,5.1,5.1,5.1,1.0,1.0,3.94,1428.0,2172.6,612.0,5.1,943.3,1672.1,0.564,133.0,435.2,0.2,0.129,0.129,1030.0,1030.0
majin,paladin,legendaryforms,innocencedemon,m100,5,5.1,5.1,5.1,1.0,1.0,3.94,1428.0,2172.6,612.0,5.1,641.6,1672.1,0.384,221.6,903.8,0.42,0.215,0.215,1030.0,1030.0
majin,paladin,legendaryforms,innocencedemon,m100,7,5.1,5.1,5.1,1.0,1.0,3.94,1428.0,2172.6,612.0,5.1,641.6,1672.1,0.384,280.8,1339.0,0.62,0.273,0.273,1030.0,1030.0
majin,paladin,legendaryforms,giantinnocencedemon,m0,1,8.3,8.3,8.3,1.0,1.0,8.25,2324.0,3535.8,996.0,8.3,743.9,2719.2,0.274,79.0,140.6,0.04,0.077,0.077,1030.0,1030.0
majin,paladin,legendaryforms,giantinnocencedemon,m0,3,8.3,8.3,8.3,1.0,1.0,8.25,2324.0,3535.8,996.0,8.3,664.4,2719.2,0.244,142.3,435.2,0.12,0.138,0.138,1030.0,1030.0
majin,paladin,legendaryforms,giantinnocencedemon,m0,5,8.3,8.3,8.3,1.0,1.0,8.25,2324.0,3535.8,996.0,8.3,601.2,2719.2,0.221,237.1,903.8,0.26,0.23,0.23,1030.0,1030.0
majin,paladin,legendaryforms,giantinnocencedemon,m0,7,8.3,8.3,8.3,1.0,1.0,8.25,2324.0,3535.8,996.0,8.3,601.2,2719.2,0.221,300.3,1339.0,0.38,0.292,0.292,1030.0,1030.0
majin,paladin,legendaryforms,giantinnocencedemon,m100,1,12.45,12.45,12.45,1.0,1.0,12.38,3486.0,5303.7,1494.0,12.45,813.0,4077.2,0.199,83.3,140.6,0.03,0.081,0.081,1030.0,1030.0
majin,paladin,legendaryforms,giantinnocencedemon,m100,3,12.45,12.45,12.45,1.0,1.0,12.38,3486.0,5303.7,1494.0,12.45,720.3,4077.2,0.177,150.0,435.2,0.08,0.146,0.146,1030.0,1030.0
majin,paladin,legendaryforms,giantinnocencedemon,m100,5,12.45,12.45,12.45,1.0,1.0,12.38,3486.0,5303.7,1494.0,12.45,646.6,4077.2,0.159,250.0,903.8,0.17,0.243,0.243,1030.0,1030.0
majin,paladin,legendaryforms,giantinnocencedemon,m100,7,12.45,12.45,12.45,1.0,1.0,12.38,3486.0,5303.7,1494.0,12.45,646.6,4077.2,0.159,316.6,1339.0,0.25,0.307,0.307,1030.0,1030.0
majin,paladin,legendaryforms,superdemon,m0,1,14.5,14.5,14.0,1.0,1.0,13.62,4060.0,6177.0,1680.0,14.5,831.7,4741.3,0.175,84.9,140.6,0.02,0.082,0.082,1030.0,1030.0
majin,paladin,legendaryforms,superdemon,m0,3,14.5,14.5,14.0,1.0,1.0,13.62,4060.0,6177.0,1680.0,14.5,740.5,4741.3,0.156,152.9,435.2,0.07,0.148,0.148,1030.0,1030.0
majin,paladin,legendaryforms,superdemon,m0,5,14.5,14.5,14.0,1.0,1.0,13.62,4060.0,6177.0,1680.0,14.5,662.9,4741.3,0.14,254.8,903.8,0.15,0.247,0.247,1030.0,1030.0
majin,paladin,legendaryforms,superdemon,m0,7,14.5,14.5,14.0,1.0,1.0,13.62,4060.0,6177.0,1680.0,14.5,662.9,4741.3,0.14,322.8,1339.0,0.22,0.313,0.313,1030.0,1030.0
majin,paladin,legendaryforms,superdemon,m100,1,21.75,21.75,21.0,1.0,1.0,20.44,6090.0,9265.5,2520.0,21.75,867.9,7110.3,0.122,89.2,140.6,0.02,0.087,0.087,1030.0,1030.0
majin,paladin,legendaryforms,superdemon,m100,3,21.75,21.75,21.0,1.0,1.0,20.44,6090.0,9265.5,2520.0,21.75,792.5,7110.3,0.111,160.6,435.2,0.05,0.156,0.156,1030.0,1030.0
majin,paladin,legendaryforms,superdemon,m100,5,21.75,21.75,21.0,1.0,1.0,20.44,6090.0,9265.5,2520.0,21.75,705.1,7110.3,0.099,267.7,903.8,0.1,0.26,0.26,1030.0,1030.0
majin,paladin,legendaryforms,superdemon,m100,7,21.75,21.75,21.0,1.0,1.0,20.44,6090.0,9265.5,2520.0,21.75,705.1,7110.3,0.099,339.1,1339.0,0.14,0.329,0.329,1030.0,1030.0
majin,paladin,pureforms,kid,m0,1,3.75,3.75,3.75,1.0,1.0,3.5,1050.0,1597.5,450.0,3.75,682.5,1230.3,0.555,70.6,140.6,0.09,0.069,0.069,1030.0,1030.0
majin,paladin,pureforms,kid,m0,3,3.75,3.75,3.75,1.0,1.0,3.5,1050.0,1597.5,450.0,3.75,784.7,1230.3,0.638,127.1,435.2,0.27,0.123,0.123,1030.0,1030.0
majin,paladin,pureforms,kid,m0,5,3.75,3.75,3.75,1.0,1.0,3.5,1050.0,1597.5,450.0,3.75,561.1,1230.3,0.456,211.9,903.8,0.57,0.206,0.206,1030.0,1030.0
majin,paladin,pureforms,kid,m0,7,3.75,3.75,3.75,1.0,1.0,3.5,1050.0,1597.5,450.0,3.75,561.1,1230.3,0.456,268.4,1339.0,0.84,0.261,0.261,1030.0,1030.0
majin,paladin,pureforms,kid,m100,1,5.62,5.62,5.62,1.0,1.0,5.25,1575.0,2396.2,675.0,5.62,850.4,1843.9,0.461,74.9,140.6,0.06,0.073,0.073,1030.0,1030.0
majin,paladin,pureforms,kid,m100,3,5.62,5.62,5.62,1.0,1.0,5.25,1575.0,2396.2,675.0,5.62,1001.3,1843.9,0.543,134.9,435.2,0.18,0.131,0.131,1030.0,1030.0
majin,paladin,pureforms,kid,m100,5,5.62,5.62,5.62,1.0,1.0,5.25,1575.0,2396.2,675.0,5.62,671.0,1843.9,0.364,224.8,903.8,0.38,0.218,0.218,1030.0,1030.0
majin,paladin,pureforms,kid,m100,7,5.62,5.62,5.62,1.0,1.0,5.25,1575.0,2396.2,675.0,5.62,671.0,1843.9,0.364,284.7,1339.0,0.56,0.276,0.276,1030.0,1030.0
majin,paladin,pureforms,evil,m0,1,6.25,6.25,6.25,1.0,1.0,6.0,1750.0,2662.5,750.0,6.25,694.5,2048.4,0.339,76.0,140.6,0.05,0.074,0.074,1030.0,1030.0
majin,paladin,pureforms,evil,m0,3,6.25,6.25,6.25,1.0,1.0,6.0,1750.0,2662.5,750.0,6.25,624.6,2048.4,0.305,136.9,435.2,0.16,0.133,0.133,1030.0,1030.0
majin,paladin,pureforms,evil,m0,5,6.25,6.25,6.25,1.0,1.0,6.0,1750.0,2662.5,750.0,6.25,568.9,2048.4,0.278,228.1,903.8,0.34,0.221,0.221,1030.0,1030.0
majin,paladin,pureforms,evil,m0,7,6.25,6.25,6.25,1.0,1.0,6.0,1750.0,2662.5,750.0,6.25,568.9,2048.4,0.278,288.9,1339.0,0.5,0.281,0.281,1030.0,1030.0
majin,paladin,pureforms,evil,m100,1,9.38,9.38,9.38,1.0,1.0,9.0,2625.0,3993.8,1125.0,9.38,764.8,3071.0,0.249,80.3,140.6,0.04,0.078,0.078,1030.0,1030.0
majin,paladin,pureforms,evil,m100,3,9.38,9.38,9.38,1.0,1.0,9.0,2625.0,3993.8,1125.0,9.38,681.4,3071.0,0.222,144.6,435.2,0.11,0.14,0.14,1030.0,1030.0
majin,paladin,pureforms,evil,m100,5,9.38,9.38,9.38,1.0,1.0,9.0,2625.0,3993.8,1125.0,9.38,615.0,3071.0,0.2,241.0,903.8,0.23,0.234,0.234,1030.0,1030.0
majin,paladin,pureforms,evil,m100,7,9.38,9.38,9.38,1.0,1.0,9.0,2625.0,3993.8,1125.0,9.38,615.0,3071.0,0.2,305.2,1339.0,0.34,0.296,0.296,1030.0,1030.0
majin,paladin,pureforms,super,m0,1,10.0,10.0,10.0,1.0,1.0,9.56,2800.0,4260.0,1200.0,10.0,775.9,3275.5,0.237,81.0,140.6,0.03,0.079,0.079,1030.0,1030.0
majin,paladin,pureforms,super,m0,3,10.0,10.0,10.0,1.0,1.0,9.56,2800.0,4260.0,1200.0,10.0,690.3,3275.5,0.211,145.8,435.2,0.1,0.142,0.142,1030.0,1030.0
majin,paladin,pureforms,super,m0,5,10.0,10.0,10.0,1.0,1.0,9.56,2800.0,4260.0,1200.0,10.0,622.2,3275.5,0.19,243.0,903.8,0.21,0.236,0.236,1030.0,1030.0
majin,paladin,pureforms,super,m0,7,10.0,10.0,10.0,1.0,1.0,9.56,2800.0,4260.0,1200.0,10.0,622.2,3275.5,0.19,307.8,1339.0,0.31,0.299,0.299,1030.0,1030.0
majin,paladin,pureforms,super,m100,1,15.0,15.0,15.0,1.0,1.0,14.34,4200.0,6390.0,1800.0,15.0,835.5,4911.6,0.17,85.3,140.6,0.02,0.083,0.083,1030.0,1030.0
majin,paladin,pureforms,super,m100,3,15.0,15.0,15.0,1.0,1.0,14.34,4200.0,6390.0,1800.0,15.0,745.2,4911.6,0.152,153.5,435.2,0.07,0.149,0.149,1030.0,1030.0
majin,paladin,pureforms,super,m100,5,15.0,15.0,15.0,1.0,1.0,14.34,4200.0,6390.0,1800.0,15.0,666.8,4911.6,0.136,255.9,903.8,0.14,0.248,0.248,1030.0,1030.0
majin,paladin,pureforms,super,m100,7,15.0,15.0,15.0,1.0,1.0,14.34,4200.0,6390.0,1800.0,15.0,666.8,4911.6,0.136,324.1,1339.0,0.21,0.315,0.315,1030.0,1030.0
majin,paladin,pureforms,ultra,m0,1,14.5,14.5,14.25,1.0,1.0,13.0,4060.0,6177.0,1710.0,14.5,831.9,4744.6,0.175,84.9,140.6,0.02,0.082,0.082,1030.0,1030.0
majin,paladin,pureforms,ultra,m0,3,14.5,14.5,14.25,1.0,1.0,13.0,4060.0,6177.0,1710.0,14.5,740.6,4744.6,0.156,152.9,435.2,0.07,0.148,0.148,1030.0,1030.0
majin,paladin,pureforms,ultra,m0,5,14.5,14.5,14.25,1.0,1.0,13.0,4060.0,6177.0,1710.0,14.5,663.0,4744.6,0.14,254.8,903.8,0.15,0.247,0.247,1030.0,1030.0
majin,paladin,pureforms,ultra,m0,7,14.5,14.5,14.25,1.0,1.0,13.0,4060.0,6177.0,1710.0,14.5,663.0,4744.6,0.14,322.8,1339.0,0.22,0.313,0.313,1030.0,1030.0
majin,paladin,pureforms,ultra,m100,1,21.75,21.75,21.38,1.0,1.0,19.5,6090.0,9265.5,2565.0,21.75,868.1,7115.3,0.122,89.2,140.6,0.02,0.087,0.087,1030.0,1030.0
majin,paladin,pureforms,ultra,m100,3,21.75,21.75,21.38,1.0,1.0,19.5,6090.0,9265.5,2565.0,21.75,792.6,7115.3,0.111,160.6,435.2,0.05,0.156,0.156,1030.0,1030.0
majin,paladin,pureforms,ultra,m100,5,21.75,21.75,21.38,1.0,1.0,19.5,6090.0,9265.5,2565.0,21.75,705.2,7115.3,0.099,267.7,903.8,0.1,0.26,0.26,1030.0,1030.0
majin,paladin,pureforms,ultra,m100,7,21.75,21.75,21.38,1.0,1.0,19.5,6090.0,9265.5,2565.0,21.75,705.2,7115.3,0.099,339.1,1339.0,0.14,0.329,0.329,1030.0,1030.0
majin,tank,base,Base,m0,1,1.0,1.0,1.0,1.0,1.0,1.0,120.0,140.0,50.0,1.0,113.3,113.3,1.0,23.8,245.0,1.75,0.013,0.06,1795.0,1795.0
majin,tank,base,Base,m0,3,1.0,1.0,1.0,1.0,1.0,1.0,120.0,140.0,50.0,1.0,113.3,113.3,1.0,73.7,758.4,5.42,0.041,0.099,1795.0,1795.0
majin,tank,base,Base,m0,5,1.0,1.0,1.0,1.0,1.0,1.0,120.0,140.0,50.0,1.0,113.3,113.3,1.0,153.0,1575.1,11.25,0.085,0.165,1795.0,1795.0
majin,tank,base,Base,m0,7,1.0,1.0,1.0,1.0,1.0,1.0,120.0,140.0,50.0,1.0,113.3,113.3,1.0,226.6,2333.5,16.67,0.126,0.209,1795.0,1795.0
majin,tank,custom_forms,dark_oath,m0,1,1.0,1.0,1.0,1.0,1.0,1.0,120.0,140.0,50.0,1.0,113.3,113.3,1.0,23.8,245.0,1.75,0.013,0.06,1795.0,1795.0
majin,tank,custom_forms,dark_oath,m0,3,1.0,1.0,1.0,1.0,1.0,1.0,120.0,140.0,50.0,1.0,113.3,113.3,1.0,73.7,758.4,5.42,0.041,0.099,1795.0,1795.0
majin,tank,custom_forms,dark_oath,m0,5,1.0,1.0,1.0,1.0,1.0,1.0,120.0,140.0,50.0,1.0,113.3,113.3,1.0,153.0,1575.1,11.25,0.085,0.165,1795.0,1795.0
majin,tank,custom_forms,dark_oath,m0,7,1.0,1.0,1.0,1.0,1.0,1.0,120.0,140.0,50.0,1.0,113.3,113.3,1.0,226.6,2333.5,16.67,0.126,0.209,1795.0,1795.0
majin,tank,custom_forms,dark_oath,m100,1,1.0,1.0,1.0,1.0,1.0,1.0,120.0,140.0,50.0,1.0,113.3,113.3,1.0,23.8,245.0,1.75,0.013,0.06,1795.0,1795.0
majin,tank,custom_forms,dark_oath,m100,3,1.0,1.0,1.0,1.0,1.0,1.0,120.0,140.0,50.0,1.0,113.3,113.3,1.0,73.7,758.4,5.42,0.041,0.099,1795.0,1795.0
majin,tank,custom_forms,dark_oath,m100,5,1.0,1.0,1.0,1.0,1.0,1.0,120.0,140.0,50.0,1.0,113.3,113.3,1.0,153.0,1575.1,11.25,0.085,0.165,1795.0,1795.0
majin,tank,custom_forms,dark_oath,m100,7,1.0,1.0,1.0,1.0,1.0,1.0,120.0,140.0,50.0,1.0,113.3,113.3,1.0,226.6,2333.5,16.67,0.126,0.209,1795.0,1795.0
majin,tank,custom_forms,malicious_intent,m0,1,1.0,1.0,1.0,1.0,1.0,1.0,120.0,140.0,50.0,1.0,113.3,113.3,1.0,23.8,245.0,1.75,0.013,0.06,1795.0,1795.0
majin,tank,custom_forms,malicious_intent,m0,3,1.0,1.0,1.0,1.0,1.0,1.0,120.0,140.0,50.0,1.0,113.3,113.3,1.0,73.7,758.4,5.42,0.041,0.099,1795.0,1795.0
majin,tank,custom_forms,malicious_intent,m0,5,1.0,1.0,1.0,1.0,1.0,1.0,120.0,140.0,50.0,1.0,113.3,113.3,1.0,153.0,1575.1,11.25,0.085,0.165,1795.0,1795.0
majin,tank,custom_forms,malicious_intent,m0,7,1.0,1.0,1.0,1.0,1.0,1.0,120.0,140.0,50.0,1.0,113.3,113.3,1.0,226.6,2333.5,16.67,0.126,0.209,1795.0,1795.0
majin,tank,custom_forms,malicious_intent,m100,1,1.0,1.0,1.0,1.0,1.0,1.0,120.0,140.0,50.0,1.0,113.3,113.3,1.0,23.8,245.0,1.75,0.013,0.06,1795.0,1795.0
majin,tank,custom_forms,malicious_intent,m100,3,1.0,1.0,1.0,1.0,1.0,1.0,120.0,140.0,50.0,1.0,113.3,113.3,1.0,73.7,758.4,5.42,0.041,0.099,1795.0,1795.0
majin,tank,custom_forms,malicious_intent,m100,5,1.0,1.0,1.0,1.0,1.0,1.0,120.0,140.0,50.0,1.0,113.3,113.3,1.0,153.0,1575.1,11.25,0.085,0.165,1795.0,1795.0
majin,tank,custom_forms,malicious_intent,m100,7,1.0,1.0,1.0,1.0,1.0,1.0,120.0,140.0,50.0,1.0,113.3,113.3,1.0,226.6,2333.5,16.67,0.126,0.209,1795.0,1795.0
majin,tank,legendaryforms,innocencedemon,m0,1,3.4,3.4,3.4,1.0,1.0,2.62,408.0,476.0,170.0,3.4,222.0,381.8,0.581,46.6,245.0,0.51,0.026,0.068,1795.0,1795.0
majin,tank,legendaryforms,innocencedemon,m0,3,3.4,3.4,3.4,1.0,1.0,2.62,408.0,476.0,170.0,3.4,253.5,381.8,0.664,164.8,758.4,1.59,0.092,0.122,1795.0,1795.0
majin,tank,legendaryforms,innocencedemon,m0,5,3.4,3.4,3.4,1.0,1.0,2.62,408.0,476.0,170.0,3.4,184.5,381.8,0.483,264.0,1575.1,3.31,0.147,0.203,1795.0,1795.0
majin,tank,legendaryforms,innocencedemon,m0,7,3.4,3.4,3.4,1.0,1.0,2.62,408.0,476.0,170.0,3.4,184.5,381.8,0.483,405.9,2333.5,4.9,0.226,0.257,1795.0,1795.0
majin,tank,legendaryforms,innocencedemon,m100,1,5.1,5.1,5.1,1.0,1.0,3.94,612.0,714.0,255.0,5.1,275.7,572.0,0.482,57.9,245.0,0.34,0.032,0.072,1795.0,1795.0
majin,tank,legendaryforms,innocencedemon,m100,3,5.1,5.1,5.1,1.0,1.0,3.94,612.0,714.0,255.0,5.1,322.8,572.0,0.564,209.8,758.4,1.06,0.117,0.129,1795.0,1795.0
majin,tank,legendaryforms,innocencedemon,m100,5,5.1,5.1,5.1,1.0,1.0,3.94,612.0,714.0,255.0,5.1,219.7,572.0,0.384,314.4,1575.1,2.21,0.175,0.215,1795.0,1795.0
majin,tank,legendaryforms,innocencedemon,m100,7,5.1,5.1,5.1,1.0,1.0,3.94,612.0,714.0,255.0,5.1,219.7,572.0,0.384,483.3,2333.5,3.27,0.269,0.273,1795.0,1795.0
majin,tank,legendaryforms,giantinnocencedemon,m0,1,8.3,8.3,8.3,1.0,1.0,8.25,996.0,1162.0,415.0,8.3,254.6,930.0,0.274,53.5,245.0,0.21,0.03,0.077,1795.0,1795.0
majin,tank,legendaryforms,giantinnocencedemon,m0,3,8.3,8.3,8.3,1.0,1.0,8.25,996.0,1162.0,415.0,8.3,227.5,930.0,0.245,147.9,758.4,0.65,0.082,0.138,1795.0,1795.0
majin,tank,legendaryforms,giantinnocencedemon,m0,5,8.3,8.3,8.3,1.0,1.0,8.25,996.0,1162.0,415.0,8.3,205.9,930.0,0.221,294.6,1575.1,1.36,0.164,0.23,1795.0,1795.0
majin,tank,legendaryforms,giantinnocencedemon,m0,7,8.3,8.3,8.3,1.0,1.0,8.25,996.0,1162.0,415.0,8.3,205.9,930.0,0.221,453.0,2333.5,2.01,0.252,0.292,1795.0,1795.0
majin,tank,legendaryforms,giantinnocencedemon,m100,1,12.45,12.45,12.45,1.0,1.0,12.38,1494.0,1743.0,622.5,12.45,278.3,1394.3,0.2,58.4,245.0,0.14,0.033,0.081,1795.0,1795.0
majin,tank,legendaryforms,giantinnocencedemon,m100,3,12.45,12.45,12.45,1.0,1.0,12.38,1494.0,1743.0,622.5,12.45,246.6,1394.3,0.177,160.3,758.4,0.44,0.089,0.146,1795.0,1795.0
majin,tank,legendaryforms,giantinnocencedemon,m100,5,12.45,12.45,12.45,1.0,1.0,12.38,1494.0,1743.0,622.5,12.45,221.4,1394.3,0.159,316.8,1575.1,0.9,0.176,0.243,1795.0,1795.0
majin,tank,legendaryforms,giantinnocencedemon,m100,7,12.45,12.45,12.45,1.0,1.0,12.38,1494.0,1743.0,622.5,12.45,221.4,1394.3,0.159,487.0,2333.5,1.34,0.271,0.307,1795.0,1795.0
majin,tank,legendaryforms,superdemon,m0,1,14.5,14.5,14.0,1.0,1.0,13.62,1740.0,2030.0,700.0,14.5,284.7,1620.8,0.176,59.8,245.0,0.12,0.033,0.082,1795.0,1795.0
majin,tank,legendaryforms,superdemon,m0,3,14.5,14.5,14.0,1.0,1.0,13.62,1740.0,2030.0,700.0,14.5,253.5,1620.8,0.156,164.8,758.4,0.37,0.092,0.148,1795.0,1795.0
majin,tank,legendaryforms,superdemon,m0,5,14.5,14.5,14.0,1.0,1.0,13.62,1740.0,2030.0,700.0,14.5,227.0,1620.8,0.14,324.8,1575.1,0.78,0.181,0.247,1795.0,1795.0
majin,tank,legendaryforms,superdemon,m0,7,14.5,14.5,14.0,1.0,1.0,13.62,1740.0,2030.0,700.0,14.5,227.0,1620.8,0.14,499.3,2333.5,1.15,0.278,0.313,1795.0,1795.0
majin,tank,legendaryforms,superdemon,m100,1,21.75,21.75,21.0,1.0,1.0,20.44,2610.0,3045.0,1050.0,21.75,297.0,2430.5,0.122,62.4,245.0,0.08,0.035,0.087,1795.0,1795.0
majin,tank,legendaryforms,superdemon,m100,3,21.75,21.75,21.0,1.0,1.0,20.44,2610.0,3045.0,1050.0,21.75,271.3,2430.5,0.112,176.3,758.4,0.25,0.098,0.156,1795.0,1795.0
majin,tank,legendaryforms,superdemon,m100,5,21.75,21.75,21.0,1.0,1.0,20.44,2610.0,3045.0,1050.0,21.75,241.4,2430.5,0.099,345.4,1575.1,0.52,0.192,0.26,1795.0,1795.0
majin,tank,legendaryforms,superdemon,m100,7,21.75,21.75,21.0,1.0,1.0,20.44,2610.0,3045.0,1050.0,21.75,241.4,2430.5,0.099,531.0,2333.5,0.77,0.296,0.329,1795.0,1795.0
majin,tank,pureforms,kid,m0,1,3.75,3.75,3.75,1.0,1.0,3.5,450.0,525.0,187.5,3.75,233.7,421.0,0.555,49.1,245.0,0.47,0.027,0.069,1795.0,1795.0
majin,tank,pureforms,kid,m0,3,3.75,3.75,3.75,1.0,1.0,3.5,450.0,525.0,187.5,3.75,268.6,421.0,0.638,174.6,758.4,1.44,0.097,0.123,1795.0,1795.0
majin,tank,pureforms,kid,m0,5,3.75,3.75,3.75,1.0,1.0,3.5,450.0,525.0,187.5,3.75,192.2,421.0,0.456,275.0,1575.1,3.0,0.153,0.206,1795.0,1795.0
majin,tank,pureforms,kid,m0,7,3.75,3.75,3.75,1.0,1.0,3.5,450.0,525.0,187.5,3.75,192.2,421.0,0.456,422.7,2333.5,4.44,0.236,0.261,1795.0,1795.0
majin,tank,pureforms,kid,m100,1,5.62,5.62,5.62,1.0,1.0,5.25,675.0,787.5,281.2,5.62,291.1,630.7,0.461,61.1,245.0,0.31,0.034,0.073,1795.0,1795.0
majin,tank,pureforms,kid,m100,3,5.62,5.62,5.62,1.0,1.0,5.25,675.0,787.5,281.2,5.62,342.7,630.7,0.543,222.7,758.4,0.96,0.124,0.131,1795.0,1795.0
majin,tank,pureforms,kid,m100,5,5.62,5.62,5.62,1.0,1.0,5.25,675.0,787.5,281.2,5.62,229.7,630.7,0.364,328.8,1575.1,2.0,0.183,0.218,1795.0,1795.0
majin,tank,pureforms,kid,m100,7,5.62,5.62,5.62,1.0,1.0,5.25,675.0,787.5,281.2,5.62,229.7,630.7,0.364,496.1,2333.5,2.96,0.276,0.276,1795.0,1795.0
majin,tank,pureforms,evil,m0,1,6.25,6.25,6.25,1.0,1.0,6.0,750.0,875.0,312.5,6.25,237.8,700.7,0.339,49.9,245.0,0.28,0.028,0.074,1795.0,1795.0
majin,tank,pureforms,evil,m0,3,6.25,6.25,6.25,1.0,1.0,6.0,750.0,875.0,312.5,6.25,213.9,700.7,0.305,139.0,758.4,0.87,0.077,0.133,1795.0,1795.0
majin,tank,pureforms,evil,m0,5,6.25,6.25,6.25,1.0,1.0,6.0,750.0,875.0,312.5,6.25,194.8,700.7,0.278,278.8,1575.1,1.8,0.155,0.221,1795.0,1795.0
majin,tank,pureforms,evil,m0,7,6.25,6.25,6.25,1.0,1.0,6.0,750.0,875.0,312.5,6.25,194.8,700.7,0.278,428.7,2333.5,2.67,0.239,0.281,1795.0,1795.0
majin,tank,pureforms,evil,m100,1,9.38,9.38,9.38,1.0,1.0,9.0,1125.0,1312.5,468.8,9.38,261.8,1050.3,0.249,55.0,245.0,0.19,0.031,0.078,1795.0,1795.0
majin,tank,pureforms,evil,m100,3,9.38,9.38,9.38,1.0,1.0,9.0,1125.0,1312.5,468.8,9.38,233.3,1050.3,0.222,151.6,758.4,0.58,0.084,0.14,1795.0,1795.0
majin,tank,pureforms,evil,m100,5,9.38,9.38,9.38,1.0,1.0,9.0,1125.0,1312.5,468.8,9.38,210.6,1050.3,0.201,301.4,1575.1,1.2,0.168,0.234,1795.0,1795.0
majin,tank,pureforms,evil,m100,7,9.38,9.38,9.38,1.0,1.0,9.0,1125.0,1312.5,468.8,9.38,210.6,1050.3,0.201,463.3,2333.5,1.78,0.258,0.296,1795.0,1795.0
majin,tank,pureforms,super,m0,1,10.0,10.0,10.0,1.0,1.0,9.56,1200.0,1400.0,500.0,10.0,265.6,1120.2,0.237,55.8,245.0,0.18,0.031,0.079,1795.0,1795.0
majin,tank,pureforms,super,m0,3,10.0,10.0,10.0,1.0,1.0,9.56,1200.0,1400.0,500.0,10.0,236.3,1120.2,0.211,153.6,758.4,0.54,0.086,0.142,1795.0,1795.0
majin,tank,pureforms,super,m0,5,10.0,10.0,10.0,1.0,1.0,9.56,1200.0,1400.0,500.0,10.0,213.1,1120.2,0.19,304.9,1575.1,1.13,0.17,0.236,1795.0,1795.0
majin,tank,pureforms,super,m0,7,10.0,10.0,10.0,1.0,1.0,9.56,1200.0,1400.0,500.0,10.0,213.1,1120.2,0.19,468.8,2333.5,1.67,0.261,0.299,1795.0,1795.0
majin,tank,pureforms,super,m100,1,15.0,15.0,15.0,1.0,1.0,14.34,1800.0,2100.0,750.0,15.0,286.0,1679.6,0.17,60.1,245.0,0.12,0.033,0.083,1795.0,1795.0
majin,tank,pureforms,super,m100,3,15.0,15.0,15.0,1.0,1.0,14.34,1800.0,2100.0,750.0,15.0,255.1,1679.6,0.152,165.8,758.4,0.36,0.092,0.149,1795.0,1795.0
majin,tank,pureforms,super,m100,5,15.0,15.0,15.0,1.0,1.0,14.34,1800.0,2100.0,750.0,15.0,228.3,1679.6,0.136,326.7,1575.1,0.75,0.182,0.248,1795.0,1795.0
majin,tank,pureforms,super,m100,7,15.0,15.0,15.0,1.0,1.0,14.34,1800.0,2100.0,750.0,15.0,228.3,1679.6,0.136,502.3,2333.5,1.11,0.28,0.315,1795.0,1795.0
majin,tank,pureforms,ultra,m0,1,14.5,14.5,14.25,1.0,1.0,13.0,1740.0,2030.0,712.5,14.5,284.7,1622.2,0.176,59.8,245.0,0.12,0.033,0.082,1795.0,1795.0
majin,tank,pureforms,ultra,m0,3,14.5,14.5,14.25,1.0,1.0,13.0,1740.0,2030.0,712.5,14.5,253.5,1622.2,0.156,164.8,758.4,0.37,0.092,0.148,1795.0,1795.0
majin,tank,pureforms,ultra,m0,5,14.5,14.5,14.25,1.0,1.0,13.0,1740.0,2030.0,712.5,14.5,227.0,1622.2,0.14,324.8,1575.1,0.78,0.181,0.247,1795.0,1795.0
majin,tank,pureforms,ultra,m0,7,14.5,14.5,14.25,1.0,1.0,13.0,1740.0,2030.0,712.5,14.5,227.0,1622.2,0.14,499.4,2333.5,1.15,0.278,0.313,1795.0,1795.0
majin,tank,pureforms,ultra,m100,1,21.75,21.75,21.38,1.0,1.0,19.5,2610.0,3045.0,1068.8,21.75,297.1,2432.6,0.122,62.4,245.0,0.08,0.035,0.087,1795.0,1795.0
majin,tank,pureforms,ultra,m100,3,21.75,21.75,21.38,1.0,1.0,19.5,2610.0,3045.0,1068.8,21.75,271.3,2432.6,0.112,176.4,758.4,0.25,0.098,0.156,1795.0,1795.0
majin,tank,pureforms,ultra,m100,5,21.75,21.75,21.38,1.0,1.0,19.5,2610.0,3045.0,1068.8,21.75,241.4,2432.6,0.099,345.5,1575.1,0.52,0.192,0.26,1795.0,1795.0
majin,tank,pureforms,ultra,m100,7,21.75,21.75,21.38,1.0,1.0,19.5,2610.0,3045.0,1068.8,21.75,241.4,2432.6,0.099,531.1,2333.5,0.77,0.296,0.329,1795.0,1795.0
monkey,cleric,base,Base,m0,1,1.0,1.0,1.0,1.0,1.0,1.0,50.0,75.0,640.0,1.0,462.8,462.8,1.0,37.2,84.6,0.13,0.06,0.06,620.0,620.0
monkey,cleric,base,Base,m0,3,1.0,1.0,1.0,1.0,1.0,1.0,50.0,75.0,640.0,1.0,462.8,462.8,1.0,61.4,261.9,0.41,0.099,0.099,620.0,620.0
monkey,cleric,base,Base,m0,5,1.0,1.0,1.0,1.0,1.0,1.0,50.0,75.0,640.0,1.0,462.8,462.8,1.0,102.3,544.1,0.85,0.165,0.165,620.0,620.0
monkey,cleric,base,Base,m0,7,1.0,1.0,1.0,1.0,1.0,1.0,50.0,75.0,640.0,1.0,462.8,462.8,1.0,129.6,806.0,1.26,0.209,0.209,620.0,620.0
monkey,cleric,legendaryforms,gear1,m0,1,3.25,3.25,3.25,1.0,1.0,3.25,162.5,243.8,2080.0,3.25,868.2,1448.4,0.599,41.6,84.6,0.04,0.067,0.067,620.0,620.0
monkey,cleric,legendaryforms,gear1,m0,3,3.25,3.25,3.25,1.0,1.0,3.25,162.5,243.8,2080.0,3.25,985.9,1448.4,0.681,74.9,261.9,0.13,0.121,0.121,620.0,620.0
monkey,cleric,legendaryforms,gear1,m0,5,3.25,3.25,3.25,1.0,1.0,3.25,162.5,243.8,2080.0,3.25,728.3,1448.4,0.503,124.8,544.1,0.26,0.201,0.201,620.0,620.0
monkey,cleric,legendaryforms,gear1,m0,7,3.25,3.25,3.25,1.0,1.0,3.25,162.5,243.8,2080.0,3.25,728.3,1448.4,0.503,158.1,806.0,0.39,0.255,0.255,620.0,620.0
monkey,cleric,legendaryforms,gear1,m100,1,4.88,4.88,4.88,1.0,1.0,4.88,243.8,365.6,3120.0,4.88,1072.3,2160.3,0.496,44.2,84.6,0.03,0.071,0.071,620.0,620.0
monkey,cleric,legendaryforms,gear1,m100,3,4.88,4.88,4.88,1.0,1.0,4.88,243.8,365.6,3120.0,4.88,1249.2,2160.3,0.578,79.5,261.9,0.08,0.128,0.128,620.0,620.0
monkey,cleric,legendaryforms,gear1,m100,5,4.88,4.88,4.88,1.0,1.0,4.88,243.8,365.6,3120.0,4.88,862.0,2160.3,0.399,132.6,544.1,0.17,0.214,0.214,620.0,620.0
monkey,cleric,legendaryforms,gear1,m100,7,4.88,4.88,4.88,1.0,1.0,4.88,243.8,365.6,3120.0,4.88,862.0,2160.3,0.399,167.9,806.0,0.26,0.271,0.271,620.0,620.0
monkey,cleric,legendaryforms,gear2,m0,1,7.8,7.8,7.8,1.0,1.0,7.8,390.0,585.0,4992.0,7.8,1001.8,3441.6,0.291,47.2,84.6,0.02,0.076,0.076,620.0,620.0
monkey,cleric,legendaryforms,gear2,m0,3,7.8,7.8,7.8,1.0,1.0,7.8,390.0,585.0,4992.0,7.8,898.2,3441.6,0.261,84.9,261.9,0.05,0.137,0.137,620.0,620.0
monkey,cleric,legendaryforms,gear2,m0,5,7.8,7.8,7.8,1.0,1.0,7.8,390.0,585.0,4992.0,7.8,815.8,3441.6,0.237,141.5,544.1,0.11,0.228,0.228,620.0,620.0
monkey,cleric,legendaryforms,gear2,m0,7,7.8,7.8,7.8,1.0,1.0,7.8,390.0,585.0,4992.0,7.8,815.8,3441.6,0.237,179.3,806.0,0.16,0.289,0.289,620.0,620.0
monkey,cleric,legendaryforms,gear2,m100,1,11.7,11.7,11.7,1.0,1.0,11.7,585.0,877.5,7488.0,11.7,1094.8,5150.0,0.213,49.8,84.6,0.01,0.08,0.08,620.0,620.0
monkey,cleric,legendaryforms,gear2,m100,3,11.7,11.7,11.7,1.0,1.0,11.7,585.0,877.5,7488.0,11.7,973.4,5150.0,0.189,89.6,261.9,0.03,0.144,0.144,620.0,620.0
monkey,cleric,legendaryforms,gear2,m100,5,11.7,11.7,11.7,1.0,1.0,11.7,585.0,877.5,7488.0,11.7,876.8,5150.0,0.17,149.3,544.1,0.07,0.241,0.241,620.0,620.0
monkey,cleric,legendaryforms,gear2,m100,7,11.7,11.7,11.7,1.0,1.0,11.7,585.0,877.5,7488.0,11.7,876.8,5150.0,0.17,189.1,806.0,0.11,0.305,0.305,620.0,620.0
monkey,cleric,legendaryforms,gear3,m0,1,14.5,14.5,14.5,1.0,1.0,14.5,725.0,1087.5,9280.0,14.5,1134.2,6376.6,0.178,51.1,85.2,0.01,0.082,0.082,620.0,620.0
monkey,cleric,legendaryforms,gear3,m0,3,14.5,14.5,14.5,1.0,1.0,14.5,725.0,1087.5,9280.0,14.5,1012.0,6376.6,0.159,92.0,261.9,0.03,0.148,0.148,620.0,620.0
monkey,cleric,legendaryforms,gear3,m0,5,14.5,14.5,14.5,1.0,1.0,14.5,725.0,1087.5,9280.0,14.5,908.1,6376.6,0.142,153.4,544.1,0.06,0.247,0.247,620.0,620.0
monkey,cleric,legendaryforms,gear3,m0,7,14.5,14.5,14.5,1.0,1.0,14.5,725.0,1087.5,9280.0,14.5,908.1,6376.6,0.142,194.3,806.0,0.09,0.313,0.313,620.0,620.0
monkey,cleric,legendaryforms,gear3,m100,1,21.75,21.75,21.75,1.0,1.0,21.75,1087.5,1631.2,13920.0,21.75,1182.7,9552.6,0.124,53.7,88.8,0.01,0.087,0.087,620.0,620.0
monkey,cleric,legendaryforms,gear3,m100,3,21.75,21.75,21.75,1.0,1.0,21.75,1087.5,1631.2,13920.0,21.75,1081.7,9552.6,0.113,96.7,261.9,0.02,0.156,0.156,620.0,620.0
monkey,cleric,legendaryforms,gear3,m100,5,21.75,21.75,21.75,1.0,1.0,21.75,1087.5,1631.2,13920.0,21.75,964.6,9552.6,0.101,161.1,544.1,0.04,0.26,0.26,620.0,620.0
monkey,cleric,legendaryforms,gear3,m100,7,21.75,21.75,21.75,1.0,1.0,21.75,1087.5,1631.2,13920.0,21.75,964.6,9552.6,0.101,204.1,806.0,0.06,0.329,0.329,620.0,620.0
monkey,cleric,oozaru,wukongsrage,m0,1,3.5,3.5,3.55,1.0,1.0,3.15,175.0,262.5,2272.0,3.55,907.9,1579.1,0.575,42.2,84.6,0.04,0.068,0.068,620.0,620.0
monkey,cleric,oozaru,wukongsrage,m0,3,3.5,3.5,3.55,1.0,1.0,3.15,175.0,262.5,2272.0,3.55,1037.1,1579.1,0.657,75.9,261.9,0.12,0.122,0.122,620.0,620.0
monkey,cleric,oozaru,wukongsrage,m0,5,3.5,3.5,3.55,1.0,1.0,3.15,175.0,262.5,2272.0,3.55,754.3,1579.1,0.478,126.5,544.1,0.24,0.204,0.204,620.0,620.0
monkey,cleric,oozaru,wukongsrage,m0,7,3.5,3.5,3.55,1.0,1.0,3.15,175.0,262.5,2272.0,3.55,754.3,1579.1,0.478,160.2,806.0,0.35,0.258,0.258,620.0,620.0
monkey,cleric,oozaru,wukongsrage,m100,1,5.25,5.25,5.32,1.0,1.0,4.72,262.5,393.8,3408.0,5.32,1124.4,2356.3,0.477,44.7,84.6,0.02,0.072,0.072,620.0,620.0
monkey,cleric,oozaru,wukongsrage,m100,3,5.25,5.25,5.32,1.0,1.0,4.72,262.5,393.8,3408.0,5.32,1316.4,2356.3,0.559,80.5,261.9,0.08,0.13,0.13,620.0,620.0
monkey,cleric,oozaru,wukongsrage,m100,5,5.25,5.25,5.32,1.0,1.0,4.72,262.5,393.8,3408.0,5.32,896.1,2356.3,0.38,134.2,544.1,0.16,0.217,0.217,620.0,620.0
monkey,cleric,oozaru,wukongsrage,m100,7,5.25,5.25,5.32,1.0,1.0,4.72,262.5,393.8,3408.0,5.32,896.1,2356.3,0.38,170.0,806.0,0.24,0.274,0.274,620.0,620.0
monkey,cleric,oozaru,wukongspride,m0,1,6.2,6.2,6.2,1.0,1.0,6.2,310.0,465.0,3968.0,6.2,948.3,2740.7,0.346,45.7,84.6,0.02,0.074,0.074,620.0,620.0
monkey,cleric,oozaru,wukongspride,m0,3,6.2,6.2,6.2,1.0,1.0,6.2,310.0,465.0,3968.0,6.2,855.0,2740.7,0.312,82.3,261.9,0.07,0.133,0.133,620.0,620.0
monkey,cleric,oozaru,wukongspride,m0,5,6.2,6.2,6.2,1.0,1.0,6.2,310.0,465.0,3968.0,6.2,780.8,2740.7,0.285,137.2,544.1,0.14,0.221,0.221,620.0,620.0
monkey,cleric,oozaru,wukongspride,m0,7,6.2,6.2,6.2,1.0,1.0,6.2,310.0,465.0,3968.0,6.2,780.8,2740.7,0.285,173.7,806.0,0.2,0.28,0.28,620.0,620.0
monkey,cleric,oozaru,wukongspride,m100,1,9.3,9.3,9.3,1.0,1.0,9.3,465.0,697.5,5952.0,9.3,1042.4,4098.7,0.254,48.3,84.6,0.01,0.078,0.078,620.0,620.0
monkey,cleric,oozaru,wukongspride,m100,3,9.3,9.3,9.3,1.0,1.0,9.3,465.0,697.5,5952.0,9.3,931.1,4098.7,0.227,86.9,261.9,0.04,0.14,0.14,620.0,620.0
monkey,cleric,oozaru,wukongspride,m100,5,9.3,9.3,9.3,1.0,1.0,9.3,465.0,697.5,5952.0,9.3,842.5,4098.7,0.206,144.9,544.1,0.09,0.234,0.234,620.0,620.0
monkey,cleric,oozaru,wukongspride,m100,7,9.3,9.3,9.3,1.0,1.0,9.3,465.0,697.5,5952.0,9.3,842.5,4098.7,0.206,183.5,806.0,0.14,0.296,0.296,620.0,620.0
monkey,cleric,oozaru,wukongzero,m0,1,14.5,14.5,14.5,1.0,1.0,14.5,725.0,1087.5,9280.0,14.5,1134.2,6376.6,0.178,51.1,85.2,0.01,0.082,0.082,620.0,620.0
monkey,cleric,oozaru,wukongzero,m0,3,14.5,14.5,14.5,1.0,1.0,14.5,725.0,1087.5,9280.0,14.5,1012.0,6376.6,0.159,92.0,261.9,0.03,0.148,0.148,620.0,620.0
monkey,cleric,oozaru,wukongzero,m0,5,14.5,14.5,14.5,1.0,1.0,14.5,725.0,1087.5,9280.0,14.5,908.1,6376.6,0.142,153.4,544.1,0.06,0.247,0.247,620.0,620.0
monkey,cleric,oozaru,wukongzero,m0,7,14.5,14.5,14.5,1.0,1.0,14.5,725.0,1087.5,9280.0,14.5,908.1,6376.6,0.142,194.3,806.0,0.09,0.313,0.313,620.0,620.0
monkey,cleric,oozaru,wukongzero,m100,1,21.75,21.75,21.75,1.0,1.0,21.75,1087.5,1631.2,13920.0,21.75,1182.7,9552.6,0.124,53.7,88.8,0.01,0.087,0.087,620.0,620.0
monkey,cleric,oozaru,wukongzero,m100,3,21.75,21.75,21.75,1.0,1.0,21.75,1087.5,1631.2,13920.0,21.75,1081.7,9552.6,0.113,96.7,261.9,0.02,0.156,0.156,620.0,620.0
monkey,cleric,oozaru,wukongzero,m100,5,21.75,21.75,21.75,1.0,1.0,21.75,1087.5,1631.2,13920.0,21.75,964.6,9552.6,0.101,161.1,544.1,0.04,0.26,0.26,620.0,620.0
monkey,cleric,oozaru,wukongzero,m100,7,21.75,21.75,21.75,1.0,1.0,21.75,1087.5,1631.2,13920.0,21.75,964.6,9552.6,0.101,204.1,806.0,0.06,0.329,0.329,620.0,620.0
monkey,warrior,base,Base,m0,1,1.0,1.0,1.0,1.0,1.0,1.0,1134.0,200.0,50.0,1.0,782.1,782.1,1.0,44.9,102.2,0.09,0.06,0.06,749.0,749.0
monkey,warrior,base,Base,m0,3,1.0,1.0,1.0,1.0,1.0,1.0,1134.0,200.0,50.0,1.0,782.1,782.1,1.0,74.2,316.5,0.28,0.099,0.099,749.0,749.0
monkey,warrior,base,Base,m0,5,1.0,1.0,1.0,1.0,1.0,1.0,1134.0,200.0,50.0,1.0,782.1,782.1,1.0,123.6,657.2,0.58,0.165,0.165,749.0,749.0
monkey,warrior,base,Base,m0,7,1.0,1.0,1.0,1.0,1.0,1.0,1134.0,200.0,50.0,1.0,782.1,782.1,1.0,156.5,973.7,0.86,0.209,0.209,749.0,749.0
monkey,warrior,legendaryforms,gear1,m0,1,3.25,3.25,3.25,1.0,1.0,3.25,3685.5,650.0,162.5,3.25,1503.5,2535.8,0.593,50.3,112.9,0.03,0.067,0.067,749.0,749.0
monkey,warrior,legendaryforms,gear1,m0,3,3.25,3.25,3.25,1.0,1.0,3.25,3685.5,650.0,162.5,3.25,1712.8,2535.8,0.675,90.5,325.6,0.09,0.121,0.121,749.0,749.0
monkey,warrior,legendaryforms,gear1,m0,5,3.25,3.25,3.25,1.0,1.0,3.25,3685.5,650.0,162.5,3.25,1254.6,2535.8,0.495,150.8,657.2,0.18,0.201,0.201,749.0,749.0
monkey,warrior,legendaryforms,gear1,m0,7,3.25,3.25,3.25,1.0,1.0,3.25,3685.5,650.0,162.5,3.25,1254.6,2535.8,0.495,191.0,973.7,0.26,0.255,0.255,749.0,749.0
monkey,warrior,legendaryforms,gear1,m100,1,4.88,4.88,4.88,1.0,1.0,4.88,5528.2,975.0,243.8,4.88,1866.6,3802.3,0.491,53.4,139.3,0.03,0.071,0.071,749.0,749.0
monkey,warrior,legendaryforms,gear1,m100,3,4.88,4.88,4.88,1.0,1.0,4.88,5528.2,975.0,243.8,4.88,2181.3,3802.3,0.574,96.1,414.7,0.08,0.128,0.128,749.0,749.0
monkey,warrior,legendaryforms,gear1,m100,5,4.88,4.88,4.88,1.0,1.0,4.88,5528.2,975.0,243.8,4.88,1492.5,3802.3,0.393,160.1,657.2,0.12,0.214,0.214,749.0,749.0
monkey,warrior,legendaryforms,gear1,m100,7,4.88,4.88,4.88,1.0,1.0,4.88,5528.2,975.0,243.8,4.88,1492.5,3802.3,0.393,202.8,973.7,0.18,0.271,0.271,749.0,749.0
monkey,warrior,legendaryforms,gear2,m0,1,7.8,7.8,7.8,1.0,1.0,7.8,8845.2,1560.0,390.0,7.8,1741.1,6082.0,0.286,57.0,130.7,0.01,0.076,0.076,749.0,749.0
monkey,warrior,legendaryforms,gear2,m0,3,7.8,7.8,7.8,1.0,1.0,7.8,8845.2,1560.0,390.0,7.8,1556.8,6082.0,0.256,102.6,316.5,0.04,0.137,0.137,749.0,749.0
monkey,warrior,legendaryforms,gear2,m0,5,7.8,7.8,7.8,1.0,1.0,7.8,8845.2,1560.0,390.0,7.8,1410.3,6082.0,0.232,171.0,657.2,0.07,0.228,0.228,749.0,749.0
monkey,warrior,legendaryforms,gear2,m0,7,7.8,7.8,7.8,1.0,1.0,7.8,8845.2,1560.0,390.0,7.8,1410.3,6082.0,0.232,216.6,973.7,0.11,0.289,0.289,749.0,749.0
monkey,warrior,legendaryforms,gear2,m100,1,11.7,11.7,11.7,1.0,1.0,11.7,13267.8,2340.0,585.0,11.7,1906.6,9121.7,0.209,60.1,143.1,0.01,0.08,0.08,749.0,749.0
monkey,warrior,legendaryforms,gear2,m100,3,11.7,11.7,11.7,1.0,1.0,11.7,13267.8,2340.0,585.0,11.7,1690.6,9121.7,0.185,108.2,321.4,0.02,0.144,0.144,749.0,749.0
monkey,warrior,legendaryforms,gear2,m100,5,11.7,11.7,11.7,1.0,1.0,11.7,13267.8,2340.0,585.0,11.7,1518.7,9121.7,0.166,180.3,657.2,0.05,0.241,0.241,749.0,749.0
monkey,warrior,legendaryforms,gear2,m100,7,11.7,11.7,11.7,1.0,1.0,11.7,13267.8,2340.0,585.0,11.7,1518.7,9121.7,0.166,228.4,973.7,0.07,0.305,0.305,749.0,749.0
monkey,warrior,legendaryforms,gear3,m0,1,14.5,14.5,14.5,1.0,1.0,14.5,16443.0,2900.0,725.0,14.5,1976.7,11304.0,0.175,61.8,147.3,0.01,0.082,0.082,749.0,749.0
monkey,warrior,legendaryforms,gear3,m0,3,14.5,14.5,14.5,1.0,1.0,14.5,16443.0,2900.0,725.0,14.5,1759.4,11304.0,0.156,111.2,334.5,0.02,0.148,0.148,749.0,749.0
monkey,warrior,legendaryforms,gear3,m0,5,14.5,14.5,14.5,1.0,1.0,14.5,16443.0,2900.0,725.0,14.5,1574.5,11304.0,0.139,185.3,657.2,0.04,0.247,0.247,749.0,749.0
monkey,warrior,legendaryforms,gear3,m0,7,14.5,14.5,14.5,1.0,1.0,14.5,16443.0,2900.0,725.0,14.5,1574.5,11304.0,0.139,234.7,973.7,0.06,0.313,0.313,749.0,749.0
monkey,warrior,legendaryforms,gear3,m100,1,21.75,21.75,21.75,1.0,1.0,21.75,24664.5,4350.0,1087.5,21.75,2063.0,16954.7,0.122,64.9,150.3,0.01,0.087,0.087,749.0,749.0
monkey,warrior,legendaryforms,gear3,m100,3,21.75,21.75,21.75,1.0,1.0,21.75,24664.5,4350.0,1087.5,21.75,1883.3,16954.7,0.111,116.8,358.1,0.01,0.156,0.156,749.0,749.0
monkey,warrior,legendaryforms,gear3,m100,5,21.75,21.75,21.75,1.0,1.0,21.75,24664.5,4350.0,1087.5,21.75,1674.9,16954.7,0.099,194.6,657.2,0.03,0.26,0.26,749.0,749.0
monkey,warrior,legendaryforms,gear3,m100,7,21.75,21.75,21.75,1.0,1.0,21.75,24664.5,4350.0,1087.5,21.75,1674.9,16954.7,0.099,246.6,973.7,0.04,0.329,0.329,749.0,749.0
monkey,warrior,oozaru,wukongsrage,m0,1,3.5,3.5,3.55,1.0,1.0,3.15,3969.0,700.0,177.5,3.55,1562.9,2730.9,0.572,50.9,117.3,0.03,0.068,0.068,749.0,749.0
monkey,warrior,oozaru,wukongsrage,m0,3,3.5,3.5,3.55,1.0,1.0,3.15,3969.0,700.0,177.5,3.55,1789.4,2730.9,0.655,91.7,340.2,0.09,0.122,0.122,749.0,749.0
monkey,warrior,oozaru,wukongsrage,m0,5,3.5,3.5,3.55,1.0,1.0,3.15,3969.0,700.0,177.5,3.55,1293.5,2730.9,0.474,152.8,657.2,0.17,0.204,0.204,749.0,749.0
monkey,warrior,oozaru,wukongsrage,m0,7,3.5,3.5,3.55,1.0,1.0,3.15,3969.0,700.0,177.5,3.55,1293.5,2730.9,0.474,193.6,973.7,0.25,0.258,0.258,749.0,749.0
monkey,warrior,oozaru,wukongsrage,m100,1,5.25,5.25,5.32,1.0,1.0,4.72,5953.5,1050.0,266.2,5.32,1944.5,4095.0,0.475,54.1,140.0,0.02,0.072,0.072,749.0,749.0
monkey,warrior,oozaru,wukongsrage,m100,3,5.25,5.25,5.32,1.0,1.0,4.72,5953.5,1050.0,266.2,5.32,2281.8,4095.0,0.557,97.3,433.3,0.07,0.13,0.13,749.0,749.0
monkey,warrior,oozaru,wukongsrage,m100,5,5.25,5.25,5.32,1.0,1.0,4.72,5953.5,1050.0,266.2,5.32,1543.5,4095.0,0.377,162.2,657.2,0.11,0.217,0.217,749.0,749.0
monkey,warrior,oozaru,wukongsrage,m100,7,5.25,5.25,5.32,1.0,1.0,4.72,5953.5,1050.0,266.2,5.32,1543.5,4095.0,0.377,205.4,973.7,0.16,0.274,0.274,749.0,749.0
monkey,warrior,oozaru,wukongspride,m0,1,6.2,6.2,6.2,1.0,1.0,6.2,7030.8,1240.0,310.0,6.2,1645.9,4835.0,0.34,55.2,123.6,0.02,0.074,0.074,749.0,749.0
monkey,warrior,oozaru,wukongspride,m0,3,6.2,6.2,6.2,1.0,1.0,6.2,7030.8,1240.0,310.0,6.2,1480.0,4835.0,0.306,99.4,316.5,0.05,0.133,0.133,749.0,749.0
monkey,warrior,oozaru,wukongspride,m0,5,6.2,6.2,6.2,1.0,1.0,6.2,7030.8,1240.0,310.0,6.2,1347.9,4835.0,0.279,165.7,657.2,0.09,0.221,0.221,749.0,749.0
monkey,warrior,oozaru,wukongspride,m0,7,6.2,6.2,6.2,1.0,1.0,6.2,7030.8,1240.0,310.0,6.2,1347.9,4835.0,0.279,209.9,973.7,0.14,0.28,0.28,749.0,749.0
monkey,warrior,oozaru,wukongspride,m100,1,9.3,9.3,9.3,1.0,1.0,9.3,10546.2,1860.0,465.0,9.3,1813.4,7251.1,0.25,58.3,136.1,0.01,0.078,0.078,749.0,749.0
monkey,warrior,oozaru,wukongspride,m100,3,9.3,9.3,9.3,1.0,1.0,9.3,10546.2,1860.0,465.0,9.3,1615.3,7251.1,0.223,105.0,316.5,0.03,0.14,0.14,749.0,749.0
monkey,warrior,oozaru,wukongspride,m100,5,9.3,9.3,9.3,1.0,1.0,9.3,10546.2,1860.0,465.0,9.3,1457.7,7251.1,0.201,175.0,657.2,0.06,0.234,0.234,749.0,749.0
monkey,warrior,oozaru,wukongspride,m100,7,9.3,9.3,9.3,1.0,1.0,9.3,10546.2,1860.0,465.0,9.3,1457.7,7251.1,0.201,221.7,973.7,0.09,0.296,0.296,749.0,749.0
monkey,warrior,oozaru,wukongzero,m0,1,14.5,14.5,14.5,1.0,1.0,14.5,16443.0,2900.0,725.0,14.5,1976.7,11304.0,0.175,61.8,147.3,0.01,0.082,0.082,749.0,749.0
monkey,warrior,oozaru,wukongzero,m0,3,14.5,14.5,14.5,1.0,1.0,14.5,16443.0,2900.0,725.0,14.5,1759.4,11304.0,0.156,111.2,334.5,0.02,0.148,0.148,749.0,749.0
monkey,warrior,oozaru,wukongzero,m0,5,14.5,14.5,14.5,1.0,1.0,14.5,16443.0,2900.0,725.0,14.5,1574.5,11304.0,0.139,185.3,657.2,0.04,0.247,0.247,749.0,749.0
monkey,warrior,oozaru,wukongzero,m0,7,14.5,14.5,14.5,1.0,1.0,14.5,16443.0,2900.0,725.0,14.5,1574.5,11304.0,0.139,234.7,973.7,0.06,0.313,0.313,749.0,749.0
monkey,warrior,oozaru,wukongzero,m100,1,21.75,21.75,21.75,1.0,1.0,21.75,24664.5,4350.0,1087.5,21.75,2063.0,16954.7,0.122,64.9,150.3,0.01,0.087,0.087,749.0,749.0
monkey,warrior,oozaru,wukongzero,m100,3,21.75,21.75,21.75,1.0,1.0,21.75,24664.5,4350.0,1087.5,21.75,1883.3,16954.7,0.111,116.8,358.1,0.01,0.156,0.156,749.0,749.0
monkey,warrior,oozaru,wukongzero,m100,5,21.75,21.75,21.75,1.0,1.0,21.75,24664.5,4350.0,1087.5,21.75,1674.9,16954.7,0.099,194.6,657.2,0.03,0.26,0.26,749.0,749.0
monkey,warrior,oozaru,wukongzero,m100,7,21.75,21.75,21.75,1.0,1.0,21.75,24664.5,4350.0,1087.5,21.75,1674.9,16954.7,0.099,246.6,973.7,0.04,0.329,0.329,749.0,749.0
monkey,berserker,base,Base,m0,1,1.0,1.0,1.0,1.0,1.0,1.0,1547.0,120.0,20.0,1.0,1042.4,1042.4,1.0,93.0,211.6,0.14,0.06,0.06,1550.0,1550.0
monkey,berserker,base,Base,m0,3,1.0,1.0,1.0,1.0,1.0,1.0,1547.0,120.0,20.0,1.0,1042.4,1042.4,1.0,153.5,654.9,0.42,0.099,0.099,1550.0,1550.0
monkey,berserker,base,Base,m0,5,1.0,1.0,1.0,1.0,1.0,1.0,1547.0,120.0,20.0,1.0,1042.4,1042.4,1.0,255.8,1360.1,0.88,0.165,0.165,1550.0,1550.0
monkey,berserker,base,Base,m0,7,1.0,1.0,1.0,1.0,1.0,1.0,1547.0,120.0,20.0,1.0,1042.4,1042.4,1.0,324.0,2015.0,1.3,0.209,0.209,1550.0,1550.0
monkey,berserker,legendaryforms,gear1,m0,1,3.25,3.25,3.25,1.0,1.0,3.25,5027.8,390.0,65.0,3.25,2005.5,3383.8,0.593,104.0,211.6,0.04,0.067,0.067,1550.0,1550.0
monkey,berserker,legendaryforms,gear1,m0,3,3.25,3.25,3.25,1.0,1.0,3.25,5027.8,390.0,65.0,3.25,2285.0,3383.8,0.675,187.2,654.9,0.13,0.121,0.121,1550.0,1550.0
monkey,berserker,legendaryforms,gear1,m0,5,3.25,3.25,3.25,1.0,1.0,3.25,5027.8,390.0,65.0,3.25,1673.3,3383.8,0.494,312.0,1360.1,0.27,0.201,0.201,1550.0,1550.0
monkey,berserker,legendaryforms,gear1,m0,7,3.25,3.25,3.25,1.0,1.0,3.25,5027.8,390.0,65.0,3.25,1673.3,3383.8,0.494,395.2,2015.0,0.4,0.255,0.255,1550.0,1550.0
monkey,berserker,legendaryforms,gear1,m100,1,4.88,4.88,4.88,1.0,1.0,4.88,7541.6,585.0,97.5,4.88,2490.4,5074.9,0.491,110.5,211.6,0.03,0.071,0.071,1550.0,1550.0
monkey,berserker,legendaryforms,gear1,m100,3,4.88,4.88,4.88,1.0,1.0,4.88,7541.6,585.0,97.5,4.88,2910.6,5074.9,0.574,198.8,654.9,0.09,0.128,0.128,1550.0,1550.0
monkey,berserker,legendaryforms,gear1,m100,5,4.88,4.88,4.88,1.0,1.0,4.88,7541.6,585.0,97.5,4.88,1990.8,5074.9,0.392,331.4,1360.1,0.18,0.214,0.214,1550.0,1550.0
monkey,berserker,legendaryforms,gear1,m100,7,4.88,4.88,4.88,1.0,1.0,4.88,7541.6,585.0,97.5,4.88,1990.8,5074.9,0.392,419.8,2015.0,0.27,0.271,0.271,1550.0,1550.0
monkey,berserker,legendaryforms,gear2,m0,1,7.8,7.8,7.8,1.0,1.0,7.8,12066.6,936.0,156.0,7.8,2322.8,8118.7,0.286,117.9,211.6,0.02,0.076,0.076,1550.0,1550.0
monkey,berserker,legendaryforms,gear2,m0,3,7.8,7.8,7.8,1.0,1.0,7.8,12066.6,936.0,156.0,7.8,2076.8,8118.7,0.256,212.3,654.9,0.05,0.137,0.137,1550.0,1550.0
monkey,berserker,legendaryforms,gear2,m0,5,7.8,7.8,7.8,1.0,1.0,7.8,12066.6,936.0,156.0,7.8,1881.1,8118.7,0.232,353.8,1360.1,0.11,0.228,0.228,1550.0,1550.0
monkey,berserker,legendaryforms,gear2,m0,7,7.8,7.8,7.8,1.0,1.0,7.8,12066.6,936.0,156.0,7.8,1881.1,8118.7,0.232,448.2,2015.0,0.17,0.289,0.289,1550.0,1550.0
monkey,berserker,legendaryforms,gear2,m100,1,11.7,11.7,11.7,1.0,1.0,11.7,18099.9,1404.0,234.0,11.7,2543.8,12177.2,0.209,124.4,211.6,0.01,0.08,0.08,1550.0,1550.0
monkey,berserker,legendaryforms,gear2,m100,3,11.7,11.7,11.7,1.0,1.0,11.7,18099.9,1404.0,234.0,11.7,2255.3,12177.2,0.185,223.9,654.9,0.04,0.144,0.144,1550.0,1550.0
monkey,berserker,legendaryforms,gear2,m100,5,11.7,11.7,11.7,1.0,1.0,11.7,18099.9,1404.0,234.0,11.7,2025.9,12177.2,0.166,373.2,1360.1,0.08,0.241,0.241,1550.0,1550.0
monkey,berserker,legendaryforms,gear2,m100,7,11.7,11.7,11.7,1.0,1.0,11.7,18099.9,1404.0,234.0,11.7,2025.9,12177.2,0.166,472.7,2015.0,0.11,0.305,0.305,1550.0,1550.0
monkey,berserker,legendaryforms,gear3,m0,1,14.5,14.5,14.5,1.0,1.0,14.5,22431.5,1740.0,290.0,14.5,2637.5,15091.0,0.175,127.8,211.6,0.01,0.082,0.082,1550.0,1550.0
monkey,berserker,legendaryforms,gear3,m0,3,14.5,14.5,14.5,1.0,1.0,14.5,22431.5,1740.0,290.0,14.5,2347.2,15091.0,0.156,230.1,654.9,0.03,0.148,0.148,1550.0,1550.0
monkey,berserker,legendaryforms,gear3,m0,5,14.5,14.5,14.5,1.0,1.0,14.5,22431.5,1740.0,290.0,14.5,2100.3,15091.0,0.139,383.4,1360.1,0.06,0.247,0.247,1550.0,1550.0
monkey,berserker,legendaryforms,gear3,m0,7,14.5,14.5,14.5,1.0,1.0,14.5,22431.5,1740.0,290.0,14.5,2100.3,15091.0,0.139,485.7,2015.0,0.09,0.313,0.313,1550.0,1550.0
monkey,berserker,legendaryforms,gear3,m100,1,21.75,21.75,21.75,1.0,1.0,21.75,33647.2,2610.0,435.0,21.75,2752.6,22635.6,0.122,134.3,211.6,0.01,0.087,0.087,1550.0,1550.0
monkey,berserker,legendaryforms,gear3,m100,3,21.75,21.75,21.75,1.0,1.0,21.75,33647.2,2610.0,435.0,21.75,2512.6,22635.6,0.111,241.7,654.9,0.02,0.156,0.156,1550.0,1550.0
monkey,berserker,legendaryforms,gear3,m100,5,21.75,21.75,21.75,1.0,1.0,21.75,33647.2,2610.0,435.0,21.75,2234.5,22635.6,0.099,402.8,1360.1,0.04,0.26,0.26,1550.0,1550.0
monkey,berserker,legendaryforms,gear3,m100,7,21.75,21.75,21.75,1.0,1.0,21.75,33647.2,2610.0,435.0,21.75,2234.5,22635.6,0.099,510.2,2015.0,0.06,0.329,0.329,1550.0,1550.0
monkey,berserker,oozaru,wukongsrage,m0,1,3.5,3.5,3.55,1.0,1.0,3.15,5414.5,420.0,71.0,3.55,2084.8,3644.1,0.572,105.4,211.6,0.04,0.068,0.068,1550.0,1550.0
monkey,berserker,oozaru,wukongsrage,m0,3,3.5,3.5,3.55,1.0,1.0,3.15,5414.5,420.0,71.0,3.55,2387.3,3644.1,0.655,189.7,654.9,0.12,0.122,0.122,1550.0,1550.0
monkey,berserker,oozaru,wukongsrage,m0,5,3.5,3.5,3.55,1.0,1.0,3.15,5414.5,420.0,71.0,3.55,1725.2,3644.1,0.473,316.2,1360.1,0.25,0.204,0.204,1550.0,1550.0
monkey,berserker,oozaru,wukongsrage,m0,7,3.5,3.5,3.55,1.0,1.0,3.15,5414.5,420.0,71.0,3.55,1725.2,3644.1,0.473,400.6,2015.0,0.37,0.258,0.258,1550.0,1550.0
monkey,berserker,oozaru,wukongsrage,m100,1,5.25,5.25,5.32,1.0,1.0,4.72,8121.8,630.0,106.5,5.32,2594.3,5465.3,0.475,111.9,211.6,0.03,0.072,0.072,1550.0,1550.0
monkey,berserker,oozaru,wukongsrage,m100,3,5.25,5.25,5.32,1.0,1.0,4.72,8121.8,630.0,106.5,5.32,3044.6,5465.3,0.557,201.4,654.9,0.08,0.13,0.13,1550.0,1550.0
monkey,berserker,oozaru,wukongsrage,m100,5,5.25,5.25,5.32,1.0,1.0,4.72,8121.8,630.0,106.5,5.32,2058.9,5465.3,0.377,335.6,1360.1,0.17,0.217,0.217,1550.0,1550.0
monkey,berserker,oozaru,wukongsrage,m100,7,5.25,5.25,5.32,1.0,1.0,4.72,8121.8,630.0,106.5,5.32,2058.9,5465.3,0.377,425.1,2015.0,0.25,0.274,0.274,1550.0,1550.0
monkey,berserker,oozaru,wukongspride,m0,1,6.2,6.2,6.2,1.0,1.0,6.2,9591.4,744.0,124.0,6.2,2195.8,6453.7,0.34,114.3,211.6,0.02,0.074,0.074,1550.0,1550.0
monkey,berserker,oozaru,wukongspride,m0,3,6.2,6.2,6.2,1.0,1.0,6.2,9591.4,744.0,124.0,6.2,1974.2,6453.7,0.306,205.7,654.9,0.07,0.133,0.133,1550.0,1550.0
monkey,berserker,oozaru,wukongspride,m0,5,6.2,6.2,6.2,1.0,1.0,6.2,9591.4,744.0,124.0,6.2,1797.9,6453.7,0.279,342.9,1360.1,0.14,0.221,0.221,1550.0,1550.0
monkey,berserker,oozaru,wukongspride,m0,7,6.2,6.2,6.2,1.0,1.0,6.2,9591.4,744.0,124.0,6.2,1797.9,6453.7,0.279,434.3,2015.0,0.21,0.28,0.28,1550.0,1550.0
monkey,berserker,oozaru,wukongspride,m100,1,9.3,9.3,9.3,1.0,1.0,9.3,14387.1,1116.0,186.0,9.3,2419.4,9679.7,0.25,120.7,211.6,0.01,0.078,0.078,1550.0,1550.0
monkey,berserker,oozaru,wukongspride,m100,3,9.3,9.3,9.3,1.0,1.0,9.3,14387.1,1116.0,186.0,9.3,2154.8,9679.7,0.223,217.3,654.9,0.05,0.14,0.14,1550.0,1550.0
monkey,berserker,oozaru,wukongspride,m100,5,9.3,9.3,9.3,1.0,1.0,9.3,14387.1,1116.0,186.0,9.3,1944.4,9679.7,0.201,362.2,1360.1,0.09,0.234,0.234,1550.0,1550.0
monkey,berserker,oozaru,wukongspride,m100,7,9.3,9.3,9.3,1.0,1.0,9.3,14387.1,1116.0,186.0,9.3,1944.4,9679.7,0.201,458.8,2015.0,0.14,0.296,0.296,1550.0,1550.0
monkey,berserker,oozaru,wukongzero,m0,1,14.5,14.5,14.5,1.0,1.0,14.5,22431.5,1740.0,290.0,14.5,2637.5,15091.0,0.175,127.8,211.6,0.01,0.082,0.082,1550.0,1550.0
monkey,berserker,oozaru,wukongzero,m0,3,14.5,14.5,14.5,1.0,1.0,14.5,22431.5,1740.0,290.0,14.5,2347.2,15091.0,0.156,230.1,654.9,0.03,0.148,0.148,1550.0,1550.0
monkey,berserker,oozaru,wukongzero,m0,5,14.5,14.5,14.5,1.0,1.0,14.5,22431.5,1740.0,290.0,14.5,2100.3,15091.0,0.139,383.4,1360.1,0.06,0.247,0.247,1550.0,1550.0
monkey,berserker,oozaru,wukongzero,m0,7,14.5,14.5,14.5,1.0,1.0,14.5,22431.5,1740.0,290.0,14.5,2100.3,15091.0,0.139,485.7,2015.0,0.09,0.313,0.313,1550.0,1550.0
monkey,berserker,oozaru,wukongzero,m100,1,21.75,21.75,21.75,1.0,1.0,21.75,33647.2,2610.0,435.0,21.75,2752.6,22635.6,0.122,134.3,211.6,0.01,0.087,0.087,1550.0,1550.0
monkey,berserker,oozaru,wukongzero,m100,3,21.75,21.75,21.75,1.0,1.0,21.75,33647.2,2610.0,435.0,21.75,2512.6,22635.6,0.111,241.7,654.9,0.02,0.156,0.156,1550.0,1550.0
monkey,berserker,oozaru,wukongzero,m100,5,21.75,21.75,21.75,1.0,1.0,21.75,33647.2,2610.0,435.0,21.75,2234.5,22635.6,0.099,402.8,1360.1,0.04,0.26,0.26,1550.0,1550.0
monkey,berserker,oozaru,wukongzero,m100,7,21.75,21.75,21.75,1.0,1.0,21.75,33647.2,2610.0,435.0,21.75,2234.5,22635.6,0.099,510.2,2015.0,0.06,0.329,0.329,1550.0,1550.0
monkey,spiritualist,base,Base,m0,1,1.0,1.0,1.0,1.0,1.0,1.0,45.0,100.0,1729.0,1.0,1188.7,1188.7,1.0,30.6,69.6,0.04,0.06,0.06,510.0,510.0
monkey,spiritualist,base,Base,m0,3,1.0,1.0,1.0,1.0,1.0,1.0,45.0,100.0,1729.0,1.0,1188.7,1188.7,1.0,50.5,215.5,0.12,0.099,0.099,510.0,510.0
monkey,spiritualist,base,Base,m0,5,1.0,1.0,1.0,1.0,1.0,1.0,45.0,100.0,1729.0,1.0,1188.7,1188.7,1.0,84.1,447.5,0.26,0.165,0.165,510.0,510.0
monkey,spiritualist,base,Base,m0,7,1.0,1.0,1.0,1.0,1.0,1.0,45.0,100.0,1729.0,1.0,1188.7,1188.7,1.0,106.6,663.0,0.38,0.209,0.209,510.0,510.0
monkey,spiritualist,legendaryforms,gear1,m0,1,3.25,3.25,3.25,1.0,1.0,3.25,146.2,325.0,5619.2,3.25,2264.0,3802.7,0.595,34.2,92.9,0.02,0.067,0.067,510.0,510.0
monkey,spiritualist,legendaryforms,gear1,m0,3,3.25,3.25,3.25,1.0,1.0,3.25,146.2,325.0,5619.2,3.25,2576.1,3802.7,0.677,61.6,287.5,0.05,0.121,0.121,510.0,510.0
monkey,spiritualist,legendaryforms,gear1,m0,5,3.25,3.25,3.25,1.0,1.0,3.25,146.2,325.0,5619.2,3.25,1893.1,3802.7,0.498,102.7,581.4,0.1,0.201,0.201,510.0,510.0
monkey,spiritualist,legendaryforms,gear1,m0,7,3.25,3.25,3.25,1.0,1.0,3.25,146.2,325.0,5619.2,3.25,1893.1,3802.7,0.498,130.0,738.3,0.13,0.255,0.255,510.0,510.0
monkey,spiritualist,legendaryforms,gear1,m100,1,4.88,4.88,4.88,1.0,1.0,4.88,219.4,487.5,8428.9,4.88,2805.3,5690.6,0.493,36.3,94.9,0.01,0.071,0.071,510.0,510.0
monkey,spiritualist,legendaryforms,gear1,m100,3,4.88,4.88,4.88,1.0,1.0,4.88,219.4,487.5,8428.9,4.88,3274.4,5690.6,0.575,65.4,293.7,0.03,0.128,0.128,510.0,510.0
monkey,spiritualist,legendaryforms,gear1,m100,5,4.88,4.88,4.88,1.0,1.0,4.88,219.4,487.5,8428.9,4.88,2247.6,5690.6,0.395,109.0,610.0,0.07,0.214,0.214,510.0,510.0
monkey,spiritualist,legendaryforms,gear1,m100,7,4.88,4.88,4.88,1.0,1.0,4.88,219.4,487.5,8428.9,4.88,2247.6,5690.6,0.395,138.1,876.6,0.1,0.271,0.271,510.0,510.0
monkey,spiritualist,legendaryforms,gear2,m0,1,7.8,7.8,7.8,1.0,1.0,7.8,351.0,780.0,13486.2,7.8,2618.2,9088.8,0.288,38.8,97.2,0.01,0.076,0.076,510.0,510.0
monkey,spiritualist,legendaryforms,gear2,m0,3,7.8,7.8,7.8,1.0,1.0,7.8,351.0,780.0,13486.2,7.8,2343.6,9088.8,0.258,69.9,300.9,0.02,0.137,0.137,510.0,510.0
monkey,spiritualist,legendaryforms,gear2,m0,5,7.8,7.8,7.8,1.0,1.0,7.8,351.0,780.0,13486.2,7.8,2125.1,9088.8,0.234,116.4,625.0,0.05,0.228,0.228,510.0,510.0
monkey,spiritualist,legendaryforms,gear2,m0,7,7.8,7.8,7.8,1.0,1.0,7.8,351.0,780.0,13486.2,7.8,2125.1,9088.8,0.234,147.5,828.8,0.06,0.289,0.289,510.0,510.0
monkey,spiritualist,legendaryforms,gear2,m100,1,11.7,11.7,11.7,1.0,1.0,11.7,526.5,1170.0,20229.3,11.7,2865.0,13619.7,0.21,40.9,99.2,0.0,0.08,0.08,510.0,510.0
monkey,spiritualist,legendaryforms,gear2,m100,3,11.7,11.7,11.7,1.0,1.0,11.7,526.5,1170.0,20229.3,11.7,2542.9,13619.7,0.187,73.7,307.1,0.02,0.144,0.144,510.0,510.0
monkey,spiritualist,legendaryforms,gear2,m100,5,11.7,11.7,11.7,1.0,1.0,11.7,526.5,1170.0,20229.3,11.7,2286.7,13619.7,0.168,122.8,637.9,0.03,0.241,0.241,510.0,510.0
monkey,spiritualist,legendaryforms,gear2,m100,7,11.7,11.7,11.7,1.0,1.0,11.7,526.5,1170.0,20229.3,11.7,2286.7,13619.7,0.168,155.5,891.8,0.04,0.305,0.305,510.0,510.0
monkey,spiritualist,legendaryforms,gear3,m0,1,14.5,14.5,14.5,1.0,1.0,14.5,652.5,1450.0,25070.5,14.5,2969.5,16872.7,0.176,42.1,100.3,0.0,0.082,0.082,510.0,510.0
monkey,spiritualist,legendaryforms,gear3,m0,3,14.5,14.5,14.5,1.0,1.0,14.5,652.5,1450.0,25070.5,14.5,2645.4,16872.7,0.157,75.7,310.4,0.01,0.148,0.148,510.0,510.0
monkey,spiritualist,legendaryforms,gear3,m0,5,14.5,14.5,14.5,1.0,1.0,14.5,652.5,1450.0,25070.5,14.5,2369.9,16872.7,0.14,126.2,644.8,0.03,0.247,0.247,510.0,510.0
monkey,spiritualist,legendaryforms,gear3,m0,7,14.5,14.5,14.5,1.0,1.0,14.5,652.5,1450.0,25070.5,14.5,2369.9,16872.7,0.14,159.8,924.2,0.04,0.313,0.313,510.0,510.0
monkey,spiritualist,legendaryforms,gear3,m100,1,21.75,21.75,21.75,1.0,1.0,21.75,978.8,2175.0,37605.8,21.75,3098.1,25295.6,0.122,44.2,102.3,0.0,0.087,0.087,510.0,510.0
monkey,spiritualist,legendaryforms,gear3,m100,3,21.75,21.75,21.75,1.0,1.0,21.75,978.8,2175.0,37605.8,21.75,2830.1,25295.6,0.112,79.5,316.7,0.01,0.156,0.156,510.0,510.0
monkey,spiritualist,legendaryforms,gear3,m100,5,21.75,21.75,21.75,1.0,1.0,21.75,978.8,2175.0,37605.8,21.75,2519.6,25295.6,0.1,132.5,657.7,0.02,0.26,0.26,510.0,510.0
monkey,spiritualist,legendaryforms,gear3,m100,7,21.75,21.75,21.75,1.0,1.0,21.75,978.8,2175.0,37605.8,21.75,2519.6,25295.6,0.1,167.9,974.4,0.03,0.329,0.329,510.0,510.0
monkey,spiritualist,oozaru,wukongsrage,m0,1,3.5,3.5,3.55,1.0,1.0,3.15,157.5,350.0,6137.9,3.55,2369.6,4150.5,0.571,34.7,93.3,0.02,0.068,0.068,510.0,510.0
monkey,spiritualist,oozaru,wukongsrage,m0,3,3.5,3.5,3.55,1.0,1.0,3.15,157.5,350.0,6137.9,3.55,2712.3,4150.5,0.653,62.4,288.8,0.05,0.122,0.122,510.0,510.0
monkey,spiritualist,oozaru,wukongsrage,m0,5,3.5,3.5,3.55,1.0,1.0,3.15,157.5,350.0,6137.9,3.55,1962.2,4150.5,0.473,104.1,599.8,0.1,0.204,0.204,510.0,510.0
monkey,spiritualist,oozaru,wukongsrage,m0,7,3.5,3.5,3.55,1.0,1.0,3.15,157.5,350.0,6137.9,3.55,1962.2,4150.5,0.473,131.8,765.3,0.12,0.258,0.258,510.0,510.0
monkey,spiritualist,oozaru,wukongsrage,m100,1,5.25,5.25,5.32,1.0,1.0,4.72,236.2,525.0,9206.9,5.32,2943.8,6212.2,0.474,36.8,95.3,0.01,0.072,0.072,510.0,510.0
monkey,spiritualist,oozaru,wukongsrage,m100,3,5.25,5.25,5.32,1.0,1.0,4.72,236.2,525.0,9206.9,5.32,3453.1,6212.2,0.556,66.3,295.0,0.03,0.13,0.13,510.0,510.0
monkey,spiritualist,oozaru,wukongsrage,m100,5,5.25,5.25,5.32,1.0,1.0,4.72,236.2,525.0,9206.9,5.32,2338.3,6212.2,0.376,110.4,612.8,0.07,0.217,0.217,510.0,510.0
monkey,spiritualist,oozaru,wukongsrage,m100,7,5.25,5.25,5.32,1.0,1.0,4.72,236.2,525.0,9206.9,5.32,2338.3,6212.2,0.376,139.9,907.8,0.1,0.274,0.274,510.0,510.0
monkey,spiritualist,oozaru,wukongspride,m0,1,6.2,6.2,6.2,1.0,1.0,6.2,279.0,620.0,10719.8,6.2,2476.4,7230.0,0.343,37.6,96.1,0.01,0.074,0.074,510.0,510.0
monkey,spiritualist,oozaru,wukongspride,m0,3,6.2,6.2,6.2,1.0,1.0,6.2,279.0,620.0,10719.8,6.2,2229.0,7230.0,0.308,67.7,297.4,0.03,0.133,0.133,510.0,510.0
monkey,spiritualist,oozaru,wukongspride,m0,5,6.2,6.2,6.2,1.0,1.0,6.2,279.0,620.0,10719.8,6.2,2032.2,7230.0,0.281,112.8,617.6,0.06,0.221,0.221,510.0,510.0
monkey,spiritualist,oozaru,wukongspride,m0,7,6.2,6.2,6.2,1.0,1.0,6.2,279.0,620.0,10719.8,6.2,2032.2,7230.0,0.281,142.9,792.5,0.07,0.28,0.28,510.0,510.0
monkey,spiritualist,oozaru,wukongspride,m100,1,9.3,9.3,9.3,1.0,1.0,9.3,418.5,930.0,16079.7,9.3,2726.1,10831.5,0.252,39.7,98.1,0.01,0.078,0.078,510.0,510.0
monkey,spiritualist,oozaru,wukongspride,m100,3,9.3,9.3,9.3,1.0,1.0,9.3,418.5,930.0,16079.7,9.3,2430.7,10831.5,0.224,71.5,303.6,0.02,0.14,0.14,510.0,510.0
monkey,spiritualist,oozaru,wukongspride,m100,5,9.3,9.3,9.3,1.0,1.0,9.3,418.5,930.0,16079.7,9.3,2195.7,10831.5,0.203,119.2,630.6,0.04,0.234,0.234,510.0,510.0
monkey,spiritualist,oozaru,wukongspride,m100,7,9.3,9.3,9.3,1.0,1.0,9.3,418.5,930.0,16079.7,9.3,2195.7,10831.5,0.203,151.0,856.3,0.05,0.296,0.296,510.0,510.0
monkey,spiritualist,oozaru,wukongzero,m0,1,14.5,14.5,14.5,1.0,1.0,14.5,652.5,1450.0,25070.5,14.5,2969.5,16872.7,0.176,42.1,100.3,0.0,0.082,0.082,510.0,510.0
monkey,spiritualist,oozaru,wukongzero,m0,3,14.5,14.5,14.5,1.0,1.0,14.5,652.5,1450.0,25070.5,14.5,2645.4,16872.7,0.157,75.7,310.4,0.01,0.148,0.148,510.0,510.0
monkey,spiritualist,oozaru,wukongzero,m0,5,14.5,14.5,14.5,1.0,1.0,14.5,652.5,1450.0,25070.5,14.5,2369.9,16872.7,0.14,126.2,644.8,0.03,0.247,0.247,510.0,510.0
monkey,spiritualist,oozaru,wukongzero,m0,7,14.5,14.5,14.5,1.0,1.0,14.5,652.5,1450.0,25070.5,14.5,2369.9,16872.7,0.14,159.8,924.2,0.04,0.313,0.313,510.0,510.0
monkey,spiritualist,oozaru,wukongzero,m100,1,21.75,21.75,21.75,1.0,1.0,21.75,978.8,2175.0,37605.8,21.75,3098.1,25295.6,0.122,44.2,102.3,0.0,0.087,0.087,510.0,510.0
monkey,spiritualist,oozaru,wukongzero,m100,3,21.75,21.75,21.75,1.0,1.0,21.75,978.8,2175.0,37605.8,21.75,2830.1,25295.6,0.112,79.5,316.7,0.01,0.156,0.156,510.0,510.0
monkey,spiritualist,oozaru,wukongzero,m100,5,21.75,21.75,21.75,1.0,1.0,21.75,978.8,2175.0,37605.8,21.75,2519.6,25295.6,0.1,132.5,657.7,0.02,0.26,0.26,510.0,510.0
monkey,spiritualist,oozaru,wukongzero,m100,7,21.75,21.75,21.75,1.0,1.0,21.75,978.8,2175.0,37605.8,21.75,2519.6,25295.6,0.1,167.9,974.4,0.03,0.329,0.329,510.0,510.0
monkey,martialartist,base,Base,m0,1,1.0,1.0,1.0,1.0,1.0,1.0,240.0,1638.0,90.0,1.0,1125.9,1125.9,1.0,61.9,140.9,0.09,0.06,0.06,1032.0,1032.0
monkey,martialartist,base,Base,m0,3,1.0,1.0,1.0,1.0,1.0,1.0,240.0,1638.0,90.0,1.0,1125.9,1125.9,1.0,102.2,436.0,0.27,0.099,0.099,1032.0,1032.0
monkey,martialartist,base,Base,m0,5,1.0,1.0,1.0,1.0,1.0,1.0,240.0,1638.0,90.0,1.0,1125.9,1125.9,1.0,170.3,905.6,0.55,0.165,0.165,1032.0,1032.0
monkey,martialartist,base,Base,m0,7,1.0,1.0,1.0,1.0,1.0,1.0,240.0,1638.0,90.0,1.0,1125.9,1125.9,1.0,215.7,1341.6,0.82,0.209,0.209,1032.0,1032.0
monkey,martialartist,legendaryforms,gear1,m0,1,3.25,3.25,3.25,1.0,1.0,3.25,780.0,5323.5,292.5,3.25,2164.6,3651.1,0.593,69.3,162.5,0.03,0.067,0.067,1032.0,1032.0
monkey,martialartist,legendaryforms,gear1,m0,3,3.25,3.25,3.25,1.0,1.0,3.25,780.0,5323.5,292.5,3.25,2466.1,3651.1,0.675,124.7,468.9,0.09,0.121,0.121,1032.0,1032.0
monkey,martialartist,legendaryforms,gear1,m0,5,3.25,3.25,3.25,1.0,1.0,3.25,780.0,5323.5,292.5,3.25,1806.3,3651.1,0.495,207.8,905.6,0.17,0.201,0.201,1032.0,1032.0
monkey,martialartist,legendaryforms,gear1,m0,7,3.25,3.25,3.25,1.0,1.0,3.25,780.0,5323.5,292.5,3.25,1806.3,3651.1,0.495,263.2,1341.6,0.25,0.255,0.255,1032.0,1032.0
monkey,martialartist,legendaryforms,gear1,m100,1,4.88,4.88,4.88,1.0,1.0,4.88,1170.0,7985.2,438.8,4.88,2687.5,5474.8,0.491,73.5,192.0,0.02,0.071,0.071,1032.0,1032.0
monkey,martialartist,legendaryforms,gear1,m100,3,4.88,4.88,4.88,1.0,1.0,4.88,1170.0,7985.2,438.8,4.88,3140.7,5474.8,0.574,132.4,594.3,0.07,0.128,0.128,1032.0,1032.0
monkey,martialartist,legendaryforms,gear1,m100,5,4.88,4.88,4.88,1.0,1.0,4.88,1170.0,7985.2,438.8,4.88,2148.8,5474.8,0.392,220.6,905.6,0.11,0.214,0.214,1032.0,1032.0
monkey,martialartist,legendaryforms,gear1,m100,7,4.88,4.88,4.88,1.0,1.0,4.88,1170.0,7985.2,438.8,4.88,2148.8,5474.8,0.392,279.5,1341.6,0.17,0.271,0.271,1032.0,1032.0
monkey,martialartist,legendaryforms,gear2,m0,1,7.8,7.8,7.8,1.0,1.0,7.8,1872.0,12776.4,702.0,7.8,2506.8,8757.5,0.286,78.5,188.2,0.01,0.076,0.076,1032.0,1032.0
monkey,martialartist,legendaryforms,gear2,m0,3,7.8,7.8,7.8,1.0,1.0,7.8,1872.0,12776.4,702.0,7.8,2241.5,8757.5,0.256,141.4,436.0,0.03,0.137,0.137,1032.0,1032.0
monkey,martialartist,legendaryforms,gear2,m0,5,7.8,7.8,7.8,1.0,1.0,7.8,1872.0,12776.4,702.0,7.8,2030.4,8757.5,0.232,235.6,905.6,0.07,0.228,0.228,1032.0,1032.0
monkey,martialartist,legendaryforms,gear2,m0,7,7.8,7.8,7.8,1.0,1.0,7.8,1872.0,12776.4,702.0,7.8,2030.4,8757.5,0.232,298.4,1341.6,0.11,0.289,0.289,1032.0,1032.0
monkey,martialartist,legendaryforms,gear2,m100,1,11.7,11.7,11.7,1.0,1.0,11.7,2808.0,19164.6,1053.0,11.7,2745.2,13134.5,0.209,82.8,200.8,0.01,0.08,0.08,1032.0,1032.0
monkey,martialartist,legendaryforms,gear2,m100,3,11.7,11.7,11.7,1.0,1.0,11.7,2808.0,19164.6,1053.0,11.7,2434.0,13134.5,0.185,149.1,462.8,0.02,0.144,0.144,1032.0,1032.0
monkey,martialartist,legendaryforms,gear2,m100,5,11.7,11.7,11.7,1.0,1.0,11.7,2808.0,19164.6,1053.0,11.7,2186.5,13134.5,0.166,248.5,905.6,0.05,0.241,0.241,1032.0,1032.0
monkey,martialartist,legendaryforms,gear2,m100,7,11.7,11.7,11.7,1.0,1.0,11.7,2808.0,19164.6,1053.0,11.7,2186.5,13134.5,0.166,314.7,1341.6,0.07,0.305,0.305,1032.0,1032.0
monkey,martialartist,legendaryforms,gear3,m0,1,14.5,14.5,14.5,1.0,1.0,14.5,3480.0,23751.0,1305.0,14.5,2846.1,16277.0,0.175,85.1,202.9,0.01,0.082,0.082,1032.0,1032.0
monkey,martialartist,legendaryforms,gear3,m0,3,14.5,14.5,14.5,1.0,1.0,14.5,3480.0,23751.0,1305.0,14.5,2533.1,16277.0,0.156,153.2,481.6,0.02,0.148,0.148,1032.0,1032.0
monkey,martialartist,legendaryforms,gear3,m0,5,14.5,14.5,14.5,1.0,1.0,14.5,3480.0,23751.0,1305.0,14.5,2266.9,16277.0,0.139,255.3,905.6,0.04,0.247,0.247,1032.0,1032.0
monkey,martialartist,legendaryforms,gear3,m0,7,14.5,14.5,14.5,1.0,1.0,14.5,3480.0,23751.0,1305.0,14.5,2266.9,16277.0,0.139,323.4,1341.6,0.06,0.313,0.313,1032.0,1032.0
monkey,martialartist,legendaryforms,gear3,m100,1,21.75,21.75,21.75,1.0,1.0,21.75,5220.0,35626.5,1957.5,21.75,2970.3,24413.6,0.122,89.4,207.0,0.01,0.087,0.087,1032.0,1032.0
monkey,martialartist,legendaryforms,gear3,m100,3,21.75,21.75,21.75,1.0,1.0,21.75,5220.0,35626.5,1957.5,21.75,2711.5,24413.6,0.111,160.9,515.5,0.01,0.156,0.156,1032.0,1032.0
monkey,martialartist,legendaryforms,gear3,m100,5,21.75,21.75,21.75,1.0,1.0,21.75,5220.0,35626.5,1957.5,21.75,2411.5,24413.6,0.099,268.2,905.6,0.03,0.26,0.26,1032.0,1032.0
monkey,martialartist,legendaryforms,gear3,m100,7,21.75,21.75,21.75,1.0,1.0,21.75,5220.0,35626.5,1957.5,21.75,2411.5,24413.6,0.099,339.7,1341.6,0.04,0.329,0.329,1032.0,1032.0
monkey,martialartist,oozaru,wukongsrage,m0,1,3.5,3.5,3.55,1.0,1.0,3.15,840.0,5733.0,319.5,3.55,2250.2,3932.2,0.572,70.2,168.9,0.03,0.068,0.068,1032.0,1032.0
monkey,martialartist,oozaru,wukongsrage,m0,3,3.5,3.5,3.55,1.0,1.0,3.15,840.0,5733.0,319.5,3.55,2576.5,3932.2,0.655,126.3,489.8,0.09,0.122,0.122,1032.0,1032.0
monkey,martialartist,oozaru,wukongsrage,m0,5,3.5,3.5,3.55,1.0,1.0,3.15,840.0,5733.0,319.5,3.55,1862.3,3932.2,0.474,210.6,905.6,0.16,0.204,0.204,1032.0,1032.0
monkey,martialartist,oozaru,wukongsrage,m0,7,3.5,3.5,3.55,1.0,1.0,3.15,840.0,5733.0,319.5,3.55,1862.3,3932.2,0.474,266.7,1341.6,0.23,0.258,0.258,1032.0,1032.0
monkey,martialartist,oozaru,wukongsrage,m100,1,5.25,5.25,5.32,1.0,1.0,4.72,1260.0,8599.5,479.2,5.32,2799.7,5896.4,0.475,74.5,192.9,0.02,0.072,0.072,1032.0,1032.0
monkey,martialartist,oozaru,wukongsrage,m100,3,5.25,5.25,5.32,1.0,1.0,4.72,1260.0,8599.5,479.2,5.32,3285.5,5896.4,0.557,134.1,597.0,0.07,0.13,0.13,1032.0,1032.0
monkey,martialartist,oozaru,wukongsrage,m100,5,5.25,5.25,5.32,1.0,1.0,4.72,1260.0,8599.5,479.2,5.32,2222.3,5896.4,0.377,223.5,905.6,0.11,0.217,0.217,1032.0,1032.0
monkey,martialartist,oozaru,wukongsrage,m100,7,5.25,5.25,5.32,1.0,1.0,4.72,1260.0,8599.5,479.2,5.32,2222.3,5896.4,0.377,283.0,1341.6,0.16,0.274,0.274,1032.0,1032.0
monkey,martialartist,oozaru,wukongspride,m0,1,6.2,6.2,6.2,1.0,1.0,6.2,1488.0,10155.6,558.0,6.2,2369.8,6961.9,0.34,76.1,177.9,0.02,0.074,0.074,1032.0,1032.0
monkey,martialartist,oozaru,wukongspride,m0,3,6.2,6.2,6.2,1.0,1.0,6.2,1488.0,10155.6,558.0,6.2,2130.8,6961.9,0.306,137.0,436.0,0.04,0.133,0.133,1032.0,1032.0
monkey,martialartist,oozaru,wukongspride,m0,5,6.2,6.2,6.2,1.0,1.0,6.2,1488.0,10155.6,558.0,6.2,1940.7,6961.9,0.279,228.3,905.6,0.09,0.221,0.221,1032.0,1032.0
monkey,martialartist,oozaru,wukongspride,m0,7,6.2,6.2,6.2,1.0,1.0,6.2,1488.0,10155.6,558.0,6.2,1940.7,6961.9,0.279,289.2,1341.6,0.13,0.28,0.28,1032.0,1032.0
monkey,martialartist,oozaru,wukongspride,m100,1,9.3,9.3,9.3,1.0,1.0,9.3,2232.0,15233.4,837.0,9.3,2611.0,10441.0,0.25,80.4,196.0,0.01,0.078,0.078,1032.0,1032.0
monkey,martialartist,oozaru,wukongspride,m100,3,9.3,9.3,9.3,1.0,1.0,9.3,2232.0,15233.4,837.0,9.3,2325.6,10441.0,0.223,144.7,442.2,0.03,0.14,0.14,1032.0,1032.0
monkey,martialartist,oozaru,wukongspride,m100,5,9.3,9.3,9.3,1.0,1.0,9.3,2232.0,15233.4,837.0,9.3,2098.7,10441.0,0.201,241.2,905.6,0.06,0.234,0.234,1032.0,1032.0
monkey,martialartist,oozaru,wukongspride,m100,7,9.3,9.3,9.3,1.0,1.0,9.3,2232.0,15233.4,837.0,9.3,2098.7,10441.0,0.201,305.5,1341.6,0.09,0.296,0.296,1032.0,1032.0
monkey,martialartist,oozaru,wukongzero,m0,1,14.5,14.5,14.5,1.0,1.0,14.5,3480.0,23751.0,1305.0,14.5,2846.1,16277.0,0.175,85.1,202.9,0.01,0.082,0.082,1032.0,1032.0
monkey,martialartist,oozaru,wukongzero,m0,3,14.5,14.5,14.5,1.0,1.0,14.5,3480.0,23751.0,1305.0,14.5,2533.1,16277.0,0.156,153.2,481.6,0.02,0.148,0.148,1032.0,1032.0
monkey,martialartist,oozaru,wukongzero,m0,5,14.5,14.5,14.5,1.0,1.0,14.5,3480.0,23751.0,1305.0,14.5,2266.9,16277.0,0.139,255.3,905.6,0.04,0.247,0.247,1032.0,1032.0
monkey,martialartist,oozaru,wukongzero,m0,7,14.5,14.5,14.5,1.0,1.0,14.5,3480.0,23751.0,1305.0,14.5,2266.9,16277.0,0.139,323.4,1341.6,0.06,0.313,0.313,1032.0,1032.0
monkey,martialartist,oozaru,wukongzero,m100,1,21.75,21.75,21.75,1.0,1.0,21.75,5220.0,35626.5,1957.5,21.75,2970.3,24413.6,0.122,89.4,207.0,0.01,0.087,0.087,1032.0,1032.0
monkey,martialartist,oozaru,wukongzero,m100,3,21.75,21.75,21.75,1.0,1.0,21.75,5220.0,35626.5,1957.5,21.75,2711.5,24413.6,0.111,160.9,515.5,0.01,0.156,0.156,1032.0,1032.0
monkey,martialartist,oozaru,wukongzero,m100,5,21.75,21.75,21.75,1.0,1.0,21.75,5220.0,35626.5,1957.5,21.75,2411.5,24413.6,0.099,268.2,905.6,0.03,0.26,0.26,1032.0,1032.0
monkey,martialartist,oozaru,wukongzero,m100,7,21.75,21.75,21.75,1.0,1.0,21.75,5220.0,35626.5,1957.5,21.75,2411.5,24413.6,0.099,339.7,1341.6,0.04,0.329,0.329,1032.0,1032.0
monkey,paladin,base,Base,m0,1,1.0,1.0,1.0,1.0,1.0,1.0,280.0,426.0,120.0,1.0,330.5,330.5,1.0,61.8,140.6,0.33,0.06,0.06,1030.0,1030.0
monkey,paladin,base,Base,m0,3,1.0,1.0,1.0,1.0,1.0,1.0,280.0,426.0,120.0,1.0,330.5,330.5,1.0,102.0,435.2,1.02,0.099,0.099,1030.0,1030.0
monkey,paladin,base,Base,m0,5,1.0,1.0,1.0,1.0,1.0,1.0,280.0,426.0,120.0,1.0,330.5,330.5,1.0,170.0,903.8,2.12,0.165,0.165,1030.0,1030.0
monkey,paladin,base,Base,m0,7,1.0,1.0,1.0,1.0,1.0,1.0,280.0,426.0,120.0,1.0,330.5,330.5,1.0,215.3,1339.0,3.14,0.209,0.209,1030.0,1030.0
monkey,paladin,legendaryforms,gear1,m0,1,3.25,3.25,3.25,1.0,1.0,3.25,910.0,1384.5,390.0,3.25,633.3,1066.7,0.594,69.1,140.6,0.1,0.067,0.067,1030.0,1030.0
monkey,paladin,legendaryforms,gear1,m0,3,3.25,3.25,3.25,1.0,1.0,3.25,910.0,1384.5,390.0,3.25,721.2,1066.7,0.676,124.4,435.2,0.31,0.121,0.121,1030.0,1030.0
monkey,paladin,legendaryforms,gear1,m0,5,3.25,3.25,3.25,1.0,1.0,3.25,910.0,1384.5,390.0,3.25,528.8,1066.7,0.496,207.4,903.8,0.65,0.201,0.201,1030.0,1030.0
monkey,paladin,legendaryforms,gear1,m0,7,3.25,3.25,3.25,1.0,1.0,3.25,910.0,1384.5,390.0,3.25,528.8,1066.7,0.496,262.6,1339.0,0.97,0.255,0.255,1030.0,1030.0
monkey,paladin,legendaryforms,gear1,m100,1,4.88,4.88,4.88,1.0,1.0,4.88,1365.0,2076.8,585.0,4.88,785.8,1598.5,0.492,73.4,140.6,0.07,0.071,0.071,1030.0,1030.0
monkey,paladin,legendaryforms,gear1,m100,3,4.88,4.88,4.88,1.0,1.0,4.88,1365.0,2076.8,585.0,4.88,917.9,1598.5,0.574,132.1,435.2,0.21,0.128,0.128,1030.0,1030.0
monkey,paladin,legendaryforms,gear1,m100,5,4.88,4.88,4.88,1.0,1.0,4.88,1365.0,2076.8,585.0,4.88,628.7,1598.5,0.393,220.2,903.8,0.44,0.214,0.214,1030.0,1030.0
monkey,paladin,legendaryforms,gear1,m100,7,4.88,4.88,4.88,1.0,1.0,4.88,1365.0,2076.8,585.0,4.88,628.7,1598.5,0.393,278.9,1339.0,0.64,0.271,0.271,1030.0,1030.0
monkey,paladin,legendaryforms,gear2,m0,1,7.8,7.8,7.8,1.0,1.0,7.8,2184.0,3322.8,936.0,7.8,733.1,2555.6,0.287,78.4,140.6,0.04,0.076,0.076,1030.0,1030.0
monkey,paladin,legendaryforms,gear2,m0,3,7.8,7.8,7.8,1.0,1.0,7.8,2184.0,3322.8,936.0,7.8,655.7,2555.6,0.257,141.1,435.2,0.13,0.137,0.137,1030.0,1030.0
monkey,paladin,legendaryforms,gear2,m0,5,7.8,7.8,7.8,1.0,1.0,7.8,2184.0,3322.8,936.0,7.8,594.2,2555.6,0.233,235.1,903.8,0.27,0.228,0.228,1030.0,1030.0
monkey,paladin,legendaryforms,gear2,m0,7,7.8,7.8,7.8,1.0,1.0,7.8,2184.0,3322.8,936.0,7.8,594.2,2555.6,0.233,297.8,1339.0,0.4,0.289,0.289,1030.0,1030.0
monkey,paladin,legendaryforms,gear2,m100,1,11.7,11.7,11.7,1.0,1.0,11.7,3276.0,4984.2,1404.0,11.7,802.6,3831.8,0.209,82.7,140.6,0.03,0.08,0.08,1030.0,1030.0
monkey,paladin,legendaryforms,gear2,m100,3,11.7,11.7,11.7,1.0,1.0,11.7,3276.0,4984.2,1404.0,11.7,711.9,3831.8,0.186,148.8,435.2,0.09,0.144,0.144,1030.0,1030.0
monkey,paladin,legendaryforms,gear2,m100,5,11.7,11.7,11.7,1.0,1.0,11.7,3276.0,4984.2,1404.0,11.7,639.7,3831.8,0.167,248.0,903.8,0.18,0.241,0.241,1030.0,1030.0
monkey,paladin,legendaryforms,gear2,m100,7,11.7,11.7,11.7,1.0,1.0,11.7,3276.0,4984.2,1404.0,11.7,639.7,3831.8,0.167,314.1,1339.0,0.27,0.305,0.305,1030.0,1030.0
monkey,paladin,legendaryforms,gear3,m0,1,14.5,14.5,14.5,1.0,1.0,14.5,4060.0,6177.0,1740.0,14.5,832.0,4748.0,0.175,84.9,140.6,0.02,0.082,0.082,1030.0,1030.0
monkey,paladin,legendaryforms,gear3,m0,3,14.5,14.5,14.5,1.0,1.0,14.5,4060.0,6177.0,1740.0,14.5,740.8,4748.0,0.156,152.9,435.2,0.07,0.148,0.148,1030.0,1030.0
monkey,paladin,legendaryforms,gear3,m0,5,14.5,14.5,14.5,1.0,1.0,14.5,4060.0,6177.0,1740.0,14.5,663.1,4748.0,0.14,254.8,903.8,0.15,0.247,0.247,1030.0,1030.0
monkey,paladin,legendaryforms,gear3,m0,7,14.5,14.5,14.5,1.0,1.0,14.5,4060.0,6177.0,1740.0,14.5,663.1,4748.0,0.14,322.8,1339.0,0.22,0.313,0.313,1030.0,1030.0
monkey,paladin,legendaryforms,gear3,m100,1,21.75,21.75,21.75,1.0,1.0,21.75,6090.0,9265.5,2610.0,21.75,868.2,7120.4,0.122,89.2,140.6,0.02,0.087,0.087,1030.0,1030.0
monkey,paladin,legendaryforms,gear3,m100,3,21.75,21.75,21.75,1.0,1.0,21.75,6090.0,9265.5,2610.0,21.75,792.8,7120.4,0.111,160.6,435.2,0.05,0.156,0.156,1030.0,1030.0
monkey,paladin,legendaryforms,gear3,m100,5,21.75,21.75,21.75,1.0,1.0,21.75,6090.0,9265.5,2610.0,21.75,705.3,7120.4,0.099,267.7,903.8,0.1,0.26,0.26,1030.0,1030.0
monkey,paladin,legendaryforms,gear3,m100,7,21.75,21.75,21.75,1.0,1.0,21.75,6090.0,9265.5,2610.0,21.75,705.3,7120.4,0.099,339.1,1339.0,0.14,0.329,0.329,1030.0,1030.0
monkey,paladin,oozaru,wukongsrage,m0,1,3.5,3.5,3.55,1.0,1.0,3.15,980.0,1491.0,426.0,3.55,658.4,1149.2,0.573,70.1,140.6,0.09,0.068,0.068,1030.0,1030.0
monkey,paladin,oozaru,wukongsrage,m0,3,3.5,3.5,3.55,1.0,1.0,3.15,980.0,1491.0,426.0,3.55,753.6,1149.2,0.656,126.1,435.2,0.29,0.122,0.122,1030.0,1030.0
monkey,paladin,oozaru,wukongsrage,m0,5,3.5,3.5,3.55,1.0,1.0,3.15,980.0,1491.0,426.0,3.55,545.3,1149.2,0.474,210.2,903.8,0.61,0.204,0.204,1030.0,1030.0
monkey,paladin,oozaru,wukongsrage,m0,7,3.5,3.5,3.55,1.0,1.0,3.15,980.0,1491.0,426.0,3.55,545.3,1149.2,0.474,266.2,1339.0,0.9,0.258,0.258,1030.0,1030.0
monkey,paladin,oozaru,wukongsrage,m100,1,5.25,5.25,5.32,1.0,1.0,4.72,1470.0,2236.5,639.0,5.32,818.7,1722.2,0.475,74.3,140.6,0.06,0.072,0.072,1030.0,1030.0
monkey,paladin,oozaru,wukongsrage,m100,3,5.25,5.25,5.32,1.0,1.0,4.72,1470.0,2236.5,639.0,5.32,960.4,1722.2,0.558,133.8,435.2,0.19,0.13,0.13,1030.0,1030.0
monkey,paladin,oozaru,wukongsrage,m100,5,5.25,5.25,5.32,1.0,1.0,4.72,1470.0,2236.5,639.0,5.32,650.3,1722.2,0.378,223.0,903.8,0.4,0.217,0.217,1030.0,1030.0
monkey,paladin,oozaru,wukongsrage,m100,7,5.25,5.25,5.32,1.0,1.0,4.72,1470.0,2236.5,639.0,5.32,650.3,1722.2,0.378,282.5,1339.0,0.6,0.274,0.274,1030.0,1030.0
monkey,paladin,oozaru,wukongspride,m0,1,6.2,6.2,6.2,1.0,1.0,6.2,1736.0,2641.2,744.0,6.2,693.1,2032.0,0.341,75.9,140.6,0.05,0.074,0.074,1030.0,1030.0
monkey,paladin,oozaru,wukongspride,m0,3,6.2,6.2,6.2,1.0,1.0,6.2,1736.0,2641.2,744.0,6.2,623.5,2032.0,0.307,136.7,435.2,0.16,0.133,0.133,1030.0,1030.0
monkey,paladin,oozaru,wukongspride,m0,5,6.2,6.2,6.2,1.0,1.0,6.2,1736.0,2641.2,744.0,6.2,568.0,2032.0,0.28,227.8,903.8,0.34,0.221,0.221,1030.0,1030.0
monkey,paladin,oozaru,wukongspride,m0,7,6.2,6.2,6.2,1.0,1.0,6.2,1736.0,2641.2,744.0,6.2,568.0,2032.0,0.28,288.6,1339.0,0.51,0.28,0.28,1030.0,1030.0
monkey,paladin,oozaru,wukongspride,m100,1,9.3,9.3,9.3,1.0,1.0,9.3,2604.0,3961.8,1116.0,9.3,763.5,3046.4,0.251,80.2,140.6,0.04,0.078,0.078,1030.0,1030.0
monkey,paladin,oozaru,wukongspride,m100,3,9.3,9.3,9.3,1.0,1.0,9.3,2604.0,3961.8,1116.0,9.3,680.3,3046.4,0.223,144.4,435.2,0.11,0.14,0.14,1030.0,1030.0
monkey,paladin,oozaru,wukongspride,m100,5,9.3,9.3,9.3,1.0,1.0,9.3,2604.0,3961.8,1116.0,9.3,614.1,3046.4,0.202,240.7,903.8,0.23,0.234,0.234,1030.0,1030.0
monkey,paladin,oozaru,wukongspride,m100,7,9.3,9.3,9.3,1.0,1.0,9.3,2604.0,3961.8,1116.0,9.3,614.1,3046.4,0.202,304.9,1339.0,0.34,0.296,0.296,1030.0,1030.0
monkey,paladin,oozaru,wukongzero,m0,1,14.5,14.5,14.5,1.0,1.0,14.5,4060.0,6177.0,1740.0,14.5,832.0,4748.0,0.175,84.9,140.6,0.02,0.082,0.082,1030.0,1030.0
monkey,paladin,oozaru,wukongzero,m0,3,14.5,14.5,14.5,1.0,1.0,14.5,4060.0,6177.0,1740.0,14.5,740.8,4748.0,0.156,152.9,435.2,0.07,0.148,0.148,1030.0,1030.0
monkey,paladin,oozaru,wukongzero,m0,5,14.5,14.5,14.5,1.0,1.0,14.5,4060.0,6177.0,1740.0,14.5,663.1,4748.0,0.14,254.8,903.8,0.15,0.247,0.247,1030.0,1030.0
monkey,paladin,oozaru,wukongzero,m0,7,14.5,14.5,14.5,1.0,1.0,14.5,4060.0,6177.0,1740.0,14.5,663.1,4748.0,0.14,322.8,1339.0,0.22,0.313,0.313,1030.0,1030.0
monkey,paladin,oozaru,wukongzero,m100,1,21.75,21.75,21.75,1.0,1.0,21.75,6090.0,9265.5,2610.0,21.75,868.2,7120.4,0.122,89.2,140.6,0.02,0.087,0.087,1030.0,1030.0
monkey,paladin,oozaru,wukongzero,m100,3,21.75,21.75,21.75,1.0,1.0,21.75,6090.0,9265.5,2610.0,21.75,792.8,7120.4,0.111,160.6,435.2,0.05,0.156,0.156,1030.0,1030.0
monkey,paladin,oozaru,wukongzero,m100,5,21.75,21.75,21.75,1.0,1.0,21.75,6090.0,9265.5,2610.0,21.75,705.3,7120.4,0.099,267.7,903.8,0.1,0.26,0.26,1030.0,1030.0
monkey,paladin,oozaru,wukongzero,m100,7,21.75,21.75,21.75,1.0,1.0,21.75,6090.0,9265.5,2610.0,21.75,705.3,7120.4,0.099,339.1,1339.0,0.14,0.329,0.329,1030.0,1030.0
monkey,tank,base,Base,m0,1,1.0,1.0,1.0,1.0,1.0,1.0,120.0,140.0,50.0,1.0,113.3,113.3,1.0,23.8,245.0,1.75,0.013,0.06,1795.0,1795.0
monkey,tank,base,Base,m0,3,1.0,1.0,1.0,1.0,1.0,1.0,120.0,140.0,50.0,1.0,113.3,113.3,1.0,73.7,758.4,5.42,0.041,0.099,1795.0,1795.0
monkey,tank,base,Base,m0,5,1.0,1.0,1.0,1.0,1.0,1.0,120.0,140.0,50.0,1.0,113.3,113.3,1.0,153.0,1575.1,11.25,0.085,0.165,1795.0,1795.0
monkey,tank,base,Base,m0,7,1.0,1.0,1.0,1.0,1.0,1.0,120.0,140.0,50.0,1.0,113.3,113.3,1.0,226.6,2333.5,16.67,0.126,0.209,1795.0,1795.0
monkey,tank,legendaryforms,gear1,m0,1,3.25,3.25,3.25,1.0,1.0,3.25,390.0,455.0,162.5,3.25,216.9,365.0,0.594,45.5,245.0,0.54,0.025,0.067,1795.0,1795.0
monkey,tank,legendaryforms,gear1,m0,3,3.25,3.25,3.25,1.0,1.0,3.25,390.0,455.0,162.5,3.25,246.9,365.0,0.676,160.5,758.4,1.67,0.089,0.121,1795.0,1795.0
monkey,tank,legendaryforms,gear1,m0,5,3.25,3.25,3.25,1.0,1.0,3.25,390.0,455.0,162.5,3.25,181.1,365.0,0.496,259.2,1575.1,3.46,0.144,0.201,1795.0,1795.0
monkey,tank,legendaryforms,gear1,m0,7,3.25,3.25,3.25,1.0,1.0,3.25,390.0,455.0,162.5,3.25,181.1,365.0,0.496,398.5,2333.5,5.13,0.222,0.255,1795.0,1795.0
monkey,tank,legendaryforms,gear1,m100,1,4.88,4.88,4.88,1.0,1.0,4.88,585.0,682.5,243.8,4.88,269.0,546.8,0.492,56.5,245.0,0.36,0.031,0.071,1795.0,1795.0
monkey,tank,legendaryforms,gear1,m100,3,4.88,4.88,4.88,1.0,1.0,4.88,585.0,682.5,243.8,4.88,314.2,546.8,0.575,204.2,758.4,1.11,0.114,0.128,1795.0,1795.0
monkey,tank,legendaryforms,gear1,m100,5,4.88,4.88,4.88,1.0,1.0,4.88,585.0,682.5,243.8,4.88,215.3,546.8,0.394,308.1,1575.1,2.31,0.172,0.214,1795.0,1795.0
monkey,tank,legendaryforms,gear1,m100,7,4.88,4.88,4.88,1.0,1.0,4.88,585.0,682.5,243.8,4.88,215.3,546.8,0.394,473.6,2333.5,3.42,0.264,0.271,1795.0,1795.0
monkey,tank,legendaryforms,gear2,m0,1,7.8,7.8,7.8,1.0,1.0,7.8,936.0,1092.0,390.0,7.8,251.0,874.1,0.287,52.7,245.0,0.22,0.029,0.076,1795.0,1795.0
monkey,tank,legendaryforms,gear2,m0,3,7.8,7.8,7.8,1.0,1.0,7.8,936.0,1092.0,390.0,7.8,224.5,874.1,0.257,145.9,758.4,0.69,0.081,0.137,1795.0,1795.0
monkey,tank,legendaryforms,gear2,m0,5,7.8,7.8,7.8,1.0,1.0,7.8,936.0,1092.0,390.0,7.8,203.5,874.1,0.233,291.2,1575.1,1.44,0.162,0.228,1795.0,1795.0
monkey,tank,legendaryforms,gear2,m0,7,7.8,7.8,7.8,1.0,1.0,7.8,936.0,1092.0,390.0,7.8,203.5,874.1,0.233,447.7,2333.5,2.14,0.249,0.289,1795.0,1795.0
monkey,tank,legendaryforms,gear2,m100,1,11.7,11.7,11.7,1.0,1.0,11.7,1404.0,1638.0,585.0,11.7,274.7,1310.4,0.21,57.7,245.0,0.15,0.032,0.08,1795.0,1795.0
monkey,tank,legendaryforms,gear2,m100,3,11.7,11.7,11.7,1.0,1.0,11.7,1404.0,1638.0,585.0,11.7,243.7,1310.4,0.186,158.4,758.4,0.46,0.088,0.144,1795.0,1795.0
monkey,tank,legendaryforms,gear2,m100,5,11.7,11.7,11.7,1.0,1.0,11.7,1404.0,1638.0,585.0,11.7,219.0,1310.4,0.167,313.5,1575.1,0.96,0.175,0.241,1795.0,1795.0
monkey,tank,legendaryforms,gear2,m100,7,11.7,11.7,11.7,1.0,1.0,11.7,1404.0,1638.0,585.0,11.7,219.0,1310.4,0.167,481.9,2333.5,1.42,0.268,0.305,1795.0,1795.0
monkey,tank,legendaryforms,gear3,m0,1,14.5,14.5,14.5,1.0,1.0,14.5,1740.0,2030.0,725.0,14.5,284.8,1623.6,0.175,59.8,245.0,0.12,0.033,0.082,1795.0,1795.0
monkey,tank,legendaryforms,gear3,m0,3,14.5,14.5,14.5,1.0,1.0,14.5,1740.0,2030.0,725.0,14.5,253.6,1623.6,0.156,164.8,758.4,0.37,0.092,0.148,1795.0,1795.0
monkey,tank,legendaryforms,gear3,m0,5,14.5,14.5,14.5,1.0,1.0,14.5,1740.0,2030.0,725.0,14.5,227.1,1623.6,0.14,324.9,1575.1,0.78,0.181,0.247,1795.0,1795.0
monkey,tank,legendaryforms,gear3,m0,7,14.5,14.5,14.5,1.0,1.0,14.5,1740.0,2030.0,725.0,14.5,227.1,1623.6,0.14,499.5,2333.5,1.15,0.278,0.313,1795.0,1795.0
monkey,tank,legendaryforms,gear3,m100,1,21.75,21.75,21.75,1.0,1.0,21.75,2610.0,3045.0,1087.5,21.75,297.2,2434.7,0.122,62.4,245.0,0.08,0.035,0.087,1795.0,1795.0
monkey,tank,legendaryforms,gear3,m100,3,21.75,21.75,21.75,1.0,1.0,21.75,2610.0,3045.0,1087.5,21.75,271.4,2434.7,0.111,176.4,758.4,0.25,0.098,0.156,1795.0,1795.0
monkey,tank,legendaryforms,gear3,m100,5,21.75,21.75,21.75,1.0,1.0,21.75,2610.0,3045.0,1087.5,21.75,241.5,2434.7,0.099,345.5,1575.1,0.52,0.193,0.26,1795.0,1795.0
monkey,tank,legendaryforms,gear3,m100,7,21.75,21.75,21.75,1.0,1.0,21.75,2610.0,3045.0,1087.5,21.75,241.5,2434.7,0.099,531.2,2333.5,0.77,0.296,0.329,1795.0,1795.0
monkey,tank,oozaru,wukongsrage,m0,1,3.5,3.5,3.55,1.0,1.0,3.15,420.0,490.0,177.5,3.55,225.5,393.3,0.573,47.3,245.0,0.5,0.026,0.068,1795.0,1795.0
monkey,tank,oozaru,wukongsrage,m0,3,3.5,3.5,3.55,1.0,1.0,3.15,420.0,490.0,177.5,3.55,258.0,393.3,0.656,167.7,758.4,1.55,0.093,0.122,1795.0,1795.0
monkey,tank,oozaru,wukongsrage,m0,5,3.5,3.5,3.55,1.0,1.0,3.15,420.0,490.0,177.5,3.55,186.8,393.3,0.475,267.3,1575.1,3.21,0.149,0.204,1795.0,1795.0
monkey,tank,oozaru,wukongsrage,m0,7,3.5,3.5,3.55,1.0,1.0,3.15,420.0,490.0,177.5,3.55,186.8,393.3,0.475,410.9,2333.5,4.76,0.229,0.258,1795.0,1795.0
monkey,tank,oozaru,wukongsrage,m100,1,5.25,5.25,5.32,1.0,1.0,4.72,630.0,735.0,266.2,5.32,280.3,589.2,0.476,58.9,245.0,0.33,0.033,0.072,1795.0,1795.0
monkey,tank,oozaru,wukongsrage,m100,3,5.25,5.25,5.32,1.0,1.0,4.72,630.0,735.0,266.2,5.32,328.7,589.2,0.558,213.7,758.4,1.03,0.119,0.13,1795.0,1795.0
monkey,tank,oozaru,wukongsrage,m100,5,5.25,5.25,5.32,1.0,1.0,4.72,630.0,735.0,266.2,5.32,222.7,589.2,0.378,318.6,1575.1,2.14,0.178,0.217,1795.0,1795.0
monkey,tank,oozaru,wukongsrage,m100,7,5.25,5.25,5.32,1.0,1.0,4.72,630.0,735.0,266.2,5.32,222.7,589.2,0.378,489.9,2333.5,3.17,0.273,0.274,1795.0,1795.0
monkey,tank,oozaru,wukongspride,m0,1,6.2,6.2,6.2,1.0,1.0,6.2,744.0,868.0,310.0,6.2,237.3,695.1,0.341,49.8,245.0,0.28,0.028,0.074,1795.0,1795.0
monkey,tank,oozaru,wukongspride,m0,3,6.2,6.2,6.2,1.0,1.0,6.2,744.0,868.0,310.0,6.2,213.5,695.1,0.307,138.8,758.4,0.87,0.077,0.133,1795.0,1795.0
monkey,tank,oozaru,wukongspride,m0,5,6.2,6.2,6.2,1.0,1.0,6.2,744.0,868.0,310.0,6.2,194.5,695.1,0.28,278.4,1575.1,1.81,0.155,0.221,1795.0,1795.0
monkey,tank,oozaru,wukongspride,m0,7,6.2,6.2,6.2,1.0,1.0,6.2,744.0,868.0,310.0,6.2,194.5,695.1,0.28,428.0,2333.5,2.69,0.238,0.28,1795.0,1795.0
monkey,tank,oozaru,wukongspride,m100,1,9.3,9.3,9.3,1.0,1.0,9.3,1116.0,1302.0,465.0,9.3,261.4,1041.9,0.251,54.9,245.0,0.19,0.031,0.078,1795.0,1795.0
monkey,tank,oozaru,wukongspride,m100,3,9.3,9.3,9.3,1.0,1.0,9.3,1116.0,1302.0,465.0,9.3,232.9,1041.9,0.224,151.4,758.4,0.58,0.084,0.14,1795.0,1795.0
monkey,tank,oozaru,wukongspride,m100,5,9.3,9.3,9.3,1.0,1.0,9.3,1116.0,1302.0,465.0,9.3,210.3,1041.9,0.202,300.9,1575.1,1.21,0.168,0.234,1795.0,1795.0
monkey,tank,oozaru,wukongspride,m100,7,9.3,9.3,9.3,1.0,1.0,9.3,1116.0,1302.0,465.0,9.3,210.3,1041.9,0.202,462.6,2333.5,1.79,0.258,0.296,1795.0,1795.0
monkey,tank,oozaru,wukongzero,m0,1,14.5,14.5,14.5,1.0,1.0,14.5,1740.0,2030.0,725.0,14.5,284.8,1623.6,0.175,59.8,245.0,0.12,0.033,0.082,1795.0,1795.0
monkey,tank,oozaru,wukongzero,m0,3,14.5,14.5,14.5,1.0,1.0,14.5,1740.0,2030.0,725.0,14.5,253.6,1623.6,0.156,164.8,758.4,0.37,0.092,0.148,1795.0,1795.0
monkey,tank,oozaru,wukongzero,m0,5,14.5,14.5,14.5,1.0,1.0,14.5,1740.0,2030.0,725.0,14.5,227.1,1623.6,0.14,324.9,1575.1,0.78,0.181,0.247,1795.0,1795.0
monkey,tank,oozaru,wukongzero,m0,7,14.5,14.5,14.5,1.0,1.0,14.5,1740.0,2030.0,725.0,14.5,227.1,1623.6,0.14,499.5,2333.5,1.15,0.278,0.313,1795.0,1795.0
monkey,tank,oozaru,wukongzero,m100,1,21.75,21.75,21.75,1.0,1.0,21.75,2610.0,3045.0,1087.5,21.75,297.2,2434.7,0.122,62.4,245.0,0.08,0.035,0.087,1795.0,1795.0
monkey,tank,oozaru,wukongzero,m100,3,21.75,21.75,21.75,1.0,1.0,21.75,2610.0,3045.0,1087.5,21.75,271.4,2434.7,0.111,176.4,758.4,0.25,0.098,0.156,1795.0,1795.0
monkey,tank,oozaru,wukongzero,m100,5,21.75,21.75,21.75,1.0,1.0,21.75,2610.0,3045.0,1087.5,21.75,241.5,2434.7,0.099,345.5,1575.1,0.52,0.193,0.26,1795.0,1795.0
monkey,tank,oozaru,wukongzero,m100,7,21.75,21.75,21.75,1.0,1.0,21.75,2610.0,3045.0,1087.5,21.75,241.5,2434.7,0.099,531.2,2333.5,0.77,0.296,0.329,1795.0,1795.0
namekian,cleric,base,Base,m0,1,1.0,1.0,1.0,1.0,1.0,1.0,50.0,75.0,640.0,1.0,462.8,462.8,1.0,37.2,84.6,0.13,0.06,0.06,620.0,620.0
namekian,cleric,base,Base,m0,3,1.0,1.0,1.0,1.0,1.0,1.0,50.0,75.0,640.0,1.0,462.8,462.8,1.0,61.4,261.9,0.41,0.099,0.099,620.0,620.0
namekian,cleric,base,Base,m0,5,1.0,1.0,1.0,1.0,1.0,1.0,50.0,75.0,640.0,1.0,462.8,462.8,1.0,102.3,544.1,0.85,0.165,0.165,620.0,620.0
namekian,cleric,base,Base,m0,7,1.0,1.0,1.0,1.0,1.0,1.0,50.0,75.0,640.0,1.0,462.8,462.8,1.0,129.6,806.0,1.26,0.209,0.209,620.0,620.0
namekian,cleric,legendaryforms,evilnamek,m0,1,3.4,3.4,3.4,1.0,1.0,2.62,170.0,255.0,2176.0,3.4,888.3,1514.1,0.587,41.9,84.6,0.04,0.068,0.068,620.0,620.0
namekian,cleric,legendaryforms,evilnamek,m0,3,3.4,3.4,3.4,1.0,1.0,2.62,170.0,255.0,2176.0,3.4,1011.8,1514.1,0.668,75.4,261.9,0.12,0.122,0.122,620.0,620.0
namekian,cleric,legendaryforms,evilnamek,m0,5,3.4,3.4,3.4,1.0,1.0,2.62,170.0,255.0,2176.0,3.4,741.5,1514.1,0.49,125.7,544.1,0.25,0.203,0.203,620.0,620.0
namekian,cleric,legendaryforms,evilnamek,m0,7,3.4,3.4,3.4,1.0,1.0,2.62,170.0,255.0,2176.0,3.4,741.5,1514.1,0.49,159.2,806.0,0.37,0.257,0.257,620.0,620.0
namekian,cleric,legendaryforms,evilnamek,m100,1,5.1,5.1,5.1,1.0,1.0,3.94,255.0,382.5,3264.0,5.1,1098.7,2258.8,0.486,44.5,84.6,0.03,0.072,0.072,620.0,620.0
namekian,cleric,legendaryforms,evilnamek,m100,3,5.1,5.1,5.1,1.0,1.0,3.94,255.0,382.5,3264.0,5.1,1283.2,2258.8,0.568,80.1,261.9,0.08,0.129,0.129,620.0,620.0
namekian,cleric,legendaryforms,evilnamek,m100,5,5.1,5.1,5.1,1.0,1.0,3.94,255.0,382.5,3264.0,5.1,879.3,2258.8,0.389,133.4,544.1,0.17,0.215,0.215,620.0,620.0
namekian,cleric,legendaryforms,evilnamek,m100,7,5.1,5.1,5.1,1.0,1.0,3.94,255.0,382.5,3264.0,5.1,879.3,2258.8,0.389,169.0,806.0,0.25,0.273,0.273,620.0,620.0
namekian,cleric,legendaryforms,evilgiantnamek,m0,1,9.3,9.3,9.3,1.0,1.0,9.25,465.0,697.5,5952.0,9.3,1042.4,4098.7,0.254,48.3,84.6,0.01,0.078,0.078,620.0,620.0
namekian,cleric,legendaryforms,evilgiantnamek,m0,3,9.3,9.3,9.3,1.0,1.0,9.25,465.0,697.5,5952.0,9.3,931.1,4098.7,0.227,86.9,261.9,0.04,0.14,0.14,620.0,620.0
namekian,cleric,legendaryforms,evilgiantnamek,m0,5,9.3,9.3,9.3,1.0,1.0,9.25,465.0,697.5,5952.0,9.3,842.5,4098.7,0.206,144.9,544.1,0.09,0.234,0.234,620.0,620.0
namekian,cleric,legendaryforms,evilgiantnamek,m0,7,9.3,9.3,9.3,1.0,1.0,9.25,465.0,697.5,5952.0,9.3,842.5,4098.7,0.206,183.5,806.0,0.14,0.296,0.296,620.0,620.0
namekian,cleric,legendaryforms,evilgiantnamek,m100,1,13.95,13.95,13.95,1.0,1.0,13.88,697.5,1046.2,8928.0,13.95,1128.9,6135.7,0.184,50.9,84.7,0.01,0.082,0.082,620.0,620.0
namekian,cleric,legendaryforms,evilgiantnamek,m100,3,13.95,13.95,13.95,1.0,1.0,13.88,697.5,1046.2,8928.0,13.95,1005.1,6135.7,0.164,91.6,261.9,0.03,0.148,0.148,620.0,620.0
namekian,cleric,legendaryforms,evilgiantnamek,m100,5,13.95,13.95,13.95,1.0,1.0,13.88,697.5,1046.2,8928.0,13.95,902.5,6135.7,0.147,152.6,544.1,0.06,0.246,0.246,620.0,620.0
namekian,cleric,legendaryforms,evilgiantnamek,m100,7,13.95,13.95,13.95,1.0,1.0,13.88,697.5,1046.2,8928.0,13.95,902.5,6135.7,0.147,193.3,806.0,0.09,0.312,0.312,620.0,620.0
namekian,cleric,legendaryforms,buffednamek,m0,1,14.5,14.5,14.5,1.0,1.0,12.62,725.0,1087.5,9280.0,14.5,1134.2,6376.6,0.178,51.1,85.2,0.01,0.082,0.082,620.0,620.0
namekian,cleric,legendaryforms,buffednamek,m0,3,14.5,14.5,14.5,1.0,1.0,12.62,725.0,1087.5,9280.0,14.5,1012.0,6376.6,0.159,92.0,261.9,0.03,0.148,0.148,620.0,620.0
namekian,cleric,legendaryforms,buffednamek,m0,5,14.5,14.5,14.5,1.0,1.0,12.62,725.0,1087.5,9280.0,14.5,908.1,6376.6,0.142,153.4,544.1,0.06,0.247,0.247,620.0,620.0
namekian,cleric,legendaryforms,buffednamek,m0,7,14.5,14.5,14.5,1.0,1.0,12.62,725.0,1087.5,9280.0,14.5,908.1,6376.6,0.142,194.3,806.0,0.09,0.313,0.313,620.0,620.0
namekian,cleric,legendaryforms,buffednamek,m100,1,21.75,21.75,21.75,1.0,1.0,18.94,1087.5,1631.2,13920.0,21.75,1182.7,9552.6,0.124,53.7,88.8,0.01,0.087,0.087,620.0,620.0
namekian,cleric,legendaryforms,buffednamek,m100,3,21.75,21.75,21.75,1.0,1.0,18.94,1087.5,1631.2,13920.0,21.75,1081.7,9552.6,0.113,96.7,261.9,0.02,0.156,0.156,620.0,620.0
namekian,cleric,legendaryforms,buffednamek,m100,5,21.75,21.75,21.75,1.0,1.0,18.94,1087.5,1631.2,13920.0,21.75,964.6,9552.6,0.101,161.1,544.1,0.04,0.26,0.26,620.0,620.0
namekian,cleric,legendaryforms,buffednamek,m100,7,21.75,21.75,21.75,1.0,1.0,18.94,1087.5,1631.2,13920.0,21.75,964.6,9552.6,0.101,204.1,806.0,0.06,0.329,0.329,620.0,620.0
namekian,cleric,namek_custom_god,orange,m0,1,1.0,1.0,1.0,1.0,1.0,1.0,50.0,75.0,640.0,1.0,462.8,462.8,1.0,37.2,84.6,0.13,0.06,0.06,620.0,620.0
namekian,cleric,namek_custom_god,orange,m0,3,1.0,1.0,1.0,1.0,1.0,1.0,50.0,75.0,640.0,1.0,462.8,462.8,1.0,61.4,261.9,0.41,0.099,0.099,620.0,620.0
namekian,cleric,namek_custom_god,orange,m0,5,1.0,1.0,1.0,1.0,1.0,1.0,50.0,75.0,640.0,1.0,462.8,462.8,1.0,102.3,544.1,0.85,0.165,0.165,620.0,620.0
namekian,cleric,namek_custom_god,orange,m0,7,1.0,1.0,1.0,1.0,1.0,1.0,50.0,75.0,640.0,1.0,462.8,462.8,1.0,129.6,806.0,1.26,0.209,0.209,620.0,620.0
namekian,cleric,namek_custom_god,orange,m100,1,1.0,1.0,1.0,1.0,1.0,1.0,50.0,75.0,640.0,1.0,462.8,462.8,1.0,37.2,84.6,0.13,0.06,0.06,620.0,620.0
namekian,cleric,namek_custom_god,orange,m100,3,1.0,1.0,1.0,1.0,1.0,1.0,50.0,75.0,640.0,1.0,462.8,462.8,1.0,61.4,261.9,0.41,0.099,0.099,620.0,620.0
namekian,cleric,namek_custom_god,orange,m100,5,1.0,1.0,1.0,1.0,1.0,1.0,50.0,75.0,640.0,1.0,462.8,462.8,1.0,102.3,544.1,0.85,0.165,0.165,620.0,620.0
namekian,cleric,namek_custom_god,orange,m100,7,1.0,1.0,1.0,1.0,1.0,1.0,50.0,75.0,640.0,1.0,462.8,462.8,1.0,129.6,806.0,1.26,0.209,0.209,620.0,620.0
namekian,cleric,namek_custom_god,transcendent_namekian,m0,1,1.0,1.0,1.0,1.0,1.0,1.0,50.0,75.0,640.0,1.0,462.8,462.8,1.0,37.2,84.6,0.13,0.06,0.06,620.0,620.0
namekian,cleric,namek_custom_god,transcendent_namekian,m0,3,1.0,1.0,1.0,1.0,1.0,1.0,50.0,75.0,640.0,1.0,462.8,462.8,1.0,61.4,261.9,0.41,0.099,0.099,620.0,620.0
namekian,cleric,namek_custom_god,transcendent_namekian,m0,5,1.0,1.0,1.0,1.0,1.0,1.0,50.0,75.0,640.0,1.0,462.8,462.8,1.0,102.3,544.1,0.85,0.165,0.165,620.0,620.0
namekian,cleric,namek_custom_god,transcendent_namekian,m0,7,1.0,1.0,1.0,1.0,1.0,1.0,50.0,75.0,640.0,1.0,462.8,462.8,1.0,129.6,806.0,1.26,0.209,0.209,620.0,620.0
namekian,cleric,namek_custom_god,transcendent_namekian,m100,1,1.0,1.0,1.0,1.0,1.0,1.0,50.0,75.0,640.0,1.0,462.8,462.8,1.0,37.2,84.6,0.13,0.06,0.06,620.0,620.0
namekian,cleric,namek_custom_god,transcendent_namekian,m100,3,1.0,1.0,1.0,1.0,1.0,1.0,50.0,75.0,640.0,1.0,462.8,462.8,1.0,61.4,261.9,0.41,0.099,0.099,620.0,620.0
namekian,cleric,namek_custom_god,transcendent_namekian,m100,5,1.0,1.0,1.0,1.0,1.0,1.0,50.0,75.0,640.0,1.0,462.8,462.8,1.0,102.3,544.1,0.85,0.165,0.165,620.0,620.0
namekian,cleric,namek_custom_god,transcendent_namekian,m100,7,1.0,1.0,1.0,1.0,1.0,1.0,50.0,75.0,640.0,1.0,462.8,462.8,1.0,129.6,806.0,1.26,0.209,0.209,620.0,620.0
namekian,cleric,superforms,giant,m0,1,4.0,4.0,4.0,1.0,1.0,3.75,200.0,300.0,2560.0,4.0,965.8,1777.0,0.544,42.9,84.6,0.03,0.069,0.069,620.0,620.0
namekian,cleric,superforms,giant,m0,3,4.0,4.0,4.0,1.0,1.0,3.75,200.0,300.0,2560.0,4.0,1111.8,1777.0,0.626,77.3,261.9,0.1,0.125,0.125,620.0,620.0
namekian,cleric,superforms,giant,m0,5,4.0,4.0,4.0,1.0,1.0,3.75,200.0,300.0,2560.0,4.0,792.3,1777.0,0.446,128.8,544.1,0.21,0.208,0.208,620.0,620.0
namekian,cleric,superforms,giant,m0,7,4.0,4.0,4.0,1.0,1.0,3.75,200.0,300.0,2560.0,4.0,792.3,1777.0,0.446,163.1,806.0,0.31,0.263,0.263,620.0,620.0
namekian,cleric,superforms,giant,m100,1,6.0,6.0,6.0,1.0,1.0,5.62,300.0,450.0,3840.0,6.0,940.6,2653.1,0.355,45.5,84.6,0.02,0.073,0.073,620.0,620.0
namekian,cleric,superforms,giant,m100,3,6.0,6.0,6.0,1.0,1.0,5.62,300.0,450.0,3840.0,6.0,848.8,2653.1,0.32,81.9,261.9,0.07,0.132,0.132,620.0,620.0
namekian,cleric,superforms,giant,m100,5,6.0,6.0,6.0,1.0,1.0,5.62,300.0,450.0,3840.0,6.0,775.8,2653.1,0.292,136.5,544.1,0.14,0.22,0.22,620.0,620.0
namekian,cleric,superforms,giant,m100,7,6.0,6.0,6.0,1.0,1.0,5.62,300.0,450.0,3840.0,6.0,775.8,2653.1,0.292,172.9,806.0,0.21,0.279,0.279,620.0,620.0
namekian,cleric,superforms,fullpower,m0,1,9.85,9.85,9.85,1.0,1.0,9.31,492.5,738.8,6304.0,9.85,1055.6,4339.6,0.243,48.7,84.6,0.01,0.078,0.078,620.0,620.0
namekian,cleric,superforms,fullpower,m0,3,9.85,9.85,9.85,1.0,1.0,9.31,492.5,738.8,6304.0,9.85,941.7,4339.6,0.217,87.6,261.9,0.04,0.141,0.141,620.0,620.0
namekian,cleric,superforms,fullpower,m0,5,9.85,9.85,9.85,1.0,1.0,9.31,492.5,738.8,6304.0,9.85,851.1,4339.6,0.196,146.0,544.1,0.09,0.235,0.235,620.0,620.0
namekian,cleric,superforms,fullpower,m0,7,9.85,9.85,9.85,1.0,1.0,9.31,492.5,738.8,6304.0,9.85,851.1,4339.6,0.196,184.9,806.0,0.13,0.298,0.298,620.0,620.0
namekian,cleric,superforms,fullpower,m100,1,14.77,14.77,14.77,1.0,1.0,13.97,738.7,1108.1,9456.0,14.77,1136.8,6497.1,0.175,51.2,85.3,0.01,0.083,0.083,620.0,620.0
namekian,cleric,superforms,fullpower,m100,3,14.77,14.77,14.77,1.0,1.0,13.97,738.7,1108.1,9456.0,14.77,1015.4,6497.1,0.156,92.2,261.9,0.03,0.149,0.149,620.0,620.0
namekian,cleric,superforms,fullpower,m100,5,14.77,14.77,14.77,1.0,1.0,13.97,738.7,1108.1,9456.0,14.77,910.8,6497.1,0.14,153.7,544.1,0.06,0.248,0.248,620.0,620.0
namekian,cleric,superforms,fullpower,m100,7,14.77,14.77,14.77,1.0,1.0,13.97,738.7,1108.1,9456.0,14.77,910.8,6497.1,0.14,194.7,806.0,0.09,0.314,0.314,620.0,620.0
namekian,cleric,superforms,supernamekian,m0,1,14.5,14.5,14.5,1.0,1.0,13.88,725.0,1087.5,9280.0,14.5,1134.2,6376.6,0.178,51.1,85.2,0.01,0.082,0.082,620.0,620.0
namekian,cleric,superforms,supernamekian,m0,3,14.5,14.5,14.5,1.0,1.0,13.88,725.0,1087.5,9280.0,14.5,1012.0,6376.6,0.159,92.0,261.9,0.03,0.148,0.148,620.0,620.0
namekian,cleric,superforms,supernamekian,m0,5,14.5,14.5,14.5,1.0,1.0,13.88,725.0,1087.5,9280.0,14.5,908.1,6376.6,0.142,153.4,544.1,0.06,0.247,0.247,620.0,620.0
namekian,cleric,superforms,supernamekian,m0,7,14.5,14.5,14.5,1.0,1.0,13.88,725.0,1087.5,9280.0,14.5,908.1,6376.6,0.142,194.3,806.0,0.09,0.313,0.313,620.0,620.0
namekian,cleric,superforms,supernamekian,m100,1,21.75,21.75,21.75,1.0,1.0,20.81,1087.5,1631.2,13920.0,21.75,1182.7,9552.6,0.124,53.7,88.8,0.01,0.087,0.087,620.0,620.0
namekian,cleric,superforms,supernamekian,m100,3,21.75,21.75,21.75,1.0,1.0,20.81,1087.5,1631.2,13920.0,21.75,1081.7,9552.6,0.113,96.7,261.9,0.02,0.156,0.156,620.0,620.0
namekian,cleric,superforms,supernamekian,m100,5,21.75,21.75,21.75,1.0,1.0,20.81,1087.5,1631.2,13920.0,21.75,964.6,9552.6,0.101,161.1,544.1,0.04,0.26,0.26,620.0,620.0
namekian,cleric,superforms,supernamekian,m100,7,21.75,21.75,21.75,1.0,1.0,20.81,1087.5,1631.2,13920.0,21.75,964.6,9552.6,0.101,204.1,806.0,0.06,0.329,0.329,620.0,620.0
namekian,warrior,base,Base,m0,1,1.0,1.0,1.0,1.0,1.0,1.0,1134.0,200.0,50.0,1.0,782.1,782.1,1.0,44.9,102.2,0.09,0.06,0.06,749.0,749.0
namekian,warrior,base,Base,m0,3,1.0,1.0,1.0,1.0,1.0,1.0,1134.0,200.0,50.0,1.0,782.1,782.1,1.0,74.2,316.5,0.28,0.099,0.099,749.0,749.0
namekian,warrior,base,Base,m0,5,1.0,1.0,1.0,1.0,1.0,1.0,1134.0,200.0,50.0,1.0,782.1,782.1,1.0,123.6,657.2,0.58,0.165,0.165,749.0,749.0
namekian,warrior,base,Base,m0,7,1.0,1.0,1.0,1.0,1.0,1.0,1134.0,200.0,50.0,1.0,782.1,782.1,1.0,156.5,973.7,0.86,0.209,0.209,749.0,749.0
namekian,warrior,legendaryforms,evilnamek,m0,1,3.4,3.4,3.4,1.0,1.0,2.62,3855.6,680.0,170.0,3.4,1539.2,2652.7,0.58,50.6,115.6,0.03,0.068,0.068,749.0,749.0
namekian,warrior,legendaryforms,evilnamek,m0,3,3.4,3.4,3.4,1.0,1.0,2.62,3855.6,680.0,170.0,3.4,1759.0,2652.7,0.663,91.1,334.4,0.09,0.122,0.122,749.0,749.0
namekian,warrior,legendaryforms,evilnamek,m0,5,3.4,3.4,3.4,1.0,1.0,2.62,3855.6,680.0,170.0,3.4,1278.0,2652.7,0.482,151.8,657.2,0.17,0.203,0.203,749.0,749.0
namekian,warrior,legendaryforms,evilnamek,m0,7,3.4,3.4,3.4,1.0,1.0,2.62,3855.6,680.0,170.0,3.4,1278.0,2652.7,0.482,192.3,973.7,0.25,0.257,0.257,749.0,749.0
namekian,warrior,legendaryforms,evilnamek,m100,1,5.1,5.1,5.1,1.0,1.0,3.94,5783.4,1020.0,255.0,5.1,1913.5,3977.6,0.481,53.7,139.7,0.02,0.072,0.072,749.0,749.0
namekian,warrior,legendaryforms,evilnamek,m100,3,5.1,5.1,5.1,1.0,1.0,3.94,5783.4,1020.0,255.0,5.1,2241.8,3977.6,0.564,96.7,426.2,0.07,0.129,0.129,749.0,749.0
namekian,warrior,legendaryforms,evilnamek,m100,5,5.1,5.1,5.1,1.0,1.0,3.94,5783.4,1020.0,255.0,5.1,1523.2,3977.6,0.383,161.2,657.2,0.11,0.215,0.215,749.0,749.0
namekian,warrior,legendaryforms,evilnamek,m100,7,5.1,5.1,5.1,1.0,1.0,3.94,5783.4,1020.0,255.0,5.1,1523.2,3977.6,0.383,204.2,973.7,0.17,0.273,0.273,749.0,749.0
namekian,warrior,legendaryforms,evilgiantnamek,m0,1,9.3,9.3,9.3,1.0,1.0,9.25,10546.2,1860.0,465.0,9.3,1813.4,7251.1,0.25,58.3,136.1,0.01,0.078,0.078,749.0,749.0
namekian,warrior,legendaryforms,evilgiantnamek,m0,3,9.3,9.3,9.3,1.0,1.0,9.25,10546.2,1860.0,465.0,9.3,1615.3,7251.1,0.223,105.0,316.5,0.03,0.14,0.14,749.0,749.0
namekian,warrior,legendaryforms,evilgiantnamek,m0,5,9.3,9.3,9.3,1.0,1.0,9.25,10546.2,1860.0,465.0,9.3,1457.7,7251.1,0.201,175.0,657.2,0.06,0.234,0.234,749.0,749.0
namekian,warrior,legendaryforms,evilgiantnamek,m0,7,9.3,9.3,9.3,1.0,1.0,9.25,10546.2,1860.0,465.0,9.3,1457.7,7251.1,0.201,221.7,973.7,0.09,0.296,0.296,749.0,749.0
namekian,warrior,legendaryforms,evilgiantnamek,m100,1,13.95,13.95,13.95,1.0,1.0,13.88,15819.3,2790.0,697.5,13.95,1967.2,10875.3,0.181,61.5,147.0,0.01,0.082,0.082,749.0,749.0
namekian,warrior,legendaryforms,evilgiantnamek,m100,3,13.95,13.95,13.95,1.0,1.0,13.88,15819.3,2790.0,697.5,13.95,1747.1,10875.3,0.161,110.6,332.2,0.02,0.148,0.148,749.0,749.0
namekian,warrior,legendaryforms,evilgiantnamek,m100,5,13.95,13.95,13.95,1.0,1.0,13.88,15819.3,2790.0,697.5,13.95,1564.5,10875.3,0.144,184.4,657.2,0.04,0.246,0.246,749.0,749.0
namekian,warrior,legendaryforms,evilgiantnamek,m100,7,13.95,13.95,13.95,1.0,1.0,13.88,15819.3,2790.0,697.5,13.95,1564.5,10875.3,0.144,233.6,973.7,0.06,0.312,0.312,749.0,749.0
namekian,warrior,legendaryforms,buffednamek,m0,1,14.5,14.5,14.5,1.0,1.0,12.62,16443.0,2900.0,725.0,14.5,1976.7,11304.0,0.175,61.8,147.3,0.01,0.082,0.082,749.0,749.0
namekian,warrior,legendaryforms,buffednamek,m0,3,14.5,14.5,14.5,1.0,1.0,12.62,16443.0,2900.0,725.0,14.5,1759.4,11304.0,0.156,111.2,334.5,0.02,0.148,0.148,749.0,749.0
namekian,warrior,legendaryforms,buffednamek,m0,5,14.5,14.5,14.5,1.0,1.0,12.62,16443.0,2900.0,725.0,14.5,1574.5,11304.0,0.139,185.3,657.2,0.04,0.247,0.247,749.0,749.0
namekian,warrior,legendaryforms,buffednamek,m0,7,14.5,14.5,14.5,1.0,1.0,12.62,16443.0,2900.0,725.0,14.5,1574.5,11304.0,0.139,234.7,973.7,0.06,0.313,0.313,749.0,749.0
namekian,warrior,legendaryforms,buffednamek,m100,1,21.75,21.75,21.75,1.0,1.0,18.94,24664.5,4350.0,1087.5,21.75,2063.0,16954.7,0.122,64.9,150.3,0.01,0.087,0.087,749.0,749.0
namekian,warrior,legendaryforms,buffednamek,m100,3,21.75,21.75,21.75,1.0,1.0,18.94,24664.5,4350.0,1087.5,21.75,1883.3,16954.7,0.111,116.8,358.1,0.01,0.156,0.156,749.0,749.0
namekian,warrior,legendaryforms,buffednamek,m100,5,21.75,21.75,21.75,1.0,1.0,18.94,24664.5,4350.0,1087.5,21.75,1674.9,16954.7,0.099,194.6,657.2,0.03,0.26,0.26,749.0,749.0
namekian,warrior,legendaryforms,buffednamek,m100,7,21.75,21.75,21.75,1.0,1.0,18.94,24664.5,4350.0,1087.5,21.75,1674.9,16954.7,0.099,246.6,973.7,0.04,0.329,0.329,749.0,749.0
namekian,warrior,namek_custom_god,orange,m0,1,1.0,1.0,1.0,1.0,1.0,1.0,1134.0,200.0,50.0,1.0,782.1,782.1,1.0,44.9,102.2,0.09,0.06,0.06,749.0,749.0
namekian,warrior,namek_custom_god,orange,m0,3,1.0,1.0,1.0,1.0,1.0,1.0,1134.0,200.0,50.0,1.0,782.1,782.1,1.0,74.2,316.5,0.28,0.099,0.099,749.0,749.0
namekian,warrior,namek_custom_god,orange,m0,5,1.0,1.0,1.0,1.0,1.0,1.0,1134.0,200.0,50.0,1.0,782.1,782.1,1.0,123.6,657.2,0.58,0.165,0.165,749.0,749.0
namekian,warrior,namek_custom_god,orange,m0,7,1.0,1.0,1.0,1.0,1.0,1.0,1134.0,200.0,50.0,1.0,782.1,782.1,1.0,156.5,973.7,0.86,0.209,0.209,749.0,749.0
namekian,warrior,namek_custom_god,orange,m100,1,1.0,1.0,1.0,1.0,1.0,1.0,1134.0,200.0,50.0,1.0,782.1,782.1,1.0,44.9,102.2,0.09,0.06,0.06,749.0,749.0
namekian,warrior,namek_custom_god,orange,m100,3,1.0,1.0,1.0,1.0,1.0,1.0,1134.0,200.0,50.0,1.0,782.1,782.1,1.0,74.2,316.5,0.28,0.099,0.099,749.0,749.0
namekian,warrior,namek_custom_god,orange,m100,5,1.0,1.0,1.0,1.0,1.0,1.0,1134.0,200.0,50.0,1.0,782.1,782.1,1.0,123.6,657.2,0.58,0.165,0.165,749.0,749.0
namekian,warrior,namek_custom_god,orange,m100,7,1.0,1.0,1.0,1.0,1.0,1.0,1134.0,200.0,50.0,1.0,782.1,782.1,1.0,156.5,973.7,0.86,0.209,0.209,749.0,749.0
namekian,warrior,namek_custom_god,transcendent_namekian,m0,1,1.0,1.0,1.0,1.0,1.0,1.0,1134.0,200.0,50.0,1.0,782.1,782.1,1.0,44.9,102.2,0.09,0.06,0.06,749.0,749.0
namekian,warrior,namek_custom_god,transcendent_namekian,m0,3,1.0,1.0,1.0,1.0,1.0,1.0,1134.0,200.0,50.0,1.0,782.1,782.1,1.0,74.2,316.5,0.28,0.099,0.099,749.0,749.0
namekian,warrior,namek_custom_god,transcendent_namekian,m0,5,1.0,1.0,1.0,1.0,1.0,1.0,1134.0,200.0,50.0,1.0,782.1,782.1,1.0,123.6,657.2,0.58,0.165,0.165,749.0,749.0
namekian,warrior,namek_custom_god,transcendent_namekian,m0,7,1.0,1.0,1.0,1.0,1.0,1.0,1134.0,200.0,50.0,1.0,782.1,782.1,1.0,156.5,973.7,0.86,0.209,0.209,749.0,749.0
namekian,warrior,namek_custom_god,transcendent_namekian,m100,1,1.0,1.0,1.0,1.0,1.0,1.0,1134.0,200.0,50.0,1.0,782.1,782.1,1.0,44.9,102.2,0.09,0.06,0.06,749.0,749.0
namekian,warrior,namek_custom_god,transcendent_namekian,m100,3,1.0,1.0,1.0,1.0,1.0,1.0,1134.0,200.0,50.0,1.0,782.1,782.1,1.0,74.2,316.5,0.28,0.099,0.099,749.0,749.0
namekian,warrior,namek_custom_god,transcendent_namekian,m100,5,1.0,1.0,1.0,1.0,1.0,1.0,1134.0,200.0,50.0,1.0,782.1,782.1,1.0,123.6,657.2,0.58,0.165,0.165,749.0,749.0
namekian,warrior,namek_custom_god,transcendent_namekian,m100,7,1.0,1.0,1.0,1.0,1.0,1.0,1134.0,200.0,50.0,1.0,782.1,782.1,1.0,156.5,973.7,0.86,0.209,0.209,749.0,749.0
namekian,warrior,superforms,giant,m0,1,4.0,4.0,4.0,1.0,1.0,3.75,4536.0,800.0,200.0,4.0,1677.2,3120.3,0.538,51.9,125.9,0.03,0.069,0.069,749.0,749.0
namekian,warrior,superforms,giant,m0,3,4.0,4.0,4.0,1.0,1.0,3.75,4536.0,800.0,200.0,4.0,1936.9,3120.3,0.621,93.3,368.3,0.08,0.125,0.125,749.0,749.0
namekian,warrior,superforms,giant,m0,5,4.0,4.0,4.0,1.0,1.0,3.75,4536.0,800.0,200.0,4.0,1368.4,3120.3,0.439,155.6,657.2,0.14,0.208,0.208,749.0,749.0
namekian,warrior,superforms,giant,m0,7,4.0,4.0,4.0,1.0,1.0,3.75,4536.0,800.0,200.0,4.0,1368.4,3120.3,0.439,197.1,973.7,0.21,0.263,0.263,749.0,749.0
namekian,warrior,superforms,giant,m100,1,6.0,6.0,6.0,1.0,1.0,5.62,6804.0,1200.0,300.0,6.0,1632.3,4679.1,0.349,55.0,122.5,0.02,0.073,0.073,749.0,749.0
namekian,warrior,superforms,giant,m100,3,6.0,6.0,6.0,1.0,1.0,5.62,6804.0,1200.0,300.0,6.0,1468.9,4679.1,0.314,99.0,316.5,0.05,0.132,0.132,749.0,749.0
namekian,warrior,superforms,giant,m100,5,6.0,6.0,6.0,1.0,1.0,5.62,6804.0,1200.0,300.0,6.0,1339.0,4679.1,0.286,164.9,657.2,0.1,0.22,0.22,749.0,749.0
namekian,warrior,superforms,giant,m100,7,6.0,6.0,6.0,1.0,1.0,5.62,6804.0,1200.0,300.0,6.0,1339.0,4679.1,0.286,208.9,973.7,0.14,0.279,0.279,749.0,749.0
namekian,warrior,superforms,fullpower,m0,1,9.85,9.85,9.85,1.0,1.0,9.31,11169.9,1970.0,492.5,9.85,1836.9,7679.8,0.239,58.8,137.9,0.01,0.078,0.078,749.0,749.0
namekian,warrior,superforms,fullpower,m0,3,9.85,9.85,9.85,1.0,1.0,9.31,11169.9,1970.0,492.5,9.85,1634.3,7679.8,0.213,105.8,316.5,0.03,0.141,0.141,749.0,749.0
namekian,warrior,superforms,fullpower,m0,5,9.85,9.85,9.85,1.0,1.0,9.31,11169.9,1970.0,492.5,9.85,1473.0,7679.8,0.192,176.4,657.2,0.06,0.235,0.235,749.0,749.0
namekian,warrior,superforms,fullpower,m0,7,9.85,9.85,9.85,1.0,1.0,9.31,11169.9,1970.0,492.5,9.85,1473.0,7679.8,0.192,223.4,973.7,0.09,0.298,0.298,749.0,749.0
namekian,warrior,superforms,fullpower,m100,1,14.77,14.77,14.77,1.0,1.0,13.97,16754.8,2955.0,738.7,14.77,1981.3,11518.3,0.172,61.9,147.4,0.01,0.083,0.083,749.0,749.0
namekian,warrior,superforms,fullpower,m100,3,14.77,14.77,14.77,1.0,1.0,13.97,16754.8,2955.0,738.7,14.77,1765.3,11518.3,0.153,111.4,335.6,0.02,0.149,0.149,749.0,749.0
namekian,warrior,superforms,fullpower,m100,5,14.77,14.77,14.77,1.0,1.0,13.97,16754.8,2955.0,738.7,14.77,1579.3,11518.3,0.137,185.7,657.2,0.04,0.248,0.248,749.0,749.0
namekian,warrior,superforms,fullpower,m100,7,14.77,14.77,14.77,1.0,1.0,13.97,16754.8,2955.0,738.7,14.77,1579.3,11518.3,0.137,235.3,973.7,0.06,0.314,0.314,749.0,749.0
namekian,warrior,superforms,supernamekian,m0,1,14.5,14.5,14.5,1.0,1.0,13.88,16443.0,2900.0,725.0,14.5,1976.7,11304.0,0.175,61.8,147.3,0.01,0.082,0.082,749.0,749.0
namekian,warrior,superforms,supernamekian,m0,3,14.5,14.5,14.5,1.0,1.0,13.88,16443.0,2900.0,725.0,14.5,1759.4,11304.0,0.156,111.2,334.5,0.02,0.148,0.148,749.0,749.0
namekian,warrior,superforms,supernamekian,m0,5,14.5,14.5,14.5,1.0,1.0,13.88,16443.0,2900.0,725.0,14.5,1574.5,11304.0,0.139,185.3,657.2,0.04,0.247,0.247,749.0,749.0
namekian,warrior,superforms,supernamekian,m0,7,14.5,14.5,14.5,1.0,1.0,13.88,16443.0,2900.0,725.0,14.5,1574.5,11304.0,0.139,234.7,973.7,0.06,0.313,0.313,749.0,749.0
namekian,warrior,superforms,supernamekian,m100,1,21.75,21.75,21.75,1.0,1.0,20.81,24664.5,4350.0,1087.5,21.75,2063.0,16954.7,0.122,64.9,150.3,0.01,0.087,0.087,749.0,749.0
namekian,warrior,superforms,supernamekian,m100,3,21.75,21.75,21.75,1.0,1.0,20.81,24664.5,4350.0,1087.5,21.75,1883.3,16954.7,0.111,116.8,358.1,0.01,0.156,0.156,749.0,749.0
namekian,warrior,superforms,supernamekian,m100,5,21.75,21.75,21.75,1.0,1.0,20.81,24664.5,4350.0,1087.5,21.75,1674.9,16954.7,0.099,194.6,657.2,0.03,0.26,0.26,749.0,749.0
namekian,warrior,superforms,supernamekian,m100,7,21.75,21.75,21.75,1.0,1.0,20.81,24664.5,4350.0,1087.5,21.75,1674.9,16954.7,0.099,246.6,973.7,0.04,0.329,0.329,749.0,749.0
namekian,berserker,base,Base,m0,1,1.0,1.0,1.0,1.0,1.0,1.0,1547.0,120.0,20.0,1.0,1042.4,1042.4,1.0,93.0,211.6,0.14,0.06,0.06,1550.0,1550.0
namekian,berserker,base,Base,m0,3,1.0,1.0,1.0,1.0,1.0,1.0,1547.0,120.0,20.0,1.0,1042.4,1042.4,1.0,153.5,654.9,0.42,0.099,0.099,1550.0,1550.0
namekian,berserker,base,Base,m0,5,1.0,1.0,1.0,1.0,1.0,1.0,1547.0,120.0,20.0,1.0,1042.4,1042.4,1.0,255.8,1360.1,0.88,0.165,0.165,1550.0,1550.0
namekian,berserker,base,Base,m0,7,1.0,1.0,1.0,1.0,1.0,1.0,1547.0,120.0,20.0,1.0,1042.4,1042.4,1.0,324.0,2015.0,1.3,0.209,0.209,1550.0,1550.0
namekian,berserker,legendaryforms,evilnamek,m0,1,3.4,3.4,3.4,1.0,1.0,2.62,5259.8,408.0,68.0,3.4,2053.3,3539.9,0.58,104.7,211.6,0.04,0.068,0.068,1550.0,1550.0
namekian,berserker,legendaryforms,evilnamek,m0,3,3.4,3.4,3.4,1.0,1.0,2.62,5259.8,408.0,68.0,3.4,2346.7,3539.9,0.663,188.5,654.9,0.12,0.122,0.122,1550.0,1550.0
namekian,berserker,legendaryforms,evilnamek,m0,5,3.4,3.4,3.4,1.0,1.0,2.62,5259.8,408.0,68.0,3.4,1704.6,3539.9,0.482,314.2,1360.1,0.26,0.203,0.203,1550.0,1550.0
namekian,berserker,legendaryforms,evilnamek,m0,7,3.4,3.4,3.4,1.0,1.0,2.62,5259.8,408.0,68.0,3.4,1704.6,3539.9,0.482,398.0,2015.0,0.38,0.257,0.257,1550.0,1550.0
namekian,berserker,legendaryforms,evilnamek,m100,1,5.1,5.1,5.1,1.0,1.0,3.94,7889.7,612.0,102.0,5.1,2553.0,5309.0,0.481,111.2,211.6,0.03,0.072,0.072,1550.0,1550.0
namekian,berserker,legendaryforms,evilnamek,m100,3,5.1,5.1,5.1,1.0,1.0,3.94,7889.7,612.0,102.0,5.1,2991.3,5309.0,0.563,200.1,654.9,0.08,0.129,0.129,1550.0,1550.0
namekian,berserker,legendaryforms,evilnamek,m100,5,5.1,5.1,5.1,1.0,1.0,3.94,7889.7,612.0,102.0,5.1,2031.9,5309.0,0.383,333.5,1360.1,0.17,0.215,0.215,1550.0,1550.0
namekian,berserker,legendaryforms,evilnamek,m100,7,5.1,5.1,5.1,1.0,1.0,3.94,7889.7,612.0,102.0,5.1,2031.9,5309.0,0.383,422.5,2015.0,0.26,0.273,0.273,1550.0,1550.0
namekian,berserker,legendaryforms,evilgiantnamek,m0,1,9.3,9.3,9.3,1.0,1.0,9.25,14387.1,1116.0,186.0,9.3,2419.4,9679.7,0.25,120.7,211.6,0.01,0.078,0.078,1550.0,1550.0
namekian,berserker,legendaryforms,evilgiantnamek,m0,3,9.3,9.3,9.3,1.0,1.0,9.25,14387.1,1116.0,186.0,9.3,2154.8,9679.7,0.223,217.3,654.9,0.05,0.14,0.14,1550.0,1550.0
namekian,berserker,legendaryforms,evilgiantnamek,m0,5,9.3,9.3,9.3,1.0,1.0,9.25,14387.1,1116.0,186.0,9.3,1944.4,9679.7,0.201,362.2,1360.1,0.09,0.234,0.234,1550.0,1550.0
namekian,berserker,legendaryforms,evilgiantnamek,m0,7,9.3,9.3,9.3,1.0,1.0,9.25,14387.1,1116.0,186.0,9.3,1944.4,9679.7,0.201,458.8,2015.0,0.14,0.296,0.296,1550.0,1550.0
namekian,berserker,legendaryforms,evilgiantnamek,m100,1,13.95,13.95,13.95,1.0,1.0,13.88,21580.7,1674.0,279.0,13.95,2624.7,14518.6,0.181,127.2,211.6,0.01,0.082,0.082,1550.0,1550.0
namekian,berserker,legendaryforms,evilgiantnamek,m100,3,13.95,13.95,13.95,1.0,1.0,13.88,21580.7,1674.0,279.0,13.95,2330.8,14518.6,0.161,229.0,654.9,0.03,0.148,0.148,1550.0,1550.0
namekian,berserker,legendaryforms,evilgiantnamek,m100,5,13.95,13.95,13.95,1.0,1.0,13.88,21580.7,1674.0,279.0,13.95,2087.1,14518.6,0.144,381.6,1360.1,0.06,0.246,0.246,1550.0,1550.0
namekian,berserker,legendaryforms,evilgiantnamek,m100,7,13.95,13.95,13.95,1.0,1.0,13.88,21580.7,1674.0,279.0,13.95,2087.1,14518.6,0.144,483.4,2015.0,0.09,0.312,0.312,1550.0,1550.0
namekian,berserker,legendaryforms,buffednamek,m0,1,14.5,14.5,14.5,1.0,1.0,12.62,22431.5,1740.0,290.0,14.5,2637.5,15091.0,0.175,127.8,211.6,0.01,0.082,0.082,1550.0,1550.0
namekian,berserker,legendaryforms,buffednamek,m0,3,14.5,14.5,14.5,1.0,1.0,12.62,22431.5,1740.0,290.0,14.5,2347.2,15091.0,0.156,230.1,654.9,0.03,0.148,0.148,1550.0,1550.0
namekian,berserker,legendaryforms,buffednamek,m0,5,14.5,14.5,14.5,1.0,1.0,12.62,22431.5,1740.0,290.0,14.5,2100.3,15091.0,0.139,383.4,1360.1,0.06,0.247,0.247,1550.0,1550.0
namekian,berserker,legendaryforms,buffednamek,m0,7,14.5,14.5,14.5,1.0,1.0,12.62,22431.5,1740.0,290.0,14.5,2100.3,15091.0,0.139,485.7,2015.0,0.09,0.313,0.313,1550.0,1550.0
namekian,berserker,legendaryforms,buffednamek,m100,1,21.75,21.75,21.75,1.0,1.0,18.94,33647.2,2610.0,435.0,21.75,2752.6,22635.6,0.122,134.3,211.6,0.01,0.087,0.087,1550.0,1550.0
namekian,berserker,legendaryforms,buffednamek,m100,3,21.75,21.75,21.75,1.0,1.0,18.94,33647.2,2610.0,435.0,21.75,2512.6,22635.6,0.111,241.7,654.9,0.02,0.156,0.156,1550.0,1550.0
namekian,berserker,legendaryforms,buffednamek,m100,5,21.75,21.75,21.75,1.0,1.0,18.94,33647.2,2610.0,435.0,21.75,2234.5,22635.6,0.099,402.8,1360.1,0.04,0.26,0.26,1550.0,1550.0
namekian,berserker,legendaryforms,buffednamek,m100,7,21.75,21.75,21.75,1.0,1.0,18.94,33647.2,2610.0,435.0,21.75,2234.5,22635.6,0.099,510.2,2015.0,0.06,0.329,0.329,1550.0,1550.0
namekian,berserker,namek_custom_god,orange,m0,1,1.0,1.0,1.0,1.0,1.0,1.0,1547.0,120.0,20.0,1.0,1042.4,1042.4,1.0,93.0,211.6,0.14,0.06,0.06,1550.0,1550.0
namekian,berserker,namek_custom_god,orange,m0,3,1.0,1.0,1.0,1.0,1.0,1.0,1547.0,120.0,20.0,1.0,1042.4,1042.4,1.0,153.5,654.9,0.42,0.099,0.099,1550.0,1550.0
namekian,berserker,namek_custom_god,orange,m0,5,1.0,1.0,1.0,1.0,1.0,1.0,1547.0,120.0,20.0,1.0,1042.4,1042.4,1.0,255.8,1360.1,0.88,0.165,0.165,1550.0,1550.0
namekian,berserker,namek_custom_god,orange,m0,7,1.0,1.0,1.0,1.0,1.0,1.0,1547.0,120.0,20.0,1.0,1042.4,1042.4,1.0,324.0,2015.0,1.3,0.209,0.209,1550.0,1550.0
namekian,berserker,namek_custom_god,orange,m100,1,1.0,1.0,1.0,1.0,1.0,1.0,1547.0,120.0,20.0,1.0,1042.4,1042.4,1.0,93.0,211.6,0.14,0.06,0.06,1550.0,1550.0
namekian,berserker,namek_custom_god,orange,m100,3,1.0,1.0,1.0,1.0,1.0,1.0,1547.0,120.0,20.0,1.0,1042.4,1042.4,1.0,153.5,654.9,0.42,0.099,0.099,1550.0,1550.0
namekian,berserker,namek_custom_god,orange,m100,5,1.0,1.0,1.0,1.0,1.0,1.0,1547.0,120.0,20.0,1.0,1042.4,1042.4,1.0,255.8,1360.1,0.88,0.165,0.165,1550.0,1550.0
namekian,berserker,namek_custom_god,orange,m100,7,1.0,1.0,1.0,1.0,1.0,1.0,1547.0,120.0,20.0,1.0,1042.4,1042.4,1.0,324.0,2015.0,1.3,0.209,0.209,1550.0,1550.0
namekian,berserker,namek_custom_god,transcendent_namekian,m0,1,1.0,1.0,1.0,1.0,1.0,1.0,1547.0,120.0,20.0,1.0,1042.4,1042.4,1.0,93.0,211.6,0.14,0.06,0.06,1550.0,1550.0
namekian,berserker,namek_custom_god,transcendent_namekian,m0,3,1.0,1.0,1.0,1.0,1.0,1.0,1547.0,120.0,20.0,1.0,1042.4,1042.4,1.0,153.5,654.9,0.42,0.099,0.099,1550.0,1550.0
namekian,berserker,namek_custom_god,transcendent_namekian,m0,5,1.0,1.0,1.0,1.0,1.0,1.0,1547.0,120.0,20.0,1.0,1042.4,1042.4,1.0,255.8,1360.1,0.88,0.165,0.165,1550.0,1550.0
namekian,berserker,namek_custom_god,transcendent_namekian,m0,7,1.0,1.0,1.0,1.0,1.0,1.0,1547.0,120.0,20.0,1.0,1042.4,1042.4,1.0,324.0,2015.0,1.3,0.209,0.209,1550.0,1550.0
namekian,berserker,namek_custom_god,transcendent_namekian,m100,1,1.0,1.0,1.0,1.0,1.0,1.0,1547.0,120.0,20.0,1.0,1042.4,1042.4,1.0,93.0,211.6,0.14,0.06,0.06,1550.0,1550.0
namekian,berserker,namek_custom_god,transcendent_namekian,m100,3,1.0,1.0,1.0,1.0,1.0,1.0,1547.0,120.0,20.0,1.0,1042.4,1042.4,1.0,153.5,654.9,0.42,0.099,0.099,1550.0,1550.0
namekian,berserker,namek_custom_god,transcendent_namekian,m100,5,1.0,1.0,1.0,1.0,1.0,1.0,1547.0,120.0,20.0,1.0,1042.4,1042.4,1.0,255.8,1360.1,0.88,0.165,0.165,1550.0,1550.0
namekian,berserker,namek_custom_god,transcendent_namekian,m100,7,1.0,1.0,1.0,1.0,1.0,1.0,1547.0,120.0,20.0,1.0,1042.4,1042.4,1.0,324.0,2015.0,1.3,0.209,0.209,1550.0,1550.0
namekian,berserker,superforms,giant,m0,1,4.0,4.0,4.0,1.0,1.0,3.75,6188.0,480.0,80.0,4.0,2237.5,4164.3,0.537,107.3,211.6,0.03,0.069,0.069,1550.0,1550.0
namekian,berserker,superforms,giant,m0,3,4.0,4.0,4.0,1.0,1.0,3.75,6188.0,480.0,80.0,4.0,2584.3,4164.3,0.621,193.2,654.9,0.11,0.125,0.125,1550.0,1550.0
namekian,berserker,superforms,giant,m0,5,4.0,4.0,4.0,1.0,1.0,3.75,6188.0,480.0,80.0,4.0,1825.2,4164.3,0.438,321.9,1360.1,0.22,0.208,0.208,1550.0,1550.0
namekian,berserker,superforms,giant,m0,7,4.0,4.0,4.0,1.0,1.0,3.75,6188.0,480.0,80.0,4.0,1825.2,4164.3,0.438,407.8,2015.0,0.33,0.263,0.263,1550.0,1550.0
namekian,berserker,superforms,giant,m100,1,6.0,6.0,6.0,1.0,1.0,5.62,9282.0,720.0,120.0,6.0,2177.6,6245.6,0.349,113.8,211.6,0.02,0.073,0.073,1550.0,1550.0
namekian,berserker,superforms,giant,m100,3,6.0,6.0,6.0,1.0,1.0,5.62,9282.0,720.0,120.0,6.0,1959.5,6245.6,0.314,204.8,654.9,0.07,0.132,0.132,1550.0,1550.0
namekian,berserker,superforms,giant,m100,5,6.0,6.0,6.0,1.0,1.0,5.62,9282.0,720.0,120.0,6.0,1786.0,6245.6,0.286,341.3,1360.1,0.15,0.22,0.22,1550.0,1550.0
namekian,berserker,superforms,giant,m100,7,6.0,6.0,6.0,1.0,1.0,5.62,9282.0,720.0,120.0,6.0,1786.0,6245.6,0.286,432.3,2015.0,0.22,0.279,0.279,1550.0,1550.0
namekian,berserker,superforms,fullpower,m0,1,9.85,9.85,9.85,1.0,1.0,9.31,15237.9,1182.0,197.0,9.85,2450.8,10252.0,0.239,121.7,211.6,0.01,0.078,0.078,1550.0,1550.0
namekian,berserker,superforms,fullpower,m0,3,9.85,9.85,9.85,1.0,1.0,9.31,15237.9,1182.0,197.0,9.85,2180.2,10252.0,0.213,219.0,654.9,0.04,0.141,0.141,1550.0,1550.0
namekian,berserker,superforms,fullpower,m0,5,9.85,9.85,9.85,1.0,1.0,9.31,15237.9,1182.0,197.0,9.85,1964.9,10252.0,0.192,365.0,1360.1,0.09,0.235,0.235,1550.0,1550.0
namekian,berserker,superforms,fullpower,m0,7,9.85,9.85,9.85,1.0,1.0,9.31,15237.9,1182.0,197.0,9.85,1964.9,10252.0,0.192,462.3,2015.0,0.13,0.298,0.298,1550.0,1550.0
namekian,berserker,superforms,fullpower,m100,1,14.77,14.77,14.77,1.0,1.0,13.97,22856.9,1773.0,295.5,14.77,2643.5,15377.2,0.172,128.1,211.6,0.01,0.083,0.083,1550.0,1550.0
namekian,berserker,superforms,fullpower,m100,3,14.77,14.77,14.77,1.0,1.0,13.97,22856.9,1773.0,295.5,14.77,2355.1,15377.2,0.153,230.6,654.9,0.03,0.149,0.149,1550.0,1550.0
namekian,berserker,superforms,fullpower,m100,5,14.77,14.77,14.77,1.0,1.0,13.97,22856.9,1773.0,295.5,14.77,2106.8,15377.2,0.137,384.3,1360.1,0.06,0.248,0.248,1550.0,1550.0
namekian,berserker,superforms,fullpower,m100,7,14.77,14.77,14.77,1.0,1.0,13.97,22856.9,1773.0,295.5,14.77,2106.8,15377.2,0.137,486.8,2015.0,0.09,0.314,0.314,1550.0,1550.0
namekian,berserker,superforms,supernamekian,m0,1,14.5,14.5,14.5,1.0,1.0,13.88,22431.5,1740.0,290.0,14.5,2637.5,15091.0,0.175,127.8,211.6,0.01,0.082,0.082,1550.0,1550.0
namekian,berserker,superforms,supernamekian,m0,3,14.5,14.5,14.5,1.0,1.0,13.88,22431.5,1740.0,290.0,14.5,2347.2,15091.0,0.156,230.1,654.9,0.03,0.148,0.148,1550.0,1550.0
namekian,berserker,superforms,supernamekian,m0,5,14.5,14.5,14.5,1.0,1.0,13.88,22431.5,1740.0,290.0,14.5,2100.3,15091.0,0.139,383.4,1360.1,0.06,0.247,0.247,1550.0,1550.0
namekian,berserker,superforms,supernamekian,m0,7,14.5,14.5,14.5,1.0,1.0,13.88,22431.5,1740.0,290.0,14.5,2100.3,15091.0,0.139,485.7,2015.0,0.09,0.313,0.313,1550.0,1550.0
namekian,berserker,superforms,supernamekian,m100,1,21.75,21.75,21.75,1.0,1.0,20.81,33647.2,2610.0,435.0,21.75,2752.6,22635.6,0.122,134.3,211.6,0.01,0.087,0.087,1550.0,1550.0
namekian,berserker,superforms,supernamekian,m100,3,21.75,21.75,21.75,1.0,1.0,20.81,33647.2,2610.0,435.0,21.75,2512.6,22635.6,0.111,241.7,654.9,0.02,0.156,0.156,1550.0,1550.0
namekian,berserker,superforms,supernamekian,m100,5,21.75,21.75,21.75,1.0,1.0,20.81,33647.2,2610.0,435.0,21.75,2234.5,22635.6,0.099,402.8,1360.1,0.04,0.26,0.26,1550.0,1550.0
namekian,berserker,superforms,supernamekian,m100,7,21.75,21.75,21.75,1.0,1.0,20.81,33647.2,2610.0,435.0,21.75,2234.5,22635.6,0.099,510.2,2015.0,0.06,0.329,0.329,1550.0,1550.0
namekian,spiritualist,base,Base,m0,1,1.0,1.0,1.0,1.0,1.0,1.0,45.0,100.0,1729.0,1.0,1188.7,1188.7,1.0,30.6,69.6,0.04,0.06,0.06,510.0,510.0
namekian,spiritualist,base,Base,m0,3,1.0,1.0,1.0,1.0,1.0,1.0,45.0,100.0,1729.0,1.0,1188.7,1188.7,1.0,50.5,215.5,0.12,0.099,0.099,510.0,510.0
namekian,spiritualist,base,Base,m0,5,1.0,1.0,1.0,1.0,1.0,1.0,45.0,100.0,1729.0,1.0,1188.7,1188.7,1.0,84.1,447.5,0.26,0.165,0.165,510.0,510.0
namekian,spiritualist,base,Base,m0,7,1.0,1.0,1.0,1.0,1.0,1.0,45.0,100.0,1729.0,1.0,1188.7,1188.7,1.0,106.6,663.0,0.38,0.209,0.209,510.0,510.0
namekian,spiritualist,legendaryforms,evilnamek,m0,1,3.4,3.4,3.4,1.0,1.0,2.62,153.0,340.0,5878.6,3.4,2317.3,3977.0,0.583,34.5,93.1,0.02,0.068,0.068,510.0,510.0
namekian,spiritualist,legendaryforms,evilnamek,m0,3,3.4,3.4,3.4,1.0,1.0,2.62,153.0,340.0,5878.6,3.4,2644.9,3977.0,0.665,62.0,288.1,0.05,0.122,0.122,510.0,510.0
namekian,spiritualist,legendaryforms,evilnamek,m0,5,3.4,3.4,3.4,1.0,1.0,2.62,153.0,340.0,5878.6,3.4,1928.0,3977.0,0.485,103.4,592.1,0.1,0.203,0.203,510.0,510.0
namekian,spiritualist,legendaryforms,evilnamek,m0,7,3.4,3.4,3.4,1.0,1.0,2.62,153.0,340.0,5878.6,3.4,1928.0,3977.0,0.485,130.9,751.9,0.13,0.257,0.257,510.0,510.0
namekian,spiritualist,legendaryforms,evilnamek,m100,1,5.1,5.1,5.1,1.0,1.0,3.94,229.5,510.0,8817.9,5.1,2875.2,5952.0,0.483,36.6,95.1,0.01,0.072,0.072,510.0,510.0
namekian,spiritualist,legendaryforms,evilnamek,m100,3,5.1,5.1,5.1,1.0,1.0,3.94,229.5,510.0,8817.9,5.1,3364.6,5952.0,0.565,65.8,294.4,0.03,0.129,0.129,510.0,510.0
namekian,spiritualist,legendaryforms,evilnamek,m100,5,5.1,5.1,5.1,1.0,1.0,3.94,229.5,510.0,8817.9,5.1,2293.4,5952.0,0.385,109.7,611.4,0.07,0.215,0.215,510.0,510.0
namekian,spiritualist,legendaryforms,evilnamek,m100,7,5.1,5.1,5.1,1.0,1.0,3.94,229.5,510.0,8817.9,5.1,2293.4,5952.0,0.385,139.0,894.4,0.1,0.273,0.273,510.0,510.0
namekian,spiritualist,legendaryforms,evilgiantnamek,m0,1,9.3,9.3,9.3,1.0,1.0,9.25,418.5,930.0,16079.7,9.3,2726.1,10831.5,0.252,39.7,98.1,0.01,0.078,0.078,510.0,510.0
namekian,spiritualist,legendaryforms,evilgiantnamek,m0,3,9.3,9.3,9.3,1.0,1.0,9.25,418.5,930.0,16079.7,9.3,2430.7,10831.5,0.224,71.5,303.6,0.02,0.14,0.14,510.0,510.0
namekian,spiritualist,legendaryforms,evilgiantnamek,m0,5,9.3,9.3,9.3,1.0,1.0,9.25,418.5,930.0,16079.7,9.3,2195.7,10831.5,0.203,119.2,630.6,0.04,0.234,0.234,510.0,510.0
namekian,spiritualist,legendaryforms,evilgiantnamek,m0,7,9.3,9.3,9.3,1.0,1.0,9.25,418.5,930.0,16079.7,9.3,2195.7,10831.5,0.203,151.0,856.3,0.05,0.296,0.296,510.0,510.0
namekian,spiritualist,legendaryforms,evilgiantnamek,m100,1,13.95,13.95,13.95,1.0,1.0,13.88,627.8,1395.0,24119.6,13.95,2955.3,16233.7,0.182,41.9,100.1,0.0,0.082,0.082,510.0,510.0
namekian,spiritualist,legendaryforms,evilgiantnamek,m100,3,13.95,13.95,13.95,1.0,1.0,13.88,627.8,1395.0,24119.6,13.95,2627.2,16233.7,0.162,75.3,309.8,0.01,0.148,0.148,510.0,510.0
namekian,spiritualist,legendaryforms,evilgiantnamek,m100,5,13.95,13.95,13.95,1.0,1.0,13.88,627.8,1395.0,24119.6,13.95,2355.0,16233.7,0.145,125.6,643.5,0.03,0.246,0.246,510.0,510.0
namekian,spiritualist,legendaryforms,evilgiantnamek,m100,7,13.95,13.95,13.95,1.0,1.0,13.88,627.8,1395.0,24119.6,13.95,2355.0,16233.7,0.145,159.0,918.5,0.04,0.312,0.312,510.0,510.0
namekian,spiritualist,legendaryforms,buffednamek,m0,1,14.5,14.5,14.5,1.0,1.0,12.62,652.5,1450.0,25070.5,14.5,2969.5,16872.7,0.176,42.1,100.3,0.0,0.082,0.082,510.0,510.0
namekian,spiritualist,legendaryforms,buffednamek,m0,3,14.5,14.5,14.5,1.0,1.0,12.62,652.5,1450.0,25070.5,14.5,2645.4,16872.7,0.157,75.7,310.4,0.01,0.148,0.148,510.0,510.0
namekian,spiritualist,legendaryforms,buffednamek,m0,5,14.5,14.5,14.5,1.0,1.0,12.62,652.5,1450.0,25070.5,14.5,2369.9,16872.7,0.14,126.2,644.8,0.03,0.247,0.247,510.0,510.0
namekian,spiritualist,legendaryforms,buffednamek,m0,7,14.5,14.5,14.5,1.0,1.0,12.62,652.5,1450.0,25070.5,14.5,2369.9,16872.7,0.14,159.8,924.2,0.04,0.313,0.313,510.0,510.0
namekian,spiritualist,legendaryforms,buffednamek,m100,1,21.75,21.75,21.75,1.0,1.0,18.94,978.8,2175.0,37605.8,21.75,3098.1,25295.6,0.122,44.2,102.3,0.0,0.087,0.087,510.0,510.0
namekian,spiritualist,legendaryforms,buffednamek,m100,3,21.75,21.75,21.75,1.0,1.0,18.94,978.8,2175.0,37605.8,21.75,2830.1,25295.6,0.112,79.5,316.7,0.01,0.156,0.156,510.0,510.0
namekian,spiritualist,legendaryforms,buffednamek,m100,5,21.75,21.75,21.75,1.0,1.0,18.94,978.8,2175.0,37605.8,21.75,2519.6,25295.6,0.1,132.5,657.7,0.02,0.26,0.26,510.0,510.0
namekian,spiritualist,legendaryforms,buffednamek,m100,7,21.75,21.75,21.75,1.0,1.0,18.94,978.8,2175.0,37605.8,21.75,2519.6,25295.6,0.1,167.9,974.4,0.03,0.329,0.329,510.0,510.0
namekian,spiritualist,namek_custom_god,orange,m0,1,1.0,1.0,1.0,1.0,1.0,1.0,45.0,100.0,1729.0,1.0,1188.7,1188.7,1.0,30.6,69.6,0.04,0.06,0.06,510.0,510.0
namekian,spiritualist,namek_custom_god,orange,m0,3,1.0,1.0,1.0,1.0,1.0,1.0,45.0,100.0,1729.0,1.0,1188.7,1188.7,1.0,50.5,215.5,0.12,0.099,0.099,510.0,510.0
namekian,spiritualist,namek_custom_god,orange,m0,5,1.0,1.0,1.0,1.0,1.0,1.0,45.0,100.0,1729.0,1.0,1188.7,1188.7,1.0,84.1,447.5,0.26,0.165,0.165,510.0,510.0
namekian,spiritualist,namek_custom_god,orange,m0,7,1.0,1.0,1.0,1.0,1.0,1.0,45.0,100.0,1729.0,1.0,1188.7,1188.7,1.0,106.6,663.0,0.38,0.209,0.209,510.0,510.0
namekian,spiritualist,namek_custom_god,orange,m100,1,1.0,1.0,1.0,1.0,1.0,1.0,45.0,100.0,1729.0,1.0,1188.7,1188.7,1.0,30.6,69.6,0.04,0.06,0.06,510.0,510.0
namekian,spiritualist,namek_custom_god,orange,m100,3,1.0,1.0,1.0,1.0,1.0,1.0,45.0,100.0,1729.0,1.0,1188.7,1188.7,1.0,50.5,215.5,0.12,0.099,0.099,510.0,510.0
namekian,spiritualist,namek_custom_god,orange,m100,5,1.0,1.0,1.0,1.0,1.0,1.0,45.0,100.0,1729.0,1.0,1188.7,1188.7,1.0,84.1,447.5,0.26,0.165,0.165,510.0,510.0
namekian,spiritualist,namek_custom_god,orange,m100,7,1.0,1.0,1.0,1.0,1.0,1.0,45.0,100.0,1729.0,1.0,1188.7,1188.7,1.0,106.6,663.0,0.38,0.209,0.209,510.0,510.0
namekian,spiritualist,namek_custom_god,transcendent_namekian,m0,1,1.0,1.0,1.0,1.0,1.0,1.0,45.0,100.0,1729.0,1.0,1188.7,1188.7,1.0,30.6,69.6,0.04,0.06,0.06,510.0,510.0
namekian,spiritualist,namek_custom_god,transcendent_namekian,m0,3,1.0,1.0,1.0,1.0,1.0,1.0,45.0,100.0,1729.0,1.0,1188.7,1188.7,1.0,50.5,215.5,0.12,0.099,0.099,510.0,510.0
namekian,spiritualist,namek_custom_god,transcendent_namekian,m0,5,1.0,1.0,1.0,1.0,1.0,1.0,45.0,100.0,1729.0,1.0,1188.7,1188.7,1.0,84.1,447.5,0.26,0.165,0.165,510.0,510.0
namekian,spiritualist,namek_custom_god,transcendent_namekian,m0,7,1.0,1.0,1.0,1.0,1.0,1.0,45.0,100.0,1729.0,1.0,1188.7,1188.7,1.0,106.6,663.0,0.38,0.209,0.209,510.0,510.0
namekian,spiritualist,namek_custom_god,transcendent_namekian,m100,1,1.0,1.0,1.0,1.0,1.0,1.0,45.0,100.0,1729.0,1.0,1188.7,1188.7,1.0,30.6,69.6,0.04,0.06,0.06,510.0,510.0
namekian,spiritualist,namek_custom_god,transcendent_namekian,m100,3,1.0,1.0,1.0,1.0,1.0,1.0,45.0,100.0,1729.0,1.0,1188.7,1188.7,1.0,50.5,215.5,0.12,0.099,0.099,510.0,510.0
namekian,spiritualist,namek_custom_god,transcendent_namekian,m100,5,1.0,1.0,1.0,1.0,1.0,1.0,45.0,100.0,1729.0,1.0,1188.7,1188.7,1.0,84.1,447.5,0.26,0.165,0.165,510.0,510.0
namekian,spiritualist,namek_custom_god,transcendent_namekian,m100,7,1.0,1.0,1.0,1.0,1.0,1.0,45.0,100.0,1729.0,1.0,1188.7,1188.7,1.0,106.6,663.0,0.38,0.209,0.209,510.0,510.0
namekian,spiritualist,superforms,giant,m0,1,4.0,4.0,4.0,1.0,1.0,3.75,180.0,400.0,6916.0,4.0,2522.9,4674.1,0.54,35.3,93.9,0.01,0.069,0.069,510.0,510.0
namekian,spiritualist,superforms,giant,m0,3,4.0,4.0,4.0,1.0,1.0,3.75,180.0,400.0,6916.0,4.0,2910.1,4674.1,0.623,63.6,290.6,0.04,0.125,0.125,510.0,510.0
namekian,spiritualist,superforms,giant,m0,5,4.0,4.0,4.0,1.0,1.0,3.75,180.0,400.0,6916.0,4.0,2062.7,4674.1,0.441,105.9,603.6,0.09,0.208,0.208,510.0,510.0
namekian,spiritualist,superforms,giant,m0,7,4.0,4.0,4.0,1.0,1.0,3.75,180.0,400.0,6916.0,4.0,2062.7,4674.1,0.441,134.2,804.4,0.12,0.263,0.263,510.0,510.0
namekian,spiritualist,superforms,giant,m100,1,6.0,6.0,6.0,1.0,1.0,5.62,270.0,600.0,10374.0,6.0,2456.1,6997.6,0.351,37.4,95.9,0.01,0.073,0.073,510.0,510.0
namekian,spiritualist,superforms,giant,m100,3,6.0,6.0,6.0,1.0,1.0,5.62,270.0,600.0,10374.0,6.0,2212.6,6997.6,0.316,67.4,296.9,0.03,0.132,0.132,510.0,510.0
namekian,spiritualist,superforms,giant,m100,5,6.0,6.0,6.0,1.0,1.0,5.62,270.0,600.0,10374.0,6.0,2018.9,6997.6,0.289,112.3,616.6,0.06,0.22,0.22,510.0,510.0
namekian,spiritualist,superforms,giant,m100,7,6.0,6.0,6.0,1.0,1.0,5.62,270.0,600.0,10374.0,6.0,2018.9,6997.6,0.289,142.2,787.4,0.08,0.279,0.279,510.0,510.0
namekian,spiritualist,superforms,fullpower,m0,1,9.85,9.85,9.85,1.0,1.0,9.31,443.2,985.0,17030.6,9.85,2761.1,11470.5,0.241,40.0,98.4,0.01,0.078,0.078,510.0,510.0
namekian,spiritualist,superforms,fullpower,m0,3,9.85,9.85,9.85,1.0,1.0,9.31,443.2,985.0,17030.6,9.85,2459.0,11470.5,0.214,72.1,304.5,0.02,0.141,0.141,510.0,510.0
namekian,spiritualist,superforms,fullpower,m0,5,9.85,9.85,9.85,1.0,1.0,9.31,443.2,985.0,17030.6,9.85,2218.7,11470.5,0.193,120.1,632.4,0.04,0.235,0.235,510.0,510.0
namekian,spiritualist,superforms,fullpower,m0,7,9.85,9.85,9.85,1.0,1.0,9.31,443.2,985.0,17030.6,9.85,2218.7,11470.5,0.193,152.1,865.3,0.05,0.298,0.298,510.0,510.0
namekian,spiritualist,superforms,fullpower,m100,1,14.77,14.77,14.77,1.0,1.0,13.97,664.9,1477.5,25546.0,14.77,2976.3,17192.2,0.173,42.2,100.4,0.0,0.083,0.083,510.0,510.0
namekian,spiritualist,superforms,fullpower,m100,3,14.77,14.77,14.77,1.0,1.0,13.97,664.9,1477.5,25546.0,14.77,2654.3,17192.2,0.154,75.9,310.7,0.01,0.149,0.149,510.0,510.0
namekian,spiritualist,superforms,fullpower,m100,5,14.77,14.77,14.77,1.0,1.0,13.97,664.9,1477.5,25546.0,14.77,2377.0,17192.2,0.138,126.5,645.4,0.03,0.248,0.248,510.0,510.0
namekian,spiritualist,superforms,fullpower,m100,7,14.77,14.77,14.77,1.0,1.0,13.97,664.9,1477.5,25546.0,14.77,2377.0,17192.2,0.138,160.2,927.0,0.04,0.314,0.314,510.0,510.0
namekian,spiritualist,superforms,supernamekian,m0,1,14.5,14.5,14.5,1.0,1.0,13.88,652.5,1450.0,25070.5,14.5,2969.5,16872.7,0.176,42.1,100.3,0.0,0.082,0.082,510.0,510.0
namekian,spiritualist,superforms,supernamekian,m0,3,14.5,14.5,14.5,1.0,1.0,13.88,652.5,1450.0,25070.5,14.5,2645.4,16872.7,0.157,75.7,310.4,0.01,0.148,0.148,510.0,510.0
namekian,spiritualist,superforms,supernamekian,m0,5,14.5,14.5,14.5,1.0,1.0,13.88,652.5,1450.0,25070.5,14.5,2369.9,16872.7,0.14,126.2,644.8,0.03,0.247,0.247,510.0,510.0
namekian,spiritualist,superforms,supernamekian,m0,7,14.5,14.5,14.5,1.0,1.0,13.88,652.5,1450.0,25070.5,14.5,2369.9,16872.7,0.14,159.8,924.2,0.04,0.313,0.313,510.0,510.0
namekian,spiritualist,superforms,supernamekian,m100,1,21.75,21.75,21.75,1.0,1.0,20.81,978.8,2175.0,37605.8,21.75,3098.1,25295.6,0.122,44.2,102.3,0.0,0.087,0.087,510.0,510.0
namekian,spiritualist,superforms,supernamekian,m100,3,21.75,21.75,21.75,1.0,1.0,20.81,978.8,2175.0,37605.8,21.75,2830.1,25295.6,0.112,79.5,316.7,0.01,0.156,0.156,510.0,510.0
namekian,spiritualist,superforms,supernamekian,m100,5,21.75,21.75,21.75,1.0,1.0,20.81,978.8,2175.0,37605.8,21.75,2519.6,25295.6,0.1,132.5,657.7,0.02,0.26,0.26,510.0,510.0
namekian,spiritualist,superforms,supernamekian,m100,7,21.75,21.75,21.75,1.0,1.0,20.81,978.8,2175.0,37605.8,21.75,2519.6,25295.6,0.1,167.9,974.4,0.03,0.329,0.329,510.0,510.0
namekian,martialartist,base,Base,m0,1,1.0,1.0,1.0,1.0,1.0,1.0,240.0,1638.0,90.0,1.0,1125.9,1125.9,1.0,61.9,140.9,0.09,0.06,0.06,1032.0,1032.0
namekian,martialartist,base,Base,m0,3,1.0,1.0,1.0,1.0,1.0,1.0,240.0,1638.0,90.0,1.0,1125.9,1125.9,1.0,102.2,436.0,0.27,0.099,0.099,1032.0,1032.0
namekian,martialartist,base,Base,m0,5,1.0,1.0,1.0,1.0,1.0,1.0,240.0,1638.0,90.0,1.0,1125.9,1125.9,1.0,170.3,905.6,0.55,0.165,0.165,1032.0,1032.0
namekian,martialartist,base,Base,m0,7,1.0,1.0,1.0,1.0,1.0,1.0,240.0,1638.0,90.0,1.0,1125.9,1125.9,1.0,215.7,1341.6,0.82,0.209,0.209,1032.0,1032.0
namekian,martialartist,legendaryforms,evilnamek,m0,1,3.4,3.4,3.4,1.0,1.0,2.62,816.0,5569.2,306.0,3.4,2216.1,3819.4,0.58,69.7,166.4,0.03,0.068,0.068,1032.0,1032.0
namekian,martialartist,legendaryforms,evilnamek,m0,3,3.4,3.4,3.4,1.0,1.0,2.62,816.0,5569.2,306.0,3.4,2532.5,3819.4,0.663,125.5,481.5,0.09,0.122,0.122,1032.0,1032.0
namekian,martialartist,legendaryforms,evilnamek,m0,5,3.4,3.4,3.4,1.0,1.0,2.62,816.0,5569.2,306.0,3.4,1840.0,3819.4,0.482,209.2,905.6,0.16,0.203,0.203,1032.0,1032.0
namekian,martialartist,legendaryforms,evilnamek,m0,7,3.4,3.4,3.4,1.0,1.0,2.62,816.0,5569.2,306.0,3.4,1840.0,3819.4,0.482,265.0,1341.6,0.24,0.257,0.257,1032.0,1032.0
namekian,martialartist,legendaryforms,evilnamek,m100,1,5.1,5.1,5.1,1.0,1.0,3.94,1224.0,8353.8,459.0,5.1,2755.0,5727.3,0.481,74.0,192.5,0.02,0.072,0.072,1032.0,1032.0
namekian,martialartist,legendaryforms,evilnamek,m100,3,5.1,5.1,5.1,1.0,1.0,3.94,1224.0,8353.8,459.0,5.1,3227.8,5727.3,0.564,133.2,595.7,0.07,0.129,0.129,1032.0,1032.0
namekian,martialartist,legendaryforms,evilnamek,m100,5,5.1,5.1,5.1,1.0,1.0,3.94,1224.0,8353.8,459.0,5.1,2193.0,5727.3,0.383,222.1,905.6,0.11,0.215,0.215,1032.0,1032.0
namekian,martialartist,legendaryforms,evilnamek,m100,7,5.1,5.1,5.1,1.0,1.0,3.94,1224.0,8353.8,459.0,5.1,2193.0,5727.3,0.383,281.3,1341.6,0.16,0.273,0.273,1032.0,1032.0
namekian,martialartist,legendaryforms,evilgiantnamek,m0,1,9.3,9.3,9.3,1.0,1.0,9.25,2232.0,15233.4,837.0,9.3,2611.0,10441.0,0.25,80.4,196.0,0.01,0.078,0.078,1032.0,1032.0
namekian,martialartist,legendaryforms,evilgiantnamek,m0,3,9.3,9.3,9.3,1.0,1.0,9.25,2232.0,15233.4,837.0,9.3,2325.6,10441.0,0.223,144.7,442.2,0.03,0.14,0.14,1032.0,1032.0
namekian,martialartist,legendaryforms,evilgiantnamek,m0,5,9.3,9.3,9.3,1.0,1.0,9.25,2232.0,15233.4,837.0,9.3,2098.7,10441.0,0.201,241.2,905.6,0.06,0.234,0.234,1032.0,1032.0
namekian,martialartist,legendaryforms,evilgiantnamek,m0,7,9.3,9.3,9.3,1.0,1.0,9.25,2232.0,15233.4,837.0,9.3,2098.7,10441.0,0.201,305.5,1341.6,0.09,0.296,0.296,1032.0,1032.0
namekian,martialartist,legendaryforms,evilgiantnamek,m100,1,13.95,13.95,13.95,1.0,1.0,13.88,3348.0,22850.1,1255.5,13.95,2832.4,15659.7,0.181,84.7,202.6,0.01,0.082,0.082,1032.0,1032.0
namekian,martialartist,legendaryforms,evilgiantnamek,m100,3,13.95,13.95,13.95,1.0,1.0,13.88,3348.0,22850.1,1255.5,13.95,2515.4,15659.7,0.161,152.4,478.2,0.02,0.148,0.148,1032.0,1032.0
namekian,martialartist,legendaryforms,evilgiantnamek,m100,5,13.95,13.95,13.95,1.0,1.0,13.88,3348.0,22850.1,1255.5,13.95,2252.6,15659.7,0.144,254.1,905.6,0.04,0.246,0.246,1032.0,1032.0
namekian,martialartist,legendaryforms,evilgiantnamek,m100,7,13.95,13.95,13.95,1.0,1.0,13.88,3348.0,22850.1,1255.5,13.95,2252.6,15659.7,0.144,321.8,1341.6,0.06,0.312,0.312,1032.0,1032.0
namekian,martialartist,legendaryforms,buffednamek,m0,1,14.5,14.5,14.5,1.0,1.0,12.62,3480.0,23751.0,1305.0,14.5,2846.1,16277.0,0.175,85.1,202.9,0.01,0.082,0.082,1032.0,1032.0
namekian,martialartist,legendaryforms,buffednamek,m0,3,14.5,14.5,14.5,1.0,1.0,12.62,3480.0,23751.0,1305.0,14.5,2533.1,16277.0,0.156,153.2,481.6,0.02,0.148,0.148,1032.0,1032.0
namekian,martialartist,legendaryforms,buffednamek,m0,5,14.5,14.5,14.5,1.0,1.0,12.62,3480.0,23751.0,1305.0,14.5,2266.9,16277.0,0.139,255.3,905.6,0.04,0.247,0.247,1032.0,1032.0
namekian,martialartist,legendaryforms,buffednamek,m0,7,14.5,14.5,14.5,1.0,1.0,12.62,3480.0,23751.0,1305.0,14.5,2266.9,16277.0,0.139,323.4,1341.6,0.06,0.313,0.313,1032.0,1032.0
namekian,martialartist,legendaryforms,buffednamek,m100,1,21.75,21.75,21.75,1.0,1.0,18.94,5220.0,35626.5,1957.5,21.75,2970.3,24413.6,0.122,89.4,207.0,0.01,0.087,0.087,1032.0,1032.0
namekian,martialartist,legendaryforms,buffednamek,m100,3,21.75,21.75,21.75,1.0,1.0,18.94,5220.0,35626.5,1957.5,21.75,2711.5,24413.6,0.111,160.9,515.5,0.01,0.156,0.156,1032.0,1032.0
namekian,martialartist,legendaryforms,buffednamek,m100,5,21.75,21.75,21.75,1.0,1.0,18.94,5220.0,35626.5,1957.5,21.75,2411.5,24413.6,0.099,268.2,905.6,0.03,0.26,0.26,1032.0,1032.0
namekian,martialartist,legendaryforms,buffednamek,m100,7,21.75,21.75,21.75,1.0,1.0,18.94,5220.0,35626.5,1957.5,21.75,2411.5,24413.6,0.099,339.7,1341.6,0.04,0.329,0.329,1032.0,1032.0
namekian,martialartist,namek_custom_god,orange,m0,1,1.0,1.0,1.0,1.0,1.0,1.0,240.0,1638.0,90.0,1.0,1125.9,1125.9,1.0,61.9,140.9,0.09,0.06,0.06,1032.0,1032.0
namekian,martialartist,namek_custom_god,orange,m0,3,1.0,1.0,1.0,1.0,1.0,1.0,240.0,1638.0,90.0,1.0,1125.9,1125.9,1.0,102.2,436.0,0.27,0.099,0.099,1032.0,1032.0
namekian,martialartist,namek_custom_god,orange,m0,5,1.0,1.0,1.0,1.0,1.0,1.0,240.0,1638.0,90.0,1.0,1125.9,1125.9,1.0,170.3,905.6,0.55,0.165,0.165,1032.0,1032.0
namekian,martialartist,namek_custom_god,orange,m0,7,1.0,1.0,1.0,1.0,1.0,1.0,240.0,1638.0,90.0,1.0,1125.9,1125.9,1.0,215.7,1341.6,0.82,0.209,0.209,1032.0,1032.0
namekian,martialartist,namek_custom_god,orange,m100,1,1.0,1.0,1.0,1.0,1.0,1.0,240.0,1638.0,90.0,1.0,1125.9,1125.9,1.0,61.9,140.9,0.09,0.06,0.06,1032.0,1032.0
namekian,martialartist,namek_custom_god,orange,m100,3,1.0,1.0,1.0,1.0,1.0,1.0,240.0,1638.0,90.0,1.0,1125.9,1125.9,1.0,102.2,436.0,0.27,0.099,0.099,1032.0,1032.0
namekian,martialartist,namek_custom_god,orange,m100,5,1.0,1.0,1.0,1.0,1.0,1.0,240.0,1638.0,90.0,1.0,1125.9,1125.9,1.0,170.3,905.6,0.55,0.165,0.165,1032.0,1032.0
namekian,martialartist,namek_custom_god,orange,m100,7,1.0,1.0,1.0,1.0,1.0,1.0,240.0,1638.0,90.0,1.0,1125.9,1125.9,1.0,215.7,1341.6,0.82,0.209,0.209,1032.0,1032.0
namekian,martialartist,namek_custom_god,transcendent_namekian,m0,1,1.0,1.0,1.0,1.0,1.0,1.0,240.0,1638.0,90.0,1.0,1125.9,1125.9,1.0,61.9,140.9,0.09,0.06,0.06,1032.0,1032.0
namekian,martialartist,namek_custom_god,transcendent_namekian,m0,3,1.0,1.0,1.0,1.0,1.0,1.0,240.0,1638.0,90.0,1.0,1125.9,1125.9,1.0,102.2,436.0,0.27,0.099,0.099,1032.0,1032.0
namekian,martialartist,namek_custom_god,transcendent_namekian,m0,5,1.0,1.0,1.0,1.0,1.0,1.0,240.0,1638.0,90.0,1.0,1125.9,1125.9,1.0,170.3,905.6,0.55,0.165,0.165,1032.0,1032.0
namekian,martialartist,namek_custom_god,transcendent_namekian,m0,7,1.0,1.0,1.0,1.0,1.0,1.0,240.0,1638.0,90.0,1.0,1125.9,1125.9,1.0,215.7,1341.6,0.82,0.209,0.209,1032.0,1032.0
namekian,martialartist,namek_custom_god,transcendent_namekian,m100,1,1.0,1.0,1.0,1.0,1.0,1.0,240.0,1638.0,90.0,1.0,1125.9,1125.9,1.0,61.9,140.9,0.09,0.06,0.06,1032.0,1032.0
namekian,martialartist,namek_custom_god,transcendent_namekian,m100,3,1.0,1.0,1.0,1.0,1.0,1.0,240.0,1638.0,90.0,1.0,1125.9,1125.9,1.0,102.2,436.0,0.27,0.099,0.099,1032.0,1032.0
namekian,martialartist,namek_custom_god,transcendent_namekian,m100,5,1.0,1.0,1.0,1.0,1.0,1.0,240.0,1638.0,90.0,1.0,1125.9,1125.9,1.0,170.3,905.6,0.55,0.165,0.165,1032.0,1032.0
namekian,martialartist,namek_custom_god,transcendent_namekian,m100,7,1.0,1.0,1.0,1.0,1.0,1.0,240.0,1638.0,90.0,1.0,1125.9,1125.9,1.0,215.7,1341.6,0.82,0.209,0.209,1032.0,1032.0
namekian,martialartist,superforms,giant,m0,1,4.0,4.0,4.0,1.0,1.0,3.75,960.0,6552.0,360.0,4.0,2414.8,4492.8,0.537,71.5,181.3,0.03,0.069,0.069,1032.0,1032.0
namekian,martialartist,superforms,giant,m0,3,4.0,4.0,4.0,1.0,1.0,3.75,960.0,6552.0,360.0,4.0,2788.8,4492.8,0.621,128.6,530.2,0.08,0.125,0.125,1032.0,1032.0
namekian,martialartist,superforms,giant,m0,5,4.0,4.0,4.0,1.0,1.0,3.75,960.0,6552.0,360.0,4.0,1970.1,4492.8,0.439,214.4,905.6,0.14,0.208,0.208,1032.0,1032.0
namekian,martialartist,superforms,giant,m0,7,4.0,4.0,4.0,1.0,1.0,3.75,960.0,6552.0,360.0,4.0,1970.1,4492.8,0.439,271.5,1341.6,0.2,0.263,0.263,1032.0,1032.0
namekian,martialartist,superforms,giant,m100,1,6.0,6.0,6.0,1.0,1.0,5.62,1440.0,9828.0,540.0,6.0,2350.2,6737.4,0.349,75.7,176.4,0.02,0.073,0.073,1032.0,1032.0
namekian,martialartist,superforms,giant,m100,3,6.0,6.0,6.0,1.0,1.0,5.62,1440.0,9828.0,540.0,6.0,2114.9,6737.4,0.314,136.3,436.0,0.04,0.132,0.132,1032.0,1032.0
namekian,martialartist,superforms,giant,m100,5,6.0,6.0,6.0,1.0,1.0,5.62,1440.0,9828.0,540.0,6.0,1927.8,6737.4,0.286,227.2,905.6,0.09,0.22,0.22,1032.0,1032.0
namekian,martialartist,superforms,giant,m100,7,6.0,6.0,6.0,1.0,1.0,5.62,1440.0,9828.0,540.0,6.0,1927.8,6737.4,0.286,287.8,1341.6,0.14,0.279,0.279,1032.0,1032.0
namekian,martialartist,superforms,fullpower,m0,1,9.85,9.85,9.85,1.0,1.0,9.31,2364.0,16134.3,886.5,9.85,2644.8,11058.3,0.239,81.0,198.6,0.01,0.078,0.078,1032.0,1032.0
namekian,martialartist,superforms,fullpower,m0,3,9.85,9.85,9.85,1.0,1.0,9.31,2364.0,16134.3,886.5,9.85,2353.0,11058.3,0.213,145.8,447.4,0.03,0.141,0.141,1032.0,1032.0
namekian,martialartist,superforms,fullpower,m0,5,9.85,9.85,9.85,1.0,1.0,9.31,2364.0,16134.3,886.5,9.85,2120.8,11058.3,0.192,243.0,905.6,0.06,0.235,0.235,1032.0,1032.0
namekian,martialartist,superforms,fullpower,m0,7,9.85,9.85,9.85,1.0,1.0,9.31,2364.0,16134.3,886.5,9.85,2120.8,11058.3,0.192,307.8,1341.6,0.08,0.298,0.298,1032.0,1032.0
namekian,martialartist,superforms,fullpower,m100,1,14.77,14.77,14.77,1.0,1.0,13.97,3546.0,24201.4,1329.7,14.77,2852.7,16585.6,0.172,85.3,203.1,0.01,0.083,0.083,1032.0,1032.0
namekian,martialartist,superforms,fullpower,m100,3,14.77,14.77,14.77,1.0,1.0,13.97,3546.0,24201.4,1329.7,14.77,2541.6,16585.6,0.153,153.5,483.2,0.02,0.149,0.149,1032.0,1032.0
namekian,martialartist,superforms,fullpower,m100,5,14.77,14.77,14.77,1.0,1.0,13.97,3546.0,24201.4,1329.7,14.77,2273.8,16585.6,0.137,255.9,905.6,0.04,0.248,0.248,1032.0,1032.0
namekian,martialartist,superforms,fullpower,m100,7,14.77,14.77,14.77,1.0,1.0,13.97,3546.0,24201.4,1329.7,14.77,2273.8,16585.6,0.137,324.1,1341.6,0.06,0.314,0.314,1032.0,1032.0
namekian,martialartist,superforms,supernamekian,m0,1,14.5,14.5,14.5,1.0,1.0,13.88,3480.0,23751.0,1305.0,14.5,2846.1,16277.0,0.175,85.1,202.9,0.01,0.082,0.082,1032.0,1032.0
namekian,martialartist,superforms,supernamekian,m0,3,14.5,14.5,14.5,1.0,1.0,13.88,3480.0,23751.0,1305.0,14.5,2533.1,16277.0,0.156,153.2,481.6,0.02,0.148,0.148,1032.0,1032.0
namekian,martialartist,superforms,supernamekian,m0,5,14.5,14.5,14.5,1.0,1.0,13.88,3480.0,23751.0,1305.0,14.5,2266.9,16277.0,0.139,255.3,905.6,0.04,0.247,0.247,1032.0,1032.0
namekian,martialartist,superforms,supernamekian,m0,7,14.5,14.5,14.5,1.0,1.0,13.88,3480.0,23751.0,1305.0,14.5,2266.9,16277.0,0.139,323.4,1341.6,0.06,0.313,0.313,1032.0,1032.0
namekian,martialartist,superforms,supernamekian,m100,1,21.75,21.75,21.75,1.0,1.0,20.81,5220.0,35626.5,1957.5,21.75,2970.3,24413.6,0.122,89.4,207.0,0.01,0.087,0.087,1032.0,1032.0
namekian,martialartist,superforms,supernamekian,m100,3,21.75,21.75,21.75,1.0,1.0,20.81,5220.0,35626.5,1957.5,21.75,2711.5,24413.6,0.111,160.9,515.5,0.01,0.156,0.156,1032.0,1032.0
namekian,martialartist,superforms,supernamekian,m100,5,21.75,21.75,21.75,1.0,1.0,20.81,5220.0,35626.5,1957.5,21.75,2411.5,24413.6,0.099,268.2,905.6,0.03,0.26,0.26,1032.0,1032.0
namekian,martialartist,superforms,supernamekian,m100,7,21.75,21.75,21.75,1.0,1.0,20.81,5220.0,35626.5,1957.5,21.75,2411.5,24413.6,0.099,339.7,1341.6,0.04,0.329,0.329,1032.0,1032.0
namekian,paladin,base,Base,m0,1,1.0,1.0,1.0,1.0,1.0,1.0,280.0,426.0,120.0,1.0,330.5,330.5,1.0,61.8,140.6,0.33,0.06,0.06,1030.0,1030.0
namekian,paladin,base,Base,m0,3,1.0,1.0,1.0,1.0,1.0,1.0,280.0,426.0,120.0,1.0,330.5,330.5,1.0,102.0,435.2,1.02,0.099,0.099,1030.0,1030.0
namekian,paladin,base,Base,m0,5,1.0,1.0,1.0,1.0,1.0,1.0,280.0,426.0,120.0,1.0,330.5,330.5,1.0,170.0,903.8,2.12,0.165,0.165,1030.0,1030.0
namekian,paladin,base,Base,m0,7,1.0,1.0,1.0,1.0,1.0,1.0,280.0,426.0,120.0,1.0,330.5,330.5,1.0,215.3,1339.0,3.14,0.209,0.209,1030.0,1030.0
namekian,paladin,legendaryforms,evilnamek,m0,1,3.4,3.4,3.4,1.0,1.0,2.62,952.0,1448.4,408.0,3.4,648.3,1115.8,0.581,69.6,140.6,0.1,0.068,0.068,1030.0,1030.0
namekian,paladin,legendaryforms,evilnamek,m0,3,3.4,3.4,3.4,1.0,1.0,2.62,952.0,1448.4,408.0,3.4,740.6,1115.8,0.664,125.3,435.2,0.3,0.122,0.122,1030.0,1030.0
namekian,paladin,legendaryforms,evilnamek,m0,5,3.4,3.4,3.4,1.0,1.0,2.62,952.0,1448.4,408.0,3.4,538.7,1115.8,0.483,208.8,903.8,0.62,0.203,0.203,1030.0,1030.0
namekian,paladin,legendaryforms,evilnamek,m0,7,3.4,3.4,3.4,1.0,1.0,2.62,952.0,1448.4,408.0,3.4,538.7,1115.8,0.483,264.5,1339.0,0.92,0.257,0.257,1030.0,1030.0
namekian,paladin,legendaryforms,evilnamek,m100,1,5.1,5.1,5.1,1.0,1.0,3.94,1428.0,2172.6,612.0,5.1,805.5,1672.1,0.482,73.9,140.6,0.06,0.072,0.072,1030.0,1030.0
namekian,paladin,legendaryforms,evilnamek,m100,3,5.1,5.1,5.1,1.0,1.0,3.94,1428.0,2172.6,612.0,5.1,943.3,1672.1,0.564,133.0,435.2,0.2,0.129,0.129,1030.0,1030.0
namekian,paladin,legendaryforms,evilnamek,m100,5,5.1,5.1,5.1,1.0,1.0,3.94,1428.0,2172.6,612.0,5.1,641.6,1672.1,0.384,221.6,903.8,0.42,0.215,0.215,1030.0,1030.0
namekian,paladin,legendaryforms,evilnamek,m100,7,5.1,5.1,5.1,1.0,1.0,3.94,1428.0,2172.6,612.0,5.1,641.6,1672.1,0.384,280.8,1339.0,0.62,0.273,0.273,1030.0,1030.0
namekian,paladin,legendaryforms,evilgiantnamek,m0,1,9.3,9.3,9.3,1.0,1.0,9.25,2604.0,3961.8,1116.0,9.3,763.5,3046.4,0.251,80.2,140.6,0.04,0.078,0.078,1030.0,1030.0
namekian,paladin,legendaryforms,evilgiantnamek,m0,3,9.3,9.3,9.3,1.0,1.0,9.25,2604.0,3961.8,1116.0,9.3,680.3,3046.4,0.223,144.4,435.2,0.11,0.14,0.14,1030.0,1030.0
namekian,paladin,legendaryforms,evilgiantnamek,m0,5,9.3,9.3,9.3,1.0,1.0,9.25,2604.0,3961.8,1116.0,9.3,614.1,3046.4,0.202,240.7,903.8,0.23,0.234,0.234,1030.0,1030.0
namekian,paladin,legendaryforms,evilgiantnamek,m0,7,9.3,9.3,9.3,1.0,1.0,9.25,2604.0,3961.8,1116.0,9.3,614.1,3046.4,0.202,304.9,1339.0,0.34,0.296,0.296,1030.0,1030.0
namekian,paladin,legendaryforms,evilgiantnamek,m100,1,13.95,13.95,13.95,1.0,1.0,13.88,3906.0,5942.7,1674.0,13.95,828.0,4568.0,0.181,84.5,140.6,0.02,0.082,0.082,1030.0,1030.0
namekian,paladin,legendaryforms,evilgiantnamek,m100,3,13.95,13.95,13.95,1.0,1.0,13.88,3906.0,5942.7,1674.0,13.95,735.6,4568.0,0.161,152.1,435.2,0.07,0.148,0.148,1030.0,1030.0
namekian,paladin,legendaryforms,evilgiantnamek,m100,5,13.95,13.95,13.95,1.0,1.0,13.88,3906.0,5942.7,1674.0,13.95,659.0,4568.0,0.144,253.6,903.8,0.15,0.246,0.246,1030.0,1030.0
namekian,paladin,legendaryforms,evilgiantnamek,m100,7,13.95,13.95,13.95,1.0,1.0,13.88,3906.0,5942.7,1674.0,13.95,659.0,4568.0,0.144,321.2,1339.0,0.23,0.312,0.312,1030.0,1030.0
namekian,paladin,legendaryforms,buffednamek,m0,1,14.5,14.5,14.5,1.0,1.0,12.62,4060.0,6177.0,1740.0,14.5,832.0,4748.0,0.175,84.9,140.6,0.02,0.082,0.082,1030.0,1030.0
namekian,paladin,legendaryforms,buffednamek,m0,3,14.5,14.5,14.5,1.0,1.0,12.62,4060.0,6177.0,1740.0,14.5,740.8,4748.0,0.156,152.9,435.2,0.07,0.148,0.148,1030.0,1030.0
namekian,paladin,legendaryforms,buffednamek,m0,5,14.5,14.5,14.5,1.0,1.0,12.62,4060.0,6177.0,1740.0,14.5,663.1,4748.0,0.14,254.8,903.8,0.15,0.247,0.247,1030.0,1030.0
namekian,paladin,legendaryforms,buffednamek,m0,7,14.5,14.5,14.5,1.0,1.0,12.62,4060.0,6177.0,1740.0,14.5,663.1,4748.0,0.14,322.8,1339.0,0.22,0.313,0.313,1030.0,1030.0
namekian,paladin,legendaryforms,buffednamek,m100,1,21.75,21.75,21.75,1.0,1.0,18.94,6090.0,9265.5,2610.0,21.75,868.2,7120.4,0.122,89.2,140.6,0.02,0.087,0.087,1030.0,1030.0
namekian,paladin,legendaryforms,buffednamek,m100,3,21.75,21.75,21.75,1.0,1.0,18.94,6090.0,9265.5,2610.0,21.75,792.8,7120.4,0.111,160.6,435.2,0.05,0.156,0.156,1030.0,1030.0
namekian,paladin,legendaryforms,buffednamek,m100,5,21.75,21.75,21.75,1.0,1.0,18.94,6090.0,9265.5,2610.0,21.75,705.3,7120.4,0.099,267.7,903.8,0.1,0.26,0.26,1030.0,1030.0
namekian,paladin,legendaryforms,buffednamek,m100,7,21.75,21.75,21.75,1.0,1.0,18.94,6090.0,9265.5,2610.0,21.75,705.3,7120.4,0.099,339.1,1339.0,0.14,0.329,0.329,1030.0,1030.0
namekian,paladin,namek_custom_god,orange,m0,1,1.0,1.0,1.0,1.0,1.0,1.0,280.0,426.0,120.0,1.0,330.5,330.5,1.0,61.8,140.6,0.33,0.06,0.06,1030.0,1030.0
namekian,paladin,namek_custom_god,orange,m0,3,1.0,1.0,1.0,1.0,1.0,1.0,280.0,426.0,120.0,1.0,330.5,330.5,1.0,102.0,435.2,1.02,0.099,0.099,1030.0,1030.0
namekian,paladin,namek_custom_god,orange,m0,5,1.0,1.0,1.0,1.0,1.0,1.0,280.0,426.0,120.0,1.0,330.5,330.5,1.0,170.0,903.8,2.12,0.165,0.165,1030.0,1030.0
namekian,paladin,namek_custom_god,orange,m0,7,1.0,1.0,1.0,1.0,1.0,1.0,280.0,426.0,120.0,1.0,330.5,330.5,1.0,215.3,1339.0,3.14,0.209,0.209,1030.0,1030.0
namekian,paladin,namek_custom_god,orange,m100,1,1.0,1.0,1.0,1.0,1.0,1.0,280.0,426.0,120.0,1.0,330.5,330.5,1.0,61.8,140.6,0.33,0.06,0.06,1030.0,1030.0
namekian,paladin,namek_custom_god,orange,m100,3,1.0,1.0,1.0,1.0,1.0,1.0,280.0,426.0,120.0,1.0,330.5,330.5,1.0,102.0,435.2,1.02,0.099,0.099,1030.0,1030.0
namekian,paladin,namek_custom_god,orange,m100,5,1.0,1.0,1.0,1.0,1.0,1.0,280.0,426.0,120.0,1.0,330.5,330.5,1.0,170.0,903.8,2.12,0.165,0.165,1030.0,1030.0
namekian,paladin,namek_custom_god,orange,m100,7,1.0,1.0,1.0,1.0,1.0,1.0,280.0,426.0,120.0,1.0,330.5,330.5,1.0,215.3,1339.0,3.14,0.209,0.209,1030.0,1030.0
namekian,paladin,namek_custom_god,transcendent_namekian,m0,1,1.0,1.0,1.0,1.0,1.0,1.0,280.0,426.0,120.0,1.0,330.5,330.5,1.0,61.8,140.6,0.33,0.06,0.06,1030.0,1030.0
namekian,paladin,namek_custom_god,transcendent_namekian,m0,3,1.0,1.0,1.0,1.0,1.0,1.0,280.0,426.0,120.0,1.0,330.5,330.5,1.0,102.0,435.2,1.02,0.099,0.099,1030.0,1030.0
namekian,paladin,namek_custom_god,transcendent_namekian,m0,5,1.0,1.0,1.0,1.0,1.0,1.0,280.0,426.0,120.0,1.0,330.5,330.5,1.0,170.0,903.8,2.12,0.165,0.165,1030.0,1030.0
namekian,paladin,namek_custom_god,transcendent_namekian,m0,7,1.0,1.0,1.0,1.0,1.0,1.0,280.0,426.0,120.0,1.0,330.5,330.5,1.0,215.3,1339.0,3.14,0.209,0.209,1030.0,1030.0
namekian,paladin,namek_custom_god,transcendent_namekian,m100,1,1.0,1.0,1.0,1.0,1.0,1.0,280.0,426.0,120.0,1.0,330.5,330.5,1.0,61.8,140.6,0.33,0.06,0.06,1030.0,1030.0
namekian,paladin,namek_custom_god,transcendent_namekian,m100,3,1.0,1.0,1.0,1.0,1.0,1.0,280.0,426.0,120.0,1.0,330.5,330.5,1.0,102.0,435.2,1.02,0.099,0.099,1030.0,1030.0
namekian,paladin,namek_custom_god,transcendent_namekian,m100,5,1.0,1.0,1.0,1.0,1.0,1.0,280.0,426.0,120.0,1.0,330.5,330.5,1.0,170.0,903.8,2.12,0.165,0.165,1030.0,1030.0
namekian,paladin,namek_custom_god,transcendent_namekian,m100,7,1.0,1.0,1.0,1.0,1.0,1.0,280.0,426.0,120.0,1.0,330.5,330.5,1.0,215.3,1339.0,3.14,0.209,0.209,1030.0,1030.0
namekian,paladin,superforms,giant,m0,1,4.0,4.0,4.0,1.0,1.0,3.75,1120.0,1704.0,480.0,4.0,706.3,1312.1,0.538,71.3,140.6,0.08,0.069,0.069,1030.0,1030.0
namekian,paladin,superforms,giant,m0,3,4.0,4.0,4.0,1.0,1.0,3.75,1120.0,1704.0,480.0,4.0,815.3,1312.1,0.621,128.4,435.2,0.26,0.125,0.125,1030.0,1030.0
namekian,paladin,superforms,giant,m0,5,4.0,4.0,4.0,1.0,1.0,3.75,1120.0,1704.0,480.0,4.0,576.6,1312.1,0.439,213.9,903.8,0.53,0.208,0.208,1030.0,1030.0
namekian,paladin,superforms,giant,m0,7,4.0,4.0,4.0,1.0,1.0,3.75,1120.0,1704.0,480.0,4.0,576.6,1312.1,0.439,271.0,1339.0,0.79,0.263,0.263,1030.0,1030.0
namekian,paladin,superforms,giant,m100,1,6.0,6.0,6.0,1.0,1.0,5.62,1680.0,2556.0,720.0,6.0,687.4,1966.6,0.35,75.6,140.6,0.06,0.073,0.073,1030.0,1030.0
namekian,paladin,superforms,giant,m100,3,6.0,6.0,6.0,1.0,1.0,5.62,1680.0,2556.0,720.0,6.0,618.8,1966.6,0.315,136.1,435.2,0.17,0.132,0.132,1030.0,1030.0
namekian,paladin,superforms,giant,m100,5,6.0,6.0,6.0,1.0,1.0,5.62,1680.0,2556.0,720.0,6.0,564.3,1966.6,0.287,226.8,903.8,0.35,0.22,0.22,1030.0,1030.0
namekian,paladin,superforms,giant,m100,7,6.0,6.0,6.0,1.0,1.0,5.62,1680.0,2556.0,720.0,6.0,564.3,1966.6,0.287,287.3,1339.0,0.52,0.279,0.279,1030.0,1030.0
namekian,paladin,superforms,fullpower,m0,1,9.85,9.85,9.85,1.0,1.0,9.31,2758.0,4196.1,1182.0,9.85,773.3,3226.4,0.24,80.8,140.6,0.03,0.078,0.078,1030.0,1030.0
namekian,paladin,superforms,fullpower,m0,3,9.85,9.85,9.85,1.0,1.0,9.31,2758.0,4196.1,1182.0,9.85,688.2,3226.4,0.213,145.5,435.2,0.1,0.141,0.141,1030.0,1030.0
namekian,paladin,superforms,fullpower,m0,5,9.85,9.85,9.85,1.0,1.0,9.31,2758.0,4196.1,1182.0,9.85,620.5,3226.4,0.192,242.5,903.8,0.22,0.235,0.235,1030.0,1030.0
namekian,paladin,superforms,fullpower,m0,7,9.85,9.85,9.85,1.0,1.0,9.31,2758.0,4196.1,1182.0,9.85,620.5,3226.4,0.192,307.2,1339.0,0.32,0.298,0.298,1030.0,1030.0
namekian,paladin,superforms,fullpower,m100,1,14.77,14.77,14.77,1.0,1.0,13.97,4137.0,6294.1,1773.0,14.77,833.9,4838.0,0.172,85.1,140.6,0.02,0.083,0.083,1030.0,1030.0
namekian,paladin,superforms,fullpower,m100,3,14.77,14.77,14.77,1.0,1.0,13.97,4137.0,6294.1,1773.0,14.77,743.2,4838.0,0.154,153.2,435.2,0.07,0.149,0.149,1030.0,1030.0
namekian,paladin,superforms,fullpower,m100,5,14.77,14.77,14.77,1.0,1.0,13.97,4137.0,6294.1,1773.0,14.77,665.2,4838.0,0.137,255.4,903.8,0.14,0.248,0.248,1030.0,1030.0
namekian,paladin,superforms,fullpower,m100,7,14.77,14.77,14.77,1.0,1.0,13.97,4137.0,6294.1,1773.0,14.77,665.2,4838.0,0.137,323.5,1339.0,0.21,0.314,0.314,1030.0,1030.0
namekian,paladin,superforms,supernamekian,m0,1,14.5,14.5,14.5,1.0,1.0,13.88,4060.0,6177.0,1740.0,14.5,832.0,4748.0,0.175,84.9,140.6,0.02,0.082,0.082,1030.0,1030.0
namekian,paladin,superforms,supernamekian,m0,3,14.5,14.5,14.5,1.0,1.0,13.88,4060.0,6177.0,1740.0,14.5,740.8,4748.0,0.156,152.9,435.2,0.07,0.148,0.148,1030.0,1030.0
namekian,paladin,superforms,supernamekian,m0,5,14.5,14.5,14.5,1.0,1.0,13.88,4060.0,6177.0,1740.0,14.5,663.1,4748.0,0.14,254.8,903.8,0.15,0.247,0.247,1030.0,1030.0
namekian,paladin,superforms,supernamekian,m0,7,14.5,14.5,14.5,1.0,1.0,13.88,4060.0,6177.0,1740.0,14.5,663.1,4748.0,0.14,322.8,1339.0,0.22,0.313,0.313,1030.0,1030.0
namekian,paladin,superforms,supernamekian,m100,1,21.75,21.75,21.75,1.0,1.0,20.81,6090.0,9265.5,2610.0,21.75,868.2,7120.4,0.122,89.2,140.6,0.02,0.087,0.087,1030.0,1030.0
namekian,paladin,superforms,supernamekian,m100,3,21.75,21.75,21.75,1.0,1.0,20.81,6090.0,9265.5,2610.0,21.75,792.8,7120.4,0.111,160.6,435.2,0.05,0.156,0.156,1030.0,1030.0
namekian,paladin,superforms,supernamekian,m100,5,21.75,21.75,21.75,1.0,1.0,20.81,6090.0,9265.5,2610.0,21.75,705.3,7120.4,0.099,267.7,903.8,0.1,0.26,0.26,1030.0,1030.0
namekian,paladin,superforms,supernamekian,m100,7,21.75,21.75,21.75,1.0,1.0,20.81,6090.0,9265.5,2610.0,21.75,705.3,7120.4,0.099,339.1,1339.0,0.14,0.329,0.329,1030.0,1030.0
namekian,tank,base,Base,m0,1,1.0,1.0,1.0,1.0,1.0,1.0,120.0,140.0,50.0,1.0,113.3,113.3,1.0,23.8,245.0,1.75,0.013,0.06,1795.0,1795.0
namekian,tank,base,Base,m0,3,1.0,1.0,1.0,1.0,1.0,1.0,120.0,140.0,50.0,1.0,113.3,113.3,1.0,73.7,758.4,5.42,0.041,0.099,1795.0,1795.0
namekian,tank,base,Base,m0,5,1.0,1.0,1.0,1.0,1.0,1.0,120.0,140.0,50.0,1.0,113.3,113.3,1.0,153.0,1575.1,11.25,0.085,0.165,1795.0,1795.0
namekian,tank,base,Base,m0,7,1.0,1.0,1.0,1.0,1.0,1.0,120.0,140.0,50.0,1.0,113.3,113.3,1.0,226.6,2333.5,16.67,0.126,0.209,1795.0,1795.0
namekian,tank,legendaryforms,evilnamek,m0,1,3.4,3.4,3.4,1.0,1.0,2.62,408.0,476.0,170.0,3.4,222.0,381.8,0.581,46.6,245.0,0.51,0.026,0.068,1795.0,1795.0
namekian,tank,legendaryforms,evilnamek,m0,3,3.4,3.4,3.4,1.0,1.0,2.62,408.0,476.0,170.0,3.4,253.5,381.8,0.664,164.8,758.4,1.59,0.092,0.122,1795.0,1795.0
namekian,tank,legendaryforms,evilnamek,m0,5,3.4,3.4,3.4,1.0,1.0,2.62,408.0,476.0,170.0,3.4,184.5,381.8,0.483,264.0,1575.1,3.31,0.147,0.203,1795.0,1795.0
namekian,tank,legendaryforms,evilnamek,m0,7,3.4,3.4,3.4,1.0,1.0,2.62,408.0,476.0,170.0,3.4,184.5,381.8,0.483,405.9,2333.5,4.9,0.226,0.257,1795.0,1795.0
namekian,tank,legendaryforms,evilnamek,m100,1,5.1,5.1,5.1,1.0,1.0,3.94,612.0,714.0,255.0,5.1,275.7,572.0,0.482,57.9,245.0,0.34,0.032,0.072,1795.0,1795.0
namekian,tank,legendaryforms,evilnamek,m100,3,5.1,5.1,5.1,1.0,1.0,3.94,612.0,714.0,255.0,5.1,322.8,572.0,0.564,209.8,758.4,1.06,0.117,0.129,1795.0,1795.0
namekian,tank,legendaryforms,evilnamek,m100,5,5.1,5.1,5.1,1.0,1.0,3.94,612.0,714.0,255.0,5.1,219.7,572.0,0.384,314.4,1575.1,2.21,0.175,0.215,1795.0,1795.0
namekian,tank,legendaryforms,evilnamek,m100,7,5.1,5.1,5.1,1.0,1.0,3.94,612.0,714.0,255.0,5.1,219.7,572.0,0.384,483.3,2333.5,3.27,0.269,0.273,1795.0,1795.0
namekian,tank,legendaryforms,evilgiantnamek,m0,1,9.3,9.3,9.3,1.0,1.0,9.25,1116.0,1302.0,465.0,9.3,261.4,1041.9,0.251,54.9,245.0,0.19,0.031,0.078,1795.0,1795.0
namekian,tank,legendaryforms,evilgiantnamek,m0,3,9.3,9.3,9.3,1.0,1.0,9.25,1116.0,1302.0,465.0,9.3,232.9,1041.9,0.224,151.4,758.4,0.58,0.084,0.14,1795.0,1795.0
namekian,tank,legendaryforms,evilgiantnamek,m0,5,9.3,9.3,9.3,1.0,1.0,9.25,1116.0,1302.0,465.0,9.3,210.3,1041.9,0.202,300.9,1575.1,1.21,0.168,0.234,1795.0,1795.0
namekian,tank,legendaryforms,evilgiantnamek,m0,7,9.3,9.3,9.3,1.0,1.0,9.25,1116.0,1302.0,465.0,9.3,210.3,1041.9,0.202,462.6,2333.5,1.79,0.258,0.296,1795.0,1795.0
namekian,tank,legendaryforms,evilgiantnamek,m100,1,13.95,13.95,13.95,1.0,1.0,13.88,1674.0,1953.0,697.5,13.95,283.4,1562.1,0.181,59.5,245.0,0.13,0.033,0.082,1795.0,1795.0
namekian,tank,legendaryforms,evilgiantnamek,m100,3,13.95,13.95,13.95,1.0,1.0,13.88,1674.0,1953.0,697.5,13.95,251.8,1562.1,0.161,163.7,758.4,0.39,0.091,0.148,1795.0,1795.0
namekian,tank,legendaryforms,evilgiantnamek,m100,5,13.95,13.95,13.95,1.0,1.0,13.88,1674.0,1953.0,697.5,13.95,225.6,1562.1,0.144,322.9,1575.1,0.81,0.18,0.246,1795.0,1795.0
namekian,tank,legendaryforms,evilgiantnamek,m100,7,13.95,13.95,13.95,1.0,1.0,13.88,1674.0,1953.0,697.5,13.95,225.6,1562.1,0.144,496.4,2333.5,1.19,0.277,0.312,1795.0,1795.0
namekian,tank,legendaryforms,buffednamek,m0,1,14.5,14.5,14.5,1.0,1.0,12.62,1740.0,2030.0,725.0,14.5,284.8,1623.6,0.175,59.8,245.0,0.12,0.033,0.082,1795.0,1795.0
namekian,tank,legendaryforms,buffednamek,m0,3,14.5,14.5,14.5,1.0,1.0,12.62,1740.0,2030.0,725.0,14.5,253.6,1623.6,0.156,164.8,758.4,0.37,0.092,0.148,1795.0,1795.0
namekian,tank,legendaryforms,buffednamek,m0,5,14.5,14.5,14.5,1.0,1.0,12.62,1740.0,2030.0,725.0,14.5,227.1,1623.6,0.14,324.9,1575.1,0.78,0.181,0.247,1795.0,1795.0
namekian,tank,legendaryforms,buffednamek,m0,7,14.5,14.5,14.5,1.0,1.0,12.62,1740.0,2030.0,725.0,14.5,227.1,1623.6,0.14,499.5,2333.5,1.15,0.278,0.313,1795.0,1795.0
namekian,tank,legendaryforms,buffednamek,m100,1,21.75,21.75,21.75,1.0,1.0,18.94,2610.0,3045.0,1087.5,21.75,297.2,2434.7,0.122,62.4,245.0,0.08,0.035,0.087,1795.0,1795.0
namekian,tank,legendaryforms,buffednamek,m100,3,21.75,21.75,21.75,1.0,1.0,18.94,2610.0,3045.0,1087.5,21.75,271.4,2434.7,0.111,176.4,758.4,0.25,0.098,0.156,1795.0,1795.0
namekian,tank,legendaryforms,buffednamek,m100,5,21.75,21.75,21.75,1.0,1.0,18.94,2610.0,3045.0,1087.5,21.75,241.5,2434.7,0.099,345.5,1575.1,0.52,0.193,0.26,1795.0,1795.0
namekian,tank,legendaryforms,buffednamek,m100,7,21.75,21.75,21.75,1.0,1.0,18.94,2610.0,3045.0,1087.5,21.75,241.5,2434.7,0.099,531.2,2333.5,0.77,0.296,0.329,1795.0,1795.0
namekian,tank,namek_custom_god,orange,m0,1,1.0,1.0,1.0,1.0,1.0,1.0,120.0,140.0,50.0,1.0,113.3,113.3,1.0,23.8,245.0,1.75,0.013,0.06,1795.0,1795.0
namekian,tank,namek_custom_god,orange,m0,3,1.0,1.0,1.0,1.0,1.0,1.0,120.0,140.0,50.0,1.0,113.3,113.3,1.0,73.7,758.4,5.42,0.041,0.099,1795.0,1795.0
namekian,tank,namek_custom_god,orange,m0,5,1.0,1.0,1.0,1.0,1.0,1.0,120.0,140.0,50.0,1.0,113.3,113.3,1.0,153.0,1575.1,11.25,0.085,0.165,1795.0,1795.0
namekian,tank,namek_custom_god,orange,m0,7,1.0,1.0,1.0,1.0,1.0,1.0,120.0,140.0,50.0,1.0,113.3,113.3,1.0,226.6,2333.5,16.67,0.126,0.209,1795.0,1795.0
namekian,tank,namek_custom_god,orange,m100,1,1.0,1.0,1.0,1.0,1.0,1.0,120.0,140.0,50.0,1.0,113.3,113.3,1.0,23.8,245.0,1.75,0.013,0.06,1795.0,1795.0
namekian,tank,namek_custom_god,orange,m100,3,1.0,1.0,1.0,1.0,1.0,1.0,120.0,140.0,50.0,1.0,113.3,113.3,1.0,73.7,758.4,5.42,0.041,0.099,1795.0,1795.0
namekian,tank,namek_custom_god,orange,m100,5,1.0,1.0,1.0,1.0,1.0,1.0,120.0,140.0,50.0,1.0,113.3,113.3,1.0,153.0,1575.1,11.25,0.085,0.165,1795.0,1795.0
namekian,tank,namek_custom_god,orange,m100,7,1.0,1.0,1.0,1.0,1.0,1.0,120.0,140.0,50.0,1.0,113.3,113.3,1.0,226.6,2333.5,16.67,0.126,0.209,1795.0,1795.0
namekian,tank,namek_custom_god,transcendent_namekian,m0,1,1.0,1.0,1.0,1.0,1.0,1.0,120.0,140.0,50.0,1.0,113.3,113.3,1.0,23.8,245.0,1.75,0.013,0.06,1795.0,1795.0
namekian,tank,namek_custom_god,transcendent_namekian,m0,3,1.0,1.0,1.0,1.0,1.0,1.0,120.0,140.0,50.0,1.0,113.3,113.3,1.0,73.7,758.4,5.42,0.041,0.099,1795.0,1795.0
namekian,tank,namek_custom_god,transcendent_namekian,m0,5,1.0,1.0,1.0,1.0,1.0,1.0,120.0,140.0,50.0,1.0,113.3,113.3,1.0,153.0,1575.1,11.25,0.085,0.165,1795.0,1795.0
namekian,tank,namek_custom_god,transcendent_namekian,m0,7,1.0,1.0,1.0,1.0,1.0,1.0,120.0,140.0,50.0,1.0,113.3,113.3,1.0,226.6,2333.5,16.67,0.126,0.209,1795.0,1795.0
namekian,tank,namek_custom_god,transcendent_namekian,m100,1,1.0,1.0,1.0,1.0,1.0,1.0,120.0,140.0,50.0,1.0,113.3,113.3,1.0,23.8,245.0,1.75,0.013,0.06,1795.0,1795.0
namekian,tank,namek_custom_god,transcendent_namekian,m100,3,1.0,1.0,1.0,1.0,1.0,1.0,120.0,140.0,50.0,1.0,113.3,113.3,1.0,73.7,758.4,5.42,0.041,0.099,1795.0,1795.0
namekian,tank,namek_custom_god,transcendent_namekian,m100,5,1.0,1.0,1.0,1.0,1.0,1.0,120.0,140.0,50.0,1.0,113.3,113.3,1.0,153.0,1575.1,11.25,0.085,0.165,1795.0,1795.0
namekian,tank,namek_custom_god,transcendent_namekian,m100,7,1.0,1.0,1.0,1.0,1.0,1.0,120.0,140.0,50.0,1.0,113.3,113.3,1.0,226.6,2333.5,16.67,0.126,0.209,1795.0,1795.0
namekian,tank,superforms,giant,m0,1,4.0,4.0,4.0,1.0,1.0,3.75,480.0,560.0,200.0,4.0,241.8,448.9,0.539,50.8,245.0,0.44,0.028,0.069,1795.0,1795.0
namekian,tank,superforms,giant,m0,3,4.0,4.0,4.0,1.0,1.0,3.75,480.0,560.0,200.0,4.0,279.1,448.9,0.622,181.4,758.4,1.35,0.101,0.125,1795.0,1795.0
namekian,tank,superforms,giant,m0,5,4.0,4.0,4.0,1.0,1.0,3.75,480.0,560.0,200.0,4.0,197.5,448.9,0.44,282.6,1575.1,2.81,0.157,0.208,1795.0,1795.0
namekian,tank,superforms,giant,m0,7,4.0,4.0,4.0,1.0,1.0,3.75,480.0,560.0,200.0,4.0,197.5,448.9,0.44,434.4,2333.5,4.17,0.242,0.263,1795.0,1795.0
namekian,tank,superforms,giant,m100,1,6.0,6.0,6.0,1.0,1.0,5.62,720.0,840.0,300.0,6.0,235.4,672.7,0.35,49.4,245.0,0.29,0.028,0.073,1795.0,1795.0
namekian,tank,superforms,giant,m100,3,6.0,6.0,6.0,1.0,1.0,5.62,720.0,840.0,300.0,6.0,211.9,672.7,0.315,137.7,758.4,0.9,0.077,0.132,1795.0,1795.0
namekian,tank,superforms,giant,m100,5,6.0,6.0,6.0,1.0,1.0,5.62,720.0,840.0,300.0,6.0,193.3,672.7,0.287,276.5,1575.1,1.88,0.154,0.22,1795.0,1795.0
namekian,tank,superforms,giant,m100,7,6.0,6.0,6.0,1.0,1.0,5.62,720.0,840.0,300.0,6.0,193.3,672.7,0.287,425.2,2333.5,2.78,0.237,0.279,1795.0,1795.0
namekian,tank,superforms,fullpower,m0,1,9.85,9.85,9.85,1.0,1.0,9.31,1182.0,1379.0,492.5,9.85,264.7,1103.4,0.24,55.6,245.0,0.18,0.031,0.078,1795.0,1795.0
namekian,tank,superforms,fullpower,m0,3,9.85,9.85,9.85,1.0,1.0,9.31,1182.0,1379.0,492.5,9.85,235.6,1103.4,0.214,153.2,758.4,0.55,0.085,0.141,1795.0,1795.0
namekian,tank,superforms,fullpower,m0,5,9.85,9.85,9.85,1.0,1.0,9.31,1182.0,1379.0,492.5,9.85,212.5,1103.4,0.193,304.1,1575.1,1.14,0.169,0.235,1795.0,1795.0
namekian,tank,superforms,fullpower,m0,7,9.85,9.85,9.85,1.0,1.0,9.31,1182.0,1379.0,492.5,9.85,212.5,1103.4,0.193,467.5,2333.5,1.69,0.26,0.298,1795.0,1795.0
namekian,tank,superforms,fullpower,m100,1,14.77,14.77,14.77,1.0,1.0,13.97,1773.0,2068.5,738.7,14.77,285.4,1654.4,0.173,59.9,245.0,0.12,0.033,0.083,1795.0,1795.0
namekian,tank,superforms,fullpower,m100,3,14.77,14.77,14.77,1.0,1.0,13.97,1773.0,2068.5,738.7,14.77,254.4,1654.4,0.154,165.4,758.4,0.37,0.092,0.149,1795.0,1795.0
namekian,tank,superforms,fullpower,m100,5,14.77,14.77,14.77,1.0,1.0,13.97,1773.0,2068.5,738.7,14.77,227.7,1654.4,0.138,325.9,1575.1,0.76,0.182,0.248,1795.0,1795.0
namekian,tank,superforms,fullpower,m100,7,14.77,14.77,14.77,1.0,1.0,13.97,1773.0,2068.5,738.7,14.77,227.7,1654.4,0.138,501.0,2333.5,1.13,0.279,0.314,1795.0,1795.0
namekian,tank,superforms,supernamekian,m0,1,14.5,14.5,14.5,1.0,1.0,13.88,1740.0,2030.0,725.0,14.5,284.8,1623.6,0.175,59.8,245.0,0.12,0.033,0.082,1795.0,1795.0
namekian,tank,superforms,supernamekian,m0,3,14.5,14.5,14.5,1.0,1.0,13.88,1740.0,2030.0,725.0,14.5,253.6,1623.6,0.156,164.8,758.4,0.37,0.092,0.148,1795.0,1795.0
namekian,tank,superforms,supernamekian,m0,5,14.5,14.5,14.5,1.0,1.0,13.88,1740.0,2030.0,725.0,14.5,227.1,1623.6,0.14,324.9,1575.1,0.78,0.181,0.247,1795.0,1795.0
namekian,tank,superforms,supernamekian,m0,7,14.5,14.5,14.5,1.0,1.0,13.88,1740.0,2030.0,725.0,14.5,227.1,1623.6,0.14,499.5,2333.5,1.15,0.278,0.313,1795.0,1795.0
namekian,tank,superforms,supernamekian,m100,1,21.75,21.75,21.75,1.0,1.0,20.81,2610.0,3045.0,1087.5,21.75,297.2,2434.7,0.122,62.4,245.0,0.08,0.035,0.087,1795.0,1795.0
namekian,tank,superforms,supernamekian,m100,3,21.75,21.75,21.75,1.0,1.0,20.81,2610.0,3045.0,1087.5,21.75,271.4,2434.7,0.111,176.4,758.4,0.25,0.098,0.156,1795.0,1795.0
namekian,tank,superforms,supernamekian,m100,5,21.75,21.75,21.75,1.0,1.0,20.81,2610.0,3045.0,1087.5,21.75,241.5,2434.7,0.099,345.5,1575.1,0.52,0.193,0.26,1795.0,1795.0
namekian,tank,superforms,supernamekian,m100,7,21.75,21.75,21.75,1.0,1.0,20.81,2610.0,3045.0,1087.5,21.75,241.5,2434.7,0.099,531.2,2333.5,0.77,0.296,0.329,1795.0,1795.0
saiyan,cleric,base,Base,m0,1,1.0,1.0,1.0,1.0,1.0,1.0,50.0,75.0,640.0,1.0,462.8,462.8,1.0,37.2,84.6,0.13,0.06,0.06,620.0,620.0
saiyan,cleric,base,Base,m0,3,1.0,1.0,1.0,1.0,1.0,1.0,50.0,75.0,640.0,1.0,462.8,462.8,1.0,61.4,261.9,0.41,0.099,0.099,620.0,620.0
saiyan,cleric,base,Base,m0,5,1.0,1.0,1.0,1.0,1.0,1.0,50.0,75.0,640.0,1.0,462.8,462.8,1.0,102.3,544.1,0.85,0.165,0.165,620.0,620.0
saiyan,cleric,base,Base,m0,7,1.0,1.0,1.0,1.0,1.0,1.0,50.0,75.0,640.0,1.0,462.8,462.8,1.0,129.6,806.0,1.26,0.209,0.209,620.0,620.0
saiyan,cleric,androidforms,androidbase,m0,1,1.5,1.5,2.75,2.0,2.0,2.0,75.0,112.5,1760.0,2.75,804.4,1236.5,0.651,64.7,135.0,0.08,0.053,0.065,989.3,1220.0
saiyan,cleric,androidforms,androidbase,m0,3,1.5,1.5,2.75,2.0,2.0,2.0,75.0,112.5,1760.0,2.75,903.6,1236.5,0.731,114.8,412.3,0.23,0.094,0.118,975.8,1220.0
saiyan,cleric,androidforms,androidbase,m0,5,1.5,1.5,2.75,2.0,2.0,2.0,75.0,112.5,1760.0,2.75,686.6,1236.5,0.555,189.3,846.8,0.48,0.155,0.196,965.0,1220.0
saiyan,cleric,androidforms,androidbase,m0,7,1.5,1.5,2.75,2.0,2.0,2.0,75.0,112.5,1760.0,2.75,686.6,1236.5,0.555,239.8,1254.4,0.71,0.197,0.248,965.0,1220.0
saiyan,cleric,androidforms,androidbase,m100,1,2.25,2.25,4.12,3.0,3.0,3.0,112.5,168.8,2640.0,4.12,994.1,1854.8,0.536,89.5,175.6,0.07,0.049,0.07,1286.7,1820.0
saiyan,cleric,androidforms,androidbase,m100,3,2.25,2.25,4.12,3.0,3.0,3.0,112.5,168.8,2640.0,4.12,1148.3,1854.8,0.619,158.0,533.3,0.2,0.087,0.125,1262.4,1820.0
saiyan,cleric,androidforms,androidbase,m100,5,2.25,2.25,4.12,3.0,3.0,3.0,112.5,168.8,2640.0,4.12,810.8,1854.8,0.437,259.4,1090.7,0.41,0.143,0.209,1243.0,1820.0
saiyan,cleric,androidforms,androidbase,m100,7,2.25,2.25,4.12,3.0,3.0,3.0,112.5,168.8,2640.0,4.12,810.8,1854.8,0.437,328.5,1615.9,0.61,0.181,0.264,1243.0,1820.0
saiyan,cleric,androidforms,supersaiyandroid,m0,1,4.2,4.2,6.75,2.0,2.0,6.2,210.0,315.0,4320.0,6.75,976.6,2970.5,0.329,73.8,135.0,0.03,0.061,0.075,989.3,1220.0
saiyan,cleric,androidforms,supersaiyandroid,m0,3,4.2,4.2,6.75,2.0,2.0,6.2,210.0,315.0,4320.0,6.75,877.9,2970.5,0.296,131.0,412.3,0.1,0.107,0.134,975.8,1220.0
saiyan,cleric,androidforms,supersaiyandroid,m0,5,4.2,4.2,6.75,2.0,2.0,6.2,210.0,315.0,4320.0,6.75,799.4,2970.5,0.269,216.0,846.8,0.2,0.177,0.224,965.0,1220.0
saiyan,cleric,androidforms,supersaiyandroid,m0,7,4.2,4.2,6.75,2.0,2.0,6.2,210.0,315.0,4320.0,6.75,799.4,2970.5,0.269,273.6,1254.4,0.29,0.224,0.284,965.0,1220.0
saiyan,cleric,androidforms,supersaiyandroid,m100,1,6.3,6.3,10.12,3.0,3.0,9.3,315.0,472.5,6480.0,10.12,1074.8,4455.7,0.241,96.8,167.8,0.03,0.053,0.079,1229.1,1820.0
saiyan,cleric,androidforms,supersaiyandroid,m100,3,6.3,6.3,10.12,3.0,3.0,9.3,315.0,472.5,6480.0,10.12,957.2,4455.7,0.215,174.3,519.3,0.08,0.096,0.142,1229.1,1820.0
saiyan,cleric,androidforms,supersaiyandroid,m100,5,6.3,6.3,10.12,3.0,3.0,9.3,315.0,472.5,6480.0,10.12,863.6,4455.7,0.194,287.6,1067.7,0.16,0.158,0.236,1216.8,1820.0
saiyan,cleric,androidforms,supersaiyandroid,m100,7,6.3,6.3,10.12,3.0,3.0,9.3,315.0,472.5,6480.0,10.12,863.6,4455.7,0.194,364.2,1581.9,0.24,0.2,0.299,1216.8,1820.0
saiyan,cleric,androidforms,ssdroid2,m0,1,9.0,9.0,14.5,2.0,2.0,13.0,450.0,675.0,9280.0,14.5,1142.1,6324.0,0.181,78.8,130.5,0.01,0.065,0.082,955.8,1220.0
saiyan,cleric,androidforms,ssdroid2,m0,3,9.0,9.0,14.5,2.0,2.0,13.0,450.0,675.0,9280.0,14.5,1018.5,6324.0,0.161,141.9,403.8,0.04,0.116,0.148,955.8,1220.0
saiyan,cleric,androidforms,ssdroid2,m0,5,9.0,9.0,14.5,2.0,2.0,13.0,450.0,675.0,9280.0,14.5,913.4,6324.0,0.144,236.5,838.7,0.09,0.194,0.247,955.8,1220.0
saiyan,cleric,androidforms,ssdroid2,m0,7,9.0,9.0,14.5,2.0,2.0,13.0,450.0,675.0,9280.0,14.5,913.4,6324.0,0.144,299.5,1242.6,0.13,0.246,0.313,955.8,1220.0
saiyan,cleric,androidforms,ssdroid2,m100,1,13.5,13.5,21.75,3.0,3.0,19.5,675.0,1012.5,13920.0,21.75,1193.9,9486.0,0.126,98.4,155.1,0.01,0.054,0.087,1136.0,1820.0
saiyan,cleric,androidforms,ssdroid2,m100,3,13.5,13.5,21.75,3.0,3.0,19.5,675.0,1012.5,13920.0,21.75,1091.3,9486.0,0.115,177.1,480.0,0.03,0.097,0.156,1136.0,1820.0
saiyan,cleric,androidforms,ssdroid2,m100,5,13.5,13.5,21.75,3.0,3.0,19.5,675.0,1012.5,13920.0,21.75,972.4,9486.0,0.103,295.2,996.8,0.07,0.162,0.26,1136.0,1820.0
saiyan,cleric,androidforms,ssdroid2,m100,7,13.5,13.5,21.75,3.0,3.0,19.5,675.0,1012.5,13920.0,21.75,972.4,9486.0,0.103,373.9,1476.8,0.11,0.205,0.329,1136.0,1820.0
saiyan,cleric,androidforms,ssdroid3,m0,1,19.0,19.0,23.0,2.0,2.0,23.0,950.0,1425.0,14720.0,23.0,1198.0,10068.6,0.119,81.5,127.6,0.01,0.067,0.087,934.9,1220.0
saiyan,cleric,androidforms,ssdroid3,m0,3,19.0,19.0,23.0,2.0,2.0,23.0,950.0,1425.0,14720.0,23.0,1099.3,10068.6,0.109,146.7,395.0,0.03,0.12,0.157,934.9,1220.0
saiyan,cleric,androidforms,ssdroid3,m0,5,19.0,19.0,23.0,2.0,2.0,23.0,950.0,1425.0,14720.0,23.0,978.9,10068.6,0.097,244.6,820.4,0.06,0.2,0.262,934.9,1220.0
saiyan,cleric,androidforms,ssdroid3,m0,7,19.0,19.0,23.0,2.0,2.0,23.0,950.0,1425.0,14720.0,23.0,978.9,10068.6,0.097,309.8,1215.4,0.08,0.254,0.331,934.9,1220.0
saiyan,cleric,androidforms,ssdroid3,m100,1,28.5,28.5,34.5,3.0,3.0,34.5,1425.0,2137.5,22080.0,34.5,1231.7,15102.9,0.082,99.1,148.0,0.01,0.054,0.091,1084.2,1820.0
saiyan,cleric,androidforms,ssdroid3,m100,3,28.5,28.5,34.5,3.0,3.0,34.5,1425.0,2137.5,22080.0,34.5,1164.5,15102.9,0.077,178.3,458.1,0.02,0.098,0.164,1084.2,1820.0
saiyan,cleric,androidforms,ssdroid3,m100,5,28.5,28.5,34.5,3.0,3.0,34.5,1425.0,2137.5,22080.0,34.5,1031.7,15102.9,0.068,297.2,951.4,0.04,0.163,0.274,1084.2,1820.0
saiyan,cleric,androidforms,ssdroid3,m100,7,28.5,28.5,34.5,3.0,3.0,34.5,1425.0,2137.5,22080.0,34.5,1031.7,15102.9,0.068,376.4,1409.4,0.06,0.207,0.347,1084.2,1820.0
saiyan,cleric,androidforms,ssdroid4,m0,1,31.0,31.0,36.0,2.0,2.0,34.0,1550.0,2325.0,23040.0,36.0,1231.0,15749.3,0.078,84.0,124.8,0.01,0.069,0.092,914.6,1220.0
saiyan,cleric,androidforms,ssdroid4,m0,3,31.0,31.0,36.0,2.0,2.0,34.0,1550.0,2325.0,23040.0,36.0,1167.8,15749.3,0.074,151.1,386.4,0.02,0.124,0.165,914.6,1220.0
saiyan,cleric,androidforms,ssdroid4,m0,5,31.0,31.0,36.0,2.0,2.0,34.0,1550.0,2325.0,23040.0,36.0,1034.4,15749.3,0.066,251.9,802.6,0.03,0.206,0.275,914.6,1220.0
saiyan,cleric,androidforms,ssdroid4,m0,7,31.0,31.0,36.0,2.0,2.0,34.0,1550.0,2325.0,23040.0,36.0,1034.4,15749.3,0.066,319.0,1189.0,0.05,0.262,0.349,914.6,1220.0
saiyan,cleric,androidforms,ssdroid4,m100,1,46.5,46.5,54.0,3.0,3.0,51.0,2325.0,3487.5,34560.0,54.0,1245.7,23624.0,0.053,99.5,141.5,0.0,0.055,0.096,1036.8,1820.0
saiyan,cleric,androidforms,ssdroid4,m100,3,46.5,46.5,54.0,3.0,3.0,51.0,2325.0,3487.5,34560.0,54.0,1222.6,23624.0,0.052,179.1,438.0,0.01,0.098,0.173,1036.8,1820.0
saiyan,cleric,androidforms,ssdroid4,m100,5,46.5,46.5,54.0,3.0,3.0,51.0,2325.0,3487.5,34560.0,54.0,1078.8,23624.0,0.046,298.5,909.8,0.03,0.164,0.288,1036.8,1820.0
saiyan,cleric,androidforms,ssdroid4,m100,7,46.5,46.5,54.0,3.0,3.0,51.0,2325.0,3487.5,34560.0,54.0,1078.8,23624.0,0.046,378.1,1347.8,0.04,0.208,0.365,1036.8,1820.0
saiyan,cleric,godforms,beyond_god,m0,1,12.75,12.75,12.75,1.0,1.0,14.75,637.5,956.2,8160.0,14.75,1092.4,5610.0,0.195,51.2,84.6,0.01,0.083,0.083,620.0,620.0
saiyan,cleric,godforms,beyond_god,m0,3,12.75,12.75,12.75,1.0,1.0,14.75,637.5,956.2,8160.0,14.75,978.9,5610.0,0.174,92.2,261.9,0.03,0.149,0.149,620.0,620.0
saiyan,cleric,godforms,beyond_god,m0,5,12.75,12.75,12.75,1.0,1.0,14.75,637.5,956.2,8160.0,14.75,881.2,5610.0,0.157,153.7,544.1,0.07,0.248,0.248,620.0,620.0
saiyan,cleric,godforms,beyond_god,m0,7,12.75,12.75,12.75,1.0,1.0,14.75,637.5,956.2,8160.0,14.75,881.2,5610.0,0.157,194.7,806.0,0.1,0.314,0.314,620.0,620.0
saiyan,cleric,godforms,beyond_god,m100,1,19.12,19.12,19.12,1.0,1.0,22.12,956.2,1434.4,12240.0,22.12,1140.5,8402.7,0.136,53.8,85.6,0.01,0.087,0.087,620.0,620.0
saiyan,cleric,godforms,beyond_god,m100,3,19.12,19.12,19.12,1.0,1.0,22.12,956.2,1434.4,12240.0,22.12,1046.7,8402.7,0.125,96.9,261.9,0.02,0.156,0.156,620.0,620.0
saiyan,cleric,godforms,beyond_god,m100,5,19.12,19.12,19.12,1.0,1.0,22.12,956.2,1434.4,12240.0,22.12,936.2,8402.7,0.111,161.4,544.1,0.04,0.26,0.26,620.0,620.0
saiyan,cleric,godforms,beyond_god,m100,7,19.12,19.12,19.12,1.0,1.0,22.12,956.2,1434.4,12240.0,22.12,936.2,8402.7,0.111,204.5,806.0,0.07,0.33,0.33,620.0,620.0
saiyan,cleric,godforms,supersaiyangod,m0,1,16.75,16.75,16.75,1.0,1.0,16.75,837.5,1256.2,10720.0,16.75,1153.1,7362.3,0.157,52.0,86.6,0.01,0.084,0.084,620.0,620.0
saiyan,cleric,godforms,supersaiyangod,m0,3,16.75,16.75,16.75,1.0,1.0,16.75,837.5,1256.2,10720.0,16.75,1037.4,7362.3,0.141,93.7,261.9,0.02,0.151,0.151,620.0,620.0
saiyan,cleric,godforms,supersaiyangod,m0,5,16.75,16.75,16.75,1.0,1.0,16.75,837.5,1256.2,10720.0,16.75,928.7,7362.3,0.126,156.1,544.1,0.05,0.252,0.252,620.0,620.0
saiyan,cleric,godforms,supersaiyangod,m0,7,16.75,16.75,16.75,1.0,1.0,16.75,837.5,1256.2,10720.0,16.75,928.7,7362.3,0.126,197.8,806.0,0.08,0.319,0.319,620.0,620.0
saiyan,cleric,godforms,supersaiyangod,m100,1,25.12,25.12,25.12,1.0,1.0,25.12,1256.2,1884.4,16080.0,25.12,1196.3,11031.0,0.108,54.6,89.8,0.01,0.088,0.088,620.0,620.0
saiyan,cleric,godforms,supersaiyangod,m100,3,25.12,25.12,25.12,1.0,1.0,25.12,1256.2,1884.4,16080.0,25.12,1105.0,11031.0,0.1,98.3,261.9,0.02,0.159,0.159,620.0,620.0
saiyan,cleric,godforms,supersaiyangod,m100,5,25.12,25.12,25.12,1.0,1.0,25.12,1256.2,1884.4,16080.0,25.12,983.5,11031.0,0.089,163.9,544.1,0.03,0.264,0.264,620.0,620.0
saiyan,cleric,godforms,supersaiyangod,m100,7,25.12,25.12,25.12,1.0,1.0,25.12,1256.2,1884.4,16080.0,25.12,983.5,11031.0,0.089,207.6,806.0,0.05,0.335,0.335,620.0,620.0
saiyan,cleric,godforms,supersaiyanblue,m0,1,32.75,32.75,32.75,1.0,1.0,32.75,1637.5,2456.2,20960.0,32.75,1216.1,14371.3,0.085,56.3,91.3,0.0,0.091,0.091,620.0,620.0
saiyan,cleric,godforms,supersaiyanblue,m0,3,32.75,32.75,32.75,1.0,1.0,32.75,1637.5,2456.2,20960.0,32.75,1145.4,14371.3,0.08,101.4,261.9,0.01,0.163,0.163,620.0,620.0
saiyan,cleric,godforms,supersaiyanblue,m0,5,32.75,32.75,32.75,1.0,1.0,32.75,1637.5,2456.2,20960.0,32.75,1016.3,14371.3,0.071,168.9,544.1,0.03,0.272,0.272,620.0,620.0
saiyan,cleric,godforms,supersaiyanblue,m0,7,32.75,32.75,32.75,1.0,1.0,32.75,1637.5,2456.2,20960.0,32.75,1016.3,14371.3,0.071,214.0,806.0,0.04,0.345,0.345,620.0,620.0
saiyan,cleric,godforms,supersaiyanblue,m100,1,49.12,49.12,49.12,1.0,1.0,49.12,2456.2,3684.4,31440.0,49.12,1232.4,21544.5,0.057,58.9,92.5,0.0,0.095,0.095,620.0,620.0
saiyan,cleric,godforms,supersaiyanblue,m100,3,49.12,49.12,49.12,1.0,1.0,49.12,2456.2,3684.4,31440.0,49.12,1199.8,21544.5,0.056,106.0,261.9,0.01,0.171,0.171,620.0,620.0
saiyan,cleric,godforms,supersaiyanblue,m100,5,49.12,49.12,49.12,1.0,1.0,49.12,2456.2,3684.4,31440.0,49.12,1060.4,21544.5,0.049,176.7,544.1,0.02,0.285,0.285,620.0,620.0
saiyan,cleric,godforms,supersaiyanblue,m100,7,49.12,49.12,49.12,1.0,1.0,49.12,2456.2,3684.4,31440.0,49.12,1060.4,21544.5,0.049,223.8,806.0,0.03,0.361,0.361,620.0,620.0
saiyan,cleric,legendaryforms,ikari,m0,1,3.4,3.4,3.4,1.0,1.0,2.62,170.0,255.0,2176.0,3.4,888.3,1514.1,0.587,41.9,84.6,0.04,0.068,0.068,620.0,620.0
saiyan,cleric,legendaryforms,ikari,m0,3,3.4,3.4,3.4,1.0,1.0,2.62,170.0,255.0,2176.0,3.4,1011.8,1514.1,0.668,75.4,261.9,0.12,0.122,0.122,620.0,620.0
saiyan,cleric,legendaryforms,ikari,m0,5,3.4,3.4,3.4,1.0,1.0,2.62,170.0,255.0,2176.0,3.4,741.5,1514.1,0.49,125.7,544.1,0.25,0.203,0.203,620.0,620.0
saiyan,cleric,legendaryforms,ikari,m0,7,3.4,3.4,3.4,1.0,1.0,2.62,170.0,255.0,2176.0,3.4,741.5,1514.1,0.49,159.2,806.0,0.37,0.257,0.257,620.0,620.0
saiyan,cleric,legendaryforms,ikari,m100,1,5.1,5.1,5.1,1.0,1.0,3.94,255.0,382.5,3264.0,5.1,1098.7,2258.8,0.486,44.5,84.6,0.03,0.072,0.072,620.0,620.0
saiyan,cleric,legendaryforms,ikari,m100,3,5.1,5.1,5.1,1.0,1.0,3.94,255.0,382.5,3264.0,5.1,1283.2,2258.8,0.568,80.1,261.9,0.08,0.129,0.129,620.0,620.0
saiyan,cleric,legendaryforms,ikari,m100,5,5.1,5.1,5.1,1.0,1.0,3.94,255.0,382.5,3264.0,5.1,879.3,2258.8,0.389,133.4,544.1,0.17,0.215,0.215,620.0,620.0
saiyan,cleric,legendaryforms,ikari,m100,7,5.1,5.1,5.1,1.0,1.0,3.94,255.0,382.5,3264.0,5.1,879.3,2258.8,0.389,169.0,806.0,0.25,0.273,0.273,620.0,620.0
saiyan,cleric,legendaryforms,ssjhybrid,m0,1,8.3,8.3,8.3,1.0,1.0,6.25,415.0,622.5,5312.0,8.3,1016.2,3660.6,0.278,47.6,84.6,0.02,0.077,0.077,620.0,620.0
saiyan,cleric,legendaryforms,ssjhybrid,m0,3,8.3,8.3,8.3,1.0,1.0,6.25,415.0,622.5,5312.0,8.3,909.8,3660.6,0.249,85.6,261.9,0.05,0.138,0.138,620.0,620.0
saiyan,cleric,legendaryforms,ssjhybrid,m0,5,8.3,8.3,8.3,1.0,1.0,6.25,415.0,622.5,5312.0,8.3,825.3,3660.6,0.225,142.7,544.1,0.1,0.23,0.23,620.0,620.0
saiyan,cleric,legendaryforms,ssjhybrid,m0,7,8.3,8.3,8.3,1.0,1.0,6.25,415.0,622.5,5312.0,8.3,825.3,3660.6,0.225,180.8,806.0,0.15,0.292,0.292,620.0,620.0
saiyan,cleric,legendaryforms,ssjhybrid,m100,1,12.45,12.45,12.45,1.0,1.0,9.38,622.5,933.8,7968.0,12.45,1108.8,5478.6,0.202,50.2,84.6,0.01,0.081,0.081,620.0,620.0
saiyan,cleric,legendaryforms,ssjhybrid,m100,3,12.45,12.45,12.45,1.0,1.0,9.38,622.5,933.8,7968.0,12.45,984.7,5478.6,0.18,90.3,261.9,0.03,0.146,0.146,620.0,620.0
saiyan,cleric,legendaryforms,ssjhybrid,m100,5,12.45,12.45,12.45,1.0,1.0,9.38,622.5,933.8,7968.0,12.45,885.9,5478.6,0.162,150.5,544.1,0.07,0.243,0.243,620.0,620.0
saiyan,cleric,legendaryforms,ssjhybrid,m100,7,12.45,12.45,12.45,1.0,1.0,9.38,622.5,933.8,7968.0,12.45,885.9,5478.6,0.162,190.6,806.0,0.1,0.307,0.307,620.0,620.0
saiyan,cleric,legendaryforms,ssjfullpower,m0,1,14.5,14.5,14.0,1.0,1.0,12.62,725.0,1087.5,8960.0,14.5,1123.7,6164.6,0.182,51.1,84.6,0.01,0.082,0.082,620.0,620.0
saiyan,cleric,legendaryforms,ssjfullpower,m0,3,14.5,14.5,14.0,1.0,1.0,12.62,725.0,1087.5,8960.0,14.5,1003.4,6164.6,0.163,92.0,261.9,0.03,0.148,0.148,620.0,620.0
saiyan,cleric,legendaryforms,ssjfullpower,m0,5,14.5,14.5,14.0,1.0,1.0,12.62,725.0,1087.5,8960.0,14.5,901.1,6164.6,0.146,153.4,544.1,0.06,0.247,0.247,620.0,620.0
saiyan,cleric,legendaryforms,ssjfullpower,m0,7,14.5,14.5,14.0,1.0,1.0,12.62,725.0,1087.5,8960.0,14.5,901.1,6164.6,0.146,194.3,806.0,0.09,0.313,0.313,620.0,620.0
saiyan,cleric,legendaryforms,ssjfullpower,m100,1,21.75,21.75,21.0,1.0,1.0,18.94,1087.5,1631.2,13440.0,21.75,1172.2,9234.6,0.127,53.7,88.0,0.01,0.087,0.087,620.0,620.0
saiyan,cleric,legendaryforms,ssjfullpower,m100,3,21.75,21.75,21.0,1.0,1.0,18.94,1087.5,1631.2,13440.0,21.75,1072.7,9234.6,0.116,96.7,261.9,0.02,0.156,0.156,620.0,620.0
saiyan,cleric,legendaryforms,ssjfullpower,m100,5,21.75,21.75,21.0,1.0,1.0,18.94,1087.5,1631.2,13440.0,21.75,957.3,9234.6,0.104,161.1,544.1,0.04,0.26,0.26,620.0,620.0
saiyan,cleric,legendaryforms,ssjfullpower,m100,7,21.75,21.75,21.0,1.0,1.0,18.94,1087.5,1631.2,13440.0,21.75,957.3,9234.6,0.104,204.1,806.0,0.06,0.329,0.329,620.0,620.0
saiyan,cleric,oozaru,oozaru,m0,1,1.2,1.2,1.2,1.0,1.0,1.12,60.0,90.0,768.0,1.2,528.8,550.4,0.961,37.2,84.6,0.11,0.06,0.06,620.0,620.0
saiyan,cleric,oozaru,oozaru,m0,3,1.2,1.2,1.2,1.0,1.0,1.12,60.0,90.0,768.0,1.2,547.9,550.4,0.996,63.5,261.9,0.34,0.102,0.102,620.0,620.0
saiyan,cleric,oozaru,oozaru,m0,5,1.2,1.2,1.2,1.0,1.0,1.12,60.0,90.0,768.0,1.2,506.0,550.4,0.919,105.8,544.1,0.71,0.171,0.171,620.0,620.0
saiyan,cleric,oozaru,oozaru,m0,7,1.2,1.2,1.2,1.0,1.0,1.12,60.0,90.0,768.0,1.2,506.0,550.4,0.919,134.0,806.0,1.05,0.216,0.216,620.0,620.0
saiyan,cleric,oozaru,oozaru,m100,1,1.8,1.8,1.8,1.0,1.0,1.69,90.0,135.0,1152.0,1.8,649.5,813.2,0.799,37.8,84.6,0.07,0.061,0.061,620.0,620.0
saiyan,cleric,oozaru,oozaru,m100,3,1.8,1.8,1.8,1.0,1.0,1.69,90.0,135.0,1152.0,1.8,703.6,813.2,0.865,68.1,261.9,0.23,0.11,0.11,620.0,620.0
saiyan,cleric,oozaru,oozaru,m100,5,1.8,1.8,1.8,1.0,1.0,1.69,90.0,135.0,1152.0,1.8,585.1,813.2,0.719,113.5,544.1,0.47,0.183,0.183,620.0,620.0
saiyan,cleric,oozaru,oozaru,m100,7,1.8,1.8,1.8,1.0,1.0,1.69,90.0,135.0,1152.0,1.8,585.1,813.2,0.719,143.8,806.0,0.7,0.232,0.232,620.0,620.0
saiyan,cleric,oozaru,goldenoozaru,m0,1,10.0,10.0,10.0,1.0,1.0,8.12,500.0,750.0,6400.0,10.0,1059.1,4405.3,0.24,48.8,84.6,0.01,0.079,0.079,620.0,620.0
saiyan,cleric,oozaru,goldenoozaru,m0,3,10.0,10.0,10.0,1.0,1.0,8.12,500.0,750.0,6400.0,10.0,944.5,4405.3,0.214,87.8,261.9,0.04,0.142,0.142,620.0,620.0
saiyan,cleric,oozaru,goldenoozaru,m0,5,10.0,10.0,10.0,1.0,1.0,8.12,500.0,750.0,6400.0,10.0,853.4,4405.3,0.194,146.3,544.1,0.09,0.236,0.236,620.0,620.0
saiyan,cleric,oozaru,goldenoozaru,m0,7,10.0,10.0,10.0,1.0,1.0,8.12,500.0,750.0,6400.0,10.0,853.4,4405.3,0.194,185.3,806.0,0.13,0.299,0.299,620.0,620.0
saiyan,cleric,oozaru,goldenoozaru,m100,1,15.0,15.0,15.0,1.0,1.0,12.19,750.0,1125.0,9600.0,15.0,1138.8,6595.6,0.173,51.3,85.5,0.01,0.083,0.083,620.0,620.0
saiyan,cleric,oozaru,goldenoozaru,m100,3,15.0,15.0,15.0,1.0,1.0,12.19,750.0,1125.0,9600.0,15.0,1018.0,6595.6,0.154,92.4,261.9,0.03,0.149,0.149,620.0,620.0
saiyan,cleric,oozaru,goldenoozaru,m100,5,15.0,15.0,15.0,1.0,1.0,12.19,750.0,1125.0,9600.0,15.0,913.0,6595.6,0.138,154.0,544.1,0.06,0.248,0.248,620.0,620.0
saiyan,cleric,oozaru,goldenoozaru,m100,7,15.0,15.0,15.0,1.0,1.0,12.19,750.0,1125.0,9600.0,15.0,913.0,6595.6,0.138,195.1,806.0,0.08,0.315,0.315,620.0,620.0
saiyan,cleric,oozaru,supersaiyan4,m0,1,14.5,14.5,14.5,1.0,1.0,12.88,725.0,1087.5,9280.0,14.5,1134.2,6376.6,0.178,51.1,85.2,0.01,0.082,0.082,620.0,620.0
saiyan,cleric,oozaru,supersaiyan4,m0,3,14.5,14.5,14.5,1.0,1.0,12.88,725.0,1087.5,9280.0,14.5,1012.0,6376.6,0.159,92.0,261.9,0.03,0.148,0.148,620.0,620.0
saiyan,cleric,oozaru,supersaiyan4,m0,5,14.5,14.5,14.5,1.0,1.0,12.88,725.0,1087.5,9280.0,14.5,908.1,6376.6,0.142,153.4,544.1,0.06,0.247,0.247,620.0,620.0
saiyan,cleric,oozaru,supersaiyan4,m0,7,14.5,14.5,14.5,1.0,1.0,12.88,725.0,1087.5,9280.0,14.5,908.1,6376.6,0.142,194.3,806.0,0.09,0.313,0.313,620.0,620.0
saiyan,cleric,oozaru,supersaiyan4,m100,1,21.75,21.75,21.75,1.0,1.0,19.31,1087.5,1631.2,13920.0,21.75,1182.7,9552.6,0.124,53.7,88.8,0.01,0.087,0.087,620.0,620.0
saiyan,cleric,oozaru,supersaiyan4,m100,3,21.75,21.75,21.75,1.0,1.0,19.31,1087.5,1631.2,13920.0,21.75,1081.7,9552.6,0.113,96.7,261.9,0.02,0.156,0.156,620.0,620.0
saiyan,cleric,oozaru,supersaiyan4,m100,5,21.75,21.75,21.75,1.0,1.0,19.31,1087.5,1631.2,13920.0,21.75,964.6,9552.6,0.101,161.1,544.1,0.04,0.26,0.26,620.0,620.0
saiyan,cleric,oozaru,supersaiyan4,m100,7,21.75,21.75,21.75,1.0,1.0,19.31,1087.5,1631.2,13920.0,21.75,964.6,9552.6,0.101,204.1,806.0,0.06,0.329,0.329,620.0,620.0
saiyan,cleric,salt,cumber,m0,1,1.3,1.3,1.3,1.3,1.0,1.0,65.0,97.5,832.0,1.3,557.3,601.6,0.926,37.2,84.6,0.1,0.06,0.06,620.0,620.0
saiyan,cleric,salt,cumber,m0,3,1.3,1.3,1.3,1.3,1.0,1.0,65.0,97.5,832.0,1.3,584.7,601.6,0.972,64.4,261.9,0.31,0.104,0.104,620.0,620.0
saiyan,cleric,salt,cumber,m0,5,1.3,1.3,1.3,1.3,1.0,1.0,65.0,97.5,832.0,1.3,524.7,601.6,0.872,107.3,544.1,0.65,0.173,0.173,620.0,620.0
saiyan,cleric,salt,cumber,m0,7,1.3,1.3,1.3,1.3,1.0,1.0,65.0,97.5,832.0,1.3,524.7,601.6,0.872,135.9,806.0,0.97,0.219,0.219,620.0,620.0
saiyan,cleric,salt,cumber,m100,1,1.3,1.3,1.3,1.3,1.0,1.0,65.0,97.5,832.0,1.3,557.3,601.6,0.926,37.2,84.6,0.1,0.06,0.06,620.0,620.0
saiyan,cleric,salt,cumber,m100,3,1.3,1.3,1.3,1.3,1.0,1.0,65.0,97.5,832.0,1.3,584.7,601.6,0.972,64.4,261.9,0.31,0.104,0.104,620.0,620.0
saiyan,cleric,salt,cumber,m100,5,1.3,1.3,1.3,1.3,1.0,1.0,65.0,97.5,832.0,1.3,524.7,601.6,0.872,107.3,544.1,0.65,0.173,0.173,620.0,620.0
saiyan,cleric,salt,cumber,m100,7,1.3,1.3,1.3,1.3,1.0,1.0,65.0,97.5,832.0,1.3,524.7,601.6,0.872,135.9,806.0,0.97,0.219,0.219,620.0,620.0
saiyan,cleric,ssgrades,supersaiyan,m0,1,3.25,3.25,3.25,1.0,1.0,3.31,162.5,243.8,2080.0,3.31,868.2,1448.4,0.599,41.7,84.6,0.04,0.067,0.067,620.0,620.0
saiyan,cleric,ssgrades,supersaiyan,m0,3,3.25,3.25,3.25,1.0,1.0,3.31,162.5,243.8,2080.0,3.31,985.9,1448.4,0.681,75.1,261.9,0.13,0.121,0.121,620.0,620.0
saiyan,cleric,ssgrades,supersaiyan,m0,5,3.25,3.25,3.25,1.0,1.0,3.31,162.5,243.8,2080.0,3.31,728.3,1448.4,0.503,125.2,544.1,0.26,0.202,0.202,620.0,620.0
saiyan,cleric,ssgrades,supersaiyan,m0,7,3.25,3.25,3.25,1.0,1.0,3.31,162.5,243.8,2080.0,3.31,728.3,1448.4,0.503,158.6,806.0,0.39,0.256,0.256,620.0,620.0
saiyan,cleric,ssgrades,supersaiyan,m100,1,4.88,4.88,4.88,1.0,1.0,4.97,243.8,365.6,3120.0,4.97,1072.3,2160.3,0.496,44.3,84.6,0.03,0.071,0.071,620.0,620.0
saiyan,cleric,ssgrades,supersaiyan,m100,3,4.88,4.88,4.88,1.0,1.0,4.97,243.8,365.6,3120.0,4.97,1249.2,2160.3,0.578,79.8,261.9,0.08,0.129,0.129,620.0,620.0
saiyan,cleric,ssgrades,supersaiyan,m100,5,4.88,4.88,4.88,1.0,1.0,4.97,243.8,365.6,3120.0,4.97,862.0,2160.3,0.399,132.9,544.1,0.17,0.214,0.214,620.0,620.0
saiyan,cleric,ssgrades,supersaiyan,m100,7,4.88,4.88,4.88,1.0,1.0,4.97,243.8,365.6,3120.0,4.97,862.0,2160.3,0.399,168.4,806.0,0.26,0.272,0.272,620.0,620.0
saiyan,cleric,ssgrades,supersaiyangrade2,m0,1,3.75,3.75,3.75,1.0,1.0,3.5,187.5,281.2,2400.0,3.75,934.1,1667.4,0.56,42.5,84.6,0.04,0.069,0.069,620.0,620.0
saiyan,cleric,ssgrades,supersaiyangrade2,m0,3,3.75,3.75,3.75,1.0,1.0,3.5,187.5,281.2,2400.0,3.75,1070.8,1667.4,0.642,76.5,261.9,0.11,0.123,0.123,620.0,620.0
saiyan,cleric,ssgrades,supersaiyangrade2,m0,5,3.75,3.75,3.75,1.0,1.0,3.5,187.5,281.2,2400.0,3.75,771.5,1667.4,0.463,127.5,544.1,0.23,0.206,0.206,620.0,620.0
saiyan,cleric,ssgrades,supersaiyangrade2,m0,7,3.75,3.75,3.75,1.0,1.0,3.5,187.5,281.2,2400.0,3.75,771.5,1667.4,0.463,161.6,806.0,0.34,0.261,0.261,620.0,620.0
saiyan,cleric,ssgrades,supersaiyangrade2,m100,1,5.62,5.62,5.62,1.0,1.0,5.25,281.2,421.9,3600.0,5.62,1158.8,2488.8,0.466,45.1,87.0,0.02,0.073,0.073,620.0,620.0
saiyan,cleric,ssgrades,supersaiyangrade2,m100,3,5.62,5.62,5.62,1.0,1.0,5.25,281.2,421.9,3600.0,5.62,1360.8,2488.8,0.547,81.2,261.9,0.07,0.131,0.131,620.0,620.0
saiyan,cleric,ssgrades,supersaiyangrade2,m100,5,5.62,5.62,5.62,1.0,1.0,5.25,281.2,421.9,3600.0,5.62,918.7,2488.8,0.369,135.3,544.1,0.15,0.218,0.218,620.0,620.0
saiyan,cleric,ssgrades,supersaiyangrade2,m100,7,5.62,5.62,5.62,1.0,1.0,5.25,281.2,421.9,3600.0,5.62,918.7,2488.8,0.369,171.4,806.0,0.22,0.276,0.276,620.0,620.0
saiyan,cleric,ssgrades,supersaiyangrade3,m0,1,4.75,4.75,4.75,1.0,1.0,4.0,237.5,356.2,3040.0,4.75,1057.5,2105.5,0.502,44.0,84.6,0.03,0.071,0.071,620.0,620.0
saiyan,cleric,ssgrades,supersaiyangrade3,m0,3,4.75,4.75,4.75,1.0,1.0,4.0,237.5,356.2,3040.0,4.75,1230.1,2105.5,0.584,79.2,261.9,0.09,0.128,0.128,620.0,620.0
saiyan,cleric,ssgrades,supersaiyangrade3,m0,5,4.75,4.75,4.75,1.0,1.0,4.0,237.5,356.2,3040.0,4.75,852.3,2105.5,0.405,132.1,544.1,0.18,0.213,0.213,620.0,620.0
saiyan,cleric,ssgrades,supersaiyangrade3,m0,7,4.75,4.75,4.75,1.0,1.0,4.0,237.5,356.2,3040.0,4.75,852.3,2105.5,0.405,167.3,806.0,0.27,0.27,0.27,620.0,620.0
saiyan,cleric,ssgrades,supersaiyangrade3,m100,1,7.12,7.12,7.12,1.0,1.0,6.0,356.2,534.4,4560.0,7.12,980.7,3145.9,0.312,46.6,84.6,0.02,0.075,0.075,620.0,620.0
saiyan,cleric,ssgrades,supersaiyangrade3,m100,3,7.12,7.12,7.12,1.0,1.0,6.0,356.2,534.4,4560.0,7.12,881.2,3145.9,0.28,83.9,261.9,0.06,0.135,0.135,620.0,620.0
saiyan,cleric,ssgrades,supersaiyangrade3,m100,5,7.12,7.12,7.12,1.0,1.0,6.0,356.2,534.4,4560.0,7.12,802.0,3145.9,0.255,139.8,544.1,0.12,0.225,0.225,620.0,620.0
saiyan,cleric,ssgrades,supersaiyangrade3,m100,7,7.12,7.12,7.12,1.0,1.0,6.0,356.2,534.4,4560.0,7.12,802.0,3145.9,0.255,177.1,806.0,0.18,0.286,0.286,620.0,620.0
saiyan,cleric,supersaiyan,supersaiyanmastered,m0,1,3.75,3.75,3.75,1.0,1.0,3.44,187.5,281.2,2400.0,3.75,934.1,1667.4,0.56,42.5,84.6,0.04,0.069,0.069,620.0,620.0
saiyan,cleric,supersaiyan,supersaiyanmastered,m0,3,3.75,3.75,3.75,1.0,1.0,3.44,187.5,281.2,2400.0,3.75,1070.8,1667.4,0.642,76.5,261.9,0.11,0.123,0.123,620.0,620.0
saiyan,cleric,supersaiyan,supersaiyanmastered,m0,5,3.75,3.75,3.75,1.0,1.0,3.44,187.5,281.2,2400.0,3.75,771.5,1667.4,0.463,127.5,544.1,0.23,0.206,0.206,620.0,620.0
saiyan,cleric,supersaiyan,supersaiyanmastered,m0,7,3.75,3.75,3.75,1.0,1.0,3.44,187.5,281.2,2400.0,3.75,771.5,1667.4,0.463,161.6,806.0,0.34,0.261,0.261,620.0,620.0
saiyan,cleric,supersaiyan,supersaiyanmastered,m100,1,5.62,5.62,5.62,1.0,1.0,5.16,281.2,421.9,3600.0,5.62,1158.8,2488.8,0.466,45.1,87.0,0.02,0.073,0.073,620.0,620.0
saiyan,cleric,supersaiyan,supersaiyanmastered,m100,3,5.62,5.62,5.62,1.0,1.0,5.16,281.2,421.9,3600.0,5.62,1360.8,2488.8,0.547,81.2,261.9,0.07,0.131,0.131,620.0,620.0
saiyan,cleric,supersaiyan,supersaiyanmastered,m100,5,5.62,5.62,5.62,1.0,1.0,5.16,281.2,421.9,3600.0,5.62,918.7,2488.8,0.369,135.3,544.1,0.15,0.218,0.218,620.0,620.0
saiyan,cleric,supersaiyan,supersaiyanmastered,m100,7,5.62,5.62,5.62,1.0,1.0,5.16,281.2,421.9,3600.0,5.62,918.7,2488.8,0.369,171.4,806.0,0.22,0.276,0.276,620.0,620.0
saiyan,cleric,supersaiyan,supersaiyan2,m0,1,6.25,6.25,6.25,1.0,1.0,5.81,312.5,468.8,4000.0,6.25,950.2,2762.6,0.344,45.8,84.6,0.02,0.074,0.074,620.0,620.0
saiyan,cleric,supersaiyan,supersaiyan2,m0,3,6.25,6.25,6.25,1.0,1.0,5.81,312.5,468.8,4000.0,6.25,856.5,2762.6,0.31,82.4,261.9,0.07,0.133,0.133,620.0,620.0
saiyan,cleric,supersaiyan,supersaiyan2,m0,5,6.25,6.25,6.25,1.0,1.0,5.81,312.5,468.8,4000.0,6.25,782.0,2762.6,0.283,137.3,544.1,0.14,0.221,0.221,620.0,620.0
saiyan,cleric,supersaiyan,supersaiyan2,m0,7,6.25,6.25,6.25,1.0,1.0,5.81,312.5,468.8,4000.0,6.25,782.0,2762.6,0.283,173.9,806.0,0.2,0.281,0.281,620.0,620.0
saiyan,cleric,supersaiyan,supersaiyan2,m100,1,9.38,9.38,9.38,1.0,1.0,8.72,468.8,703.1,6000.0,9.38,1044.3,4131.5,0.253,48.3,84.6,0.01,0.078,0.078,620.0,620.0
saiyan,cleric,supersaiyan,supersaiyan2,m100,3,9.38,9.38,9.38,1.0,1.0,8.72,468.8,703.1,6000.0,9.38,932.6,4131.5,0.226,87.0,261.9,0.04,0.14,0.14,620.0,620.0
saiyan,cleric,supersaiyan,supersaiyan2,m100,5,9.38,9.38,9.38,1.0,1.0,8.72,468.8,703.1,6000.0,9.38,843.7,4131.5,0.204,145.0,544.1,0.09,0.234,0.234,620.0,620.0
saiyan,cleric,supersaiyan,supersaiyan2,m100,7,9.38,9.38,9.38,1.0,1.0,8.72,468.8,703.1,6000.0,9.38,843.7,4131.5,0.204,183.7,806.0,0.13,0.296,0.296,620.0,620.0
saiyan,cleric,supersaiyan,supersaiyan3,m0,1,10.0,10.0,10.0,1.0,1.0,8.44,500.0,750.0,6400.0,10.0,1059.1,4405.3,0.24,48.8,84.6,0.01,0.079,0.079,620.0,620.0
saiyan,cleric,supersaiyan,supersaiyan3,m0,3,10.0,10.0,10.0,1.0,1.0,8.44,500.0,750.0,6400.0,10.0,944.5,4405.3,0.214,87.8,261.9,0.04,0.142,0.142,620.0,620.0
saiyan,cleric,supersaiyan,supersaiyan3,m0,5,10.0,10.0,10.0,1.0,1.0,8.44,500.0,750.0,6400.0,10.0,853.4,4405.3,0.194,146.3,544.1,0.09,0.236,0.236,620.0,620.0
saiyan,cleric,supersaiyan,supersaiyan3,m0,7,10.0,10.0,10.0,1.0,1.0,8.44,500.0,750.0,6400.0,10.0,853.4,4405.3,0.194,185.3,806.0,0.13,0.299,0.299,620.0,620.0
saiyan,cleric,supersaiyan,supersaiyan3,m100,1,15.0,15.0,15.0,1.0,1.0,12.66,750.0,1125.0,9600.0,15.0,1138.8,6595.6,0.173,51.3,85.5,0.01,0.083,0.083,620.0,620.0
saiyan,cleric,supersaiyan,supersaiyan3,m100,3,15.0,15.0,15.0,1.0,1.0,12.66,750.0,1125.0,9600.0,15.0,1018.0,6595.6,0.154,92.4,261.9,0.03,0.149,0.149,620.0,620.0
saiyan,cleric,supersaiyan,supersaiyan3,m100,5,15.0,15.0,15.0,1.0,1.0,12.66,750.0,1125.0,9600.0,15.0,913.0,6595.6,0.138,154.0,544.1,0.06,0.248,0.248,620.0,620.0
saiyan,cleric,supersaiyan,supersaiyan3,m100,7,15.0,15.0,15.0,1.0,1.0,12.66,750.0,1125.0,9600.0,15.0,913.0,6595.6,0.138,195.1,806.0,0.08,0.315,0.315,620.0,620.0
saiyan,cleric,supersaiyan,supersaiyan4,m0,1,14.5,14.5,14.75,1.0,1.0,12.88,725.0,1087.5,9440.0,14.75,1136.4,6482.6,0.175,51.2,85.3,0.01,0.083,0.083,620.0,620.0
saiyan,cleric,supersaiyan,supersaiyan4,m0,3,14.5,14.5,14.75,1.0,1.0,12.88,725.0,1087.5,9440.0,14.75,1014.9,6482.6,0.157,92.2,261.9,0.03,0.149,0.149,620.0,620.0
saiyan,cleric,supersaiyan,supersaiyan4,m0,5,14.5,14.5,14.75,1.0,1.0,12.88,725.0,1087.5,9440.0,14.75,910.5,6482.6,0.14,153.7,544.1,0.06,0.248,0.248,620.0,620.0
saiyan,cleric,supersaiyan,supersaiyan4,m0,7,14.5,14.5,14.75,1.0,1.0,12.88,725.0,1087.5,9440.0,14.75,910.5,6482.6,0.14,194.7,806.0,0.09,0.314,0.314,620.0,620.0
saiyan,cleric,supersaiyan,supersaiyan4,m100,1,21.75,21.75,22.12,1.0,1.0,19.31,1087.5,1631.2,14160.0,22.12,1184.2,9711.6,0.122,53.8,88.9,0.01,0.087,0.087,620.0,620.0
saiyan,cleric,supersaiyan,supersaiyan4,m100,3,21.75,21.75,22.12,1.0,1.0,19.31,1087.5,1631.2,14160.0,22.12,1084.3,9711.6,0.112,96.9,261.9,0.02,0.156,0.156,620.0,620.0
saiyan,cleric,supersaiyan,supersaiyan4,m100,5,21.75,21.75,22.12,1.0,1.0,19.31,1087.5,1631.2,14160.0,22.12,966.7,9711.6,0.1,161.4,544.1,0.04,0.26,0.26,620.0,620.0
saiyan,cleric,supersaiyan,supersaiyan4,m100,7,21.75,21.75,22.12,1.0,1.0,19.31,1087.5,1631.2,14160.0,22.12,966.7,9711.6,0.1,204.5,806.0,0.06,0.33,0.33,620.0,620.0
saiyan,warrior,base,Base,m0,1,1.0,1.0,1.0,1.0,1.0,1.0,1134.0,200.0,50.0,1.0,782.1,782.1,1.0,44.9,102.2,0.09,0.06,0.06,749.0,749.0
saiyan,warrior,base,Base,m0,3,1.0,1.0,1.0,1.0,1.0,1.0,1134.0,200.0,50.0,1.0,782.1,782.1,1.0,74.2,316.5,0.28,0.099,0.099,749.0,749.0
saiyan,warrior,base,Base,m0,5,1.0,1.0,1.0,1.0,1.0,1.0,1134.0,200.0,50.0,1.0,782.1,782.1,1.0,123.6,657.2,0.58,0.165,0.165,749.0,749.0
saiyan,warrior,base,Base,m0,7,1.0,1.0,1.0,1.0,1.0,1.0,1134.0,200.0,50.0,1.0,782.1,782.1,1.0,156.5,973.7,0.86,0.209,0.209,749.0,749.0
saiyan,warrior,androidforms,androidbase,m0,1,1.5,1.5,2.75,2.0,2.0,2.0,1701.0,300.0,137.5,2.75,1019.6,1181.5,0.863,78.4,163.6,0.1,0.053,0.065,1198.6,1478.0
saiyan,warrior,androidforms,androidbase,m0,3,1.5,1.5,2.75,2.0,2.0,2.0,1701.0,300.0,137.5,2.75,1088.5,1181.5,0.921,139.1,499.4,0.29,0.094,0.118,1182.1,1478.0
saiyan,warrior,androidforms,androidbase,m0,5,1.5,1.5,2.75,2.0,2.0,2.0,1701.0,300.0,137.5,2.75,937.6,1181.5,0.794,229.3,1025.8,0.6,0.155,0.196,1169.0,1478.0
saiyan,warrior,androidforms,androidbase,m0,7,1.5,1.5,2.75,2.0,2.0,2.0,1701.0,300.0,137.5,2.75,937.6,1181.5,0.794,290.5,1519.7,0.89,0.197,0.248,1169.0,1478.0
saiyan,warrior,androidforms,androidbase,m100,1,2.25,2.25,4.12,3.0,3.0,3.0,2551.5,450.0,206.2,4.12,1251.9,1772.3,0.706,108.5,213.0,0.08,0.049,0.07,1560.3,2207.0
saiyan,warrior,androidforms,androidbase,m100,3,2.25,2.25,4.12,3.0,3.0,3.0,2551.5,450.0,206.2,4.12,1388.2,1772.3,0.783,191.6,646.8,0.25,0.087,0.125,1530.8,2207.0
saiyan,warrior,androidforms,androidbase,m100,5,2.25,2.25,4.12,3.0,3.0,3.0,2551.5,450.0,206.2,4.12,1089.8,1772.3,0.615,314.5,1322.6,0.52,0.143,0.209,1507.3,2207.0
saiyan,warrior,androidforms,androidbase,m100,7,2.25,2.25,4.12,3.0,3.0,3.0,2551.5,450.0,206.2,4.12,1089.8,1772.3,0.615,398.4,1959.5,0.77,0.181,0.264,1507.3,2207.0
saiyan,warrior,androidforms,supersaiyandroid,m0,1,4.2,4.2,6.75,2.0,2.0,6.2,4762.8,840.0,337.5,6.75,1466.2,3293.2,0.445,89.4,163.6,0.03,0.061,0.075,1198.6,1478.0
saiyan,warrior,androidforms,supersaiyandroid,m0,3,4.2,4.2,6.75,2.0,2.0,6.2,4762.8,840.0,337.5,6.75,1334.8,3293.2,0.405,158.8,499.4,0.1,0.107,0.134,1182.1,1478.0
saiyan,warrior,androidforms,supersaiyandroid,m0,5,4.2,4.2,6.75,2.0,2.0,6.2,4762.8,840.0,337.5,6.75,1230.2,3293.2,0.374,261.7,1025.8,0.22,0.177,0.224,1169.0,1478.0
saiyan,warrior,androidforms,supersaiyandroid,m0,7,4.2,4.2,6.75,2.0,2.0,6.2,4762.8,840.0,337.5,6.75,1230.2,3293.2,0.374,331.4,1519.7,0.32,0.224,0.284,1169.0,1478.0
saiyan,warrior,androidforms,supersaiyandroid,m100,1,6.3,6.3,10.12,3.0,3.0,9.3,7144.2,1260.0,506.2,10.12,1619.7,4939.8,0.328,117.4,203.4,0.03,0.053,0.079,1490.4,2207.0
saiyan,warrior,androidforms,supersaiyandroid,m100,3,6.3,6.3,10.12,3.0,3.0,9.3,7144.2,1260.0,506.2,10.12,1458.7,4939.8,0.295,211.3,629.7,0.09,0.096,0.142,1490.4,2207.0
saiyan,warrior,androidforms,supersaiyandroid,m100,5,6.3,6.3,10.12,3.0,3.0,9.3,7144.2,1260.0,506.2,10.12,1330.7,4939.8,0.269,348.7,1294.8,0.18,0.158,0.236,1475.5,2207.0
saiyan,warrior,androidforms,supersaiyandroid,m100,7,6.3,6.3,10.12,3.0,3.0,9.3,7144.2,1260.0,506.2,10.12,1330.7,4939.8,0.269,441.7,1918.2,0.27,0.2,0.299,1475.5,2207.0
saiyan,warrior,androidforms,ssdroid2,m0,1,9.0,9.0,14.5,2.0,2.0,13.0,10206.0,1800.0,725.0,14.5,1738.0,7050.9,0.246,95.5,158.1,0.02,0.065,0.082,1158.0,1478.0
saiyan,warrior,androidforms,ssdroid2,m0,3,9.0,9.0,14.5,2.0,2.0,13.0,10206.0,1800.0,725.0,14.5,1564.0,7050.9,0.222,171.9,489.2,0.05,0.116,0.148,1158.0,1478.0
saiyan,warrior,androidforms,ssdroid2,m0,5,9.0,9.0,14.5,2.0,2.0,13.0,10206.0,1800.0,725.0,14.5,1416.1,7050.9,0.201,286.5,1016.1,0.1,0.194,0.247,1158.0,1478.0
saiyan,warrior,androidforms,ssdroid2,m0,7,9.0,9.0,14.5,2.0,2.0,13.0,10206.0,1800.0,725.0,14.5,1416.1,7050.9,0.201,362.8,1505.3,0.15,0.246,0.313,1158.0,1478.0
saiyan,warrior,androidforms,ssdroid2,m100,1,13.5,13.5,21.75,3.0,3.0,19.5,15309.0,2700.0,1087.5,21.75,1825.9,10576.4,0.173,119.3,188.0,0.01,0.054,0.087,1377.6,2207.0
saiyan,warrior,androidforms,ssdroid2,m100,3,13.5,13.5,21.75,3.0,3.0,19.5,15309.0,2700.0,1087.5,21.75,1679.4,10576.4,0.159,214.8,582.0,0.04,0.097,0.156,1377.6,2207.0
saiyan,warrior,androidforms,ssdroid2,m100,5,13.5,13.5,21.75,3.0,3.0,19.5,15309.0,2700.0,1087.5,21.75,1509.7,10576.4,0.143,358.0,1208.8,0.08,0.162,0.26,1377.6,2207.0
saiyan,warrior,androidforms,ssdroid2,m100,7,13.5,13.5,21.75,3.0,3.0,19.5,15309.0,2700.0,1087.5,21.75,1509.7,10576.4,0.143,453.5,1790.8,0.12,0.205,0.329,1377.6,2207.0
saiyan,warrior,androidforms,ssdroid3,m0,1,19.0,19.0,23.0,2.0,2.0,23.0,21546.0,3800.0,1150.0,23.0,1973.5,14836.5,0.133,98.8,154.6,0.01,0.067,0.087,1132.6,1478.0
saiyan,warrior,androidforms,ssdroid3,m0,3,19.0,19.0,23.0,2.0,2.0,23.0,21546.0,3800.0,1150.0,23.0,1813.6,14836.5,0.122,177.8,478.5,0.02,0.12,0.157,1132.6,1478.0
saiyan,warrior,androidforms,ssdroid3,m0,5,19.0,19.0,23.0,2.0,2.0,23.0,21546.0,3800.0,1150.0,23.0,1618.4,14836.5,0.109,296.3,993.9,0.05,0.2,0.262,1132.6,1478.0
saiyan,warrior,androidforms,ssdroid3,m0,7,19.0,19.0,23.0,2.0,2.0,23.0,21546.0,3800.0,1150.0,23.0,1618.4,14836.5,0.109,375.3,1472.4,0.07,0.254,0.331,1132.6,1478.0
saiyan,warrior,androidforms,ssdroid3,m100,1,28.5,28.5,34.5,3.0,3.0,34.5,32319.0,5700.0,1725.0,34.5,2031.5,22254.8,0.091,120.1,179.5,0.01,0.054,0.091,1314.7,2207.0
saiyan,warrior,androidforms,ssdroid3,m100,3,28.5,28.5,34.5,3.0,3.0,34.5,32319.0,5700.0,1725.0,34.5,1922.2,22254.8,0.086,216.2,555.5,0.02,0.098,0.164,1314.7,2207.0
saiyan,warrior,androidforms,ssdroid3,m100,5,28.5,28.5,34.5,3.0,3.0,34.5,32319.0,5700.0,1725.0,34.5,1706.5,22254.8,0.077,360.3,1153.7,0.04,0.163,0.274,1314.7,2207.0
saiyan,warrior,androidforms,ssdroid3,m100,7,28.5,28.5,34.5,3.0,3.0,34.5,32319.0,5700.0,1725.0,34.5,1706.5,22254.8,0.077,456.4,1709.1,0.05,0.207,0.347,1314.7,2207.0
saiyan,warrior,androidforms,ssdroid4,m0,1,31.0,31.0,36.0,2.0,2.0,34.0,35154.0,6200.0,1800.0,36.0,2056.2,24194.9,0.085,101.7,154.4,0.0,0.069,0.092,1108.0,1478.0
saiyan,warrior,androidforms,ssdroid4,m0,3,31.0,31.0,36.0,2.0,2.0,34.0,35154.0,6200.0,1800.0,36.0,1951.4,24194.9,0.081,183.1,468.1,0.01,0.124,0.165,1108.0,1478.0
saiyan,warrior,androidforms,ssdroid4,m0,5,31.0,31.0,36.0,2.0,2.0,34.0,35154.0,6200.0,1800.0,36.0,1730.2,24194.9,0.072,305.1,972.3,0.03,0.206,0.275,1108.0,1478.0
saiyan,warrior,androidforms,ssdroid4,m0,7,31.0,31.0,36.0,2.0,2.0,34.0,35154.0,6200.0,1800.0,36.0,1730.2,24194.9,0.072,386.5,1440.4,0.04,0.262,0.349,1108.0,1478.0
saiyan,warrior,androidforms,ssdroid4,m100,1,46.5,46.5,54.0,3.0,3.0,51.0,52731.0,9300.0,2700.0,54.0,2082.2,36292.4,0.057,120.6,171.6,0.0,0.055,0.096,1257.2,2207.0
saiyan,warrior,androidforms,ssdroid4,m100,3,46.5,46.5,54.0,3.0,3.0,51.0,52731.0,9300.0,2700.0,54.0,2043.8,36292.4,0.056,217.2,531.2,0.01,0.098,0.173,1257.2,2207.0
saiyan,warrior,androidforms,ssdroid4,m100,5,46.5,46.5,54.0,3.0,3.0,51.0,52731.0,9300.0,2700.0,54.0,1805.1,36292.4,0.05,361.9,1103.2,0.02,0.164,0.288,1257.2,2207.0
saiyan,warrior,androidforms,ssdroid4,m100,7,46.5,46.5,54.0,3.0,3.0,51.0,52731.0,9300.0,2700.0,54.0,1805.1,36292.4,0.05,458.5,1634.4,0.03,0.208,0.365,1257.2,2207.0
saiyan,warrior,godforms,beyond_god,m0,1,12.75,12.75,12.75,1.0,1.0,14.75,14458.5,2550.0,637.5,14.75,1902.3,9940.1,0.191,61.9,142.8,0.01,0.083,0.083,749.0,749.0
saiyan,warrior,godforms,beyond_god,m0,3,12.75,12.75,12.75,1.0,1.0,14.75,14458.5,2550.0,637.5,14.75,1700.3,9940.1,0.171,111.4,323.3,0.02,0.149,0.149,749.0,749.0
saiyan,warrior,godforms,beyond_god,m0,5,12.75,12.75,12.75,1.0,1.0,14.75,14458.5,2550.0,637.5,14.75,1526.6,9940.1,0.154,185.7,657.2,0.05,0.248,0.248,749.0,749.0
saiyan,warrior,godforms,beyond_god,m0,7,12.75,12.75,12.75,1.0,1.0,14.75,14458.5,2550.0,637.5,14.75,1526.6,9940.1,0.154,235.2,973.7,0.07,0.314,0.314,749.0,749.0
saiyan,warrior,godforms,beyond_god,m100,1,19.12,19.12,19.12,1.0,1.0,22.12,21687.8,3825.0,956.2,22.12,1988.0,14908.7,0.133,65.0,149.2,0.01,0.087,0.087,749.0,749.0
saiyan,warrior,godforms,beyond_god,m100,3,19.12,19.12,19.12,1.0,1.0,22.12,21687.8,3825.0,956.2,22.12,1821.0,14908.7,0.122,117.0,346.2,0.02,0.156,0.156,749.0,749.0
saiyan,warrior,godforms,beyond_god,m100,5,19.12,19.12,19.12,1.0,1.0,22.12,21687.8,3825.0,956.2,22.12,1624.5,14908.7,0.109,195.0,657.2,0.03,0.26,0.26,749.0,749.0
saiyan,warrior,godforms,beyond_god,m100,7,19.12,19.12,19.12,1.0,1.0,22.12,21687.8,3825.0,956.2,22.12,1624.5,14908.7,0.109,247.1,973.7,0.04,0.33,0.33,749.0,749.0
saiyan,warrior,godforms,supersaiyangod,m0,1,16.75,16.75,16.75,1.0,1.0,16.75,18994.5,3350.0,837.5,16.75,2010.4,13057.7,0.154,62.9,148.3,0.01,0.084,0.084,749.0,749.0
saiyan,warrior,godforms,supersaiyangod,m0,3,16.75,16.75,16.75,1.0,1.0,16.75,18994.5,3350.0,837.5,16.75,1804.5,13057.7,0.138,113.2,343.1,0.02,0.151,0.151,749.0,749.0
saiyan,warrior,godforms,supersaiyangod,m0,5,16.75,16.75,16.75,1.0,1.0,16.75,18994.5,3350.0,837.5,16.75,1611.1,13057.7,0.123,188.6,657.2,0.03,0.252,0.252,749.0,749.0
saiyan,warrior,godforms,supersaiyangod,m0,7,16.75,16.75,16.75,1.0,1.0,16.75,18994.5,3350.0,837.5,16.75,1611.1,13057.7,0.123,238.9,973.7,0.05,0.319,0.319,749.0,749.0
saiyan,warrior,godforms,supersaiyangod,m100,1,25.12,25.12,25.12,1.0,1.0,25.12,28491.8,5025.0,1256.2,25.12,2087.2,19585.1,0.107,66.0,151.3,0.01,0.088,0.088,749.0,749.0
saiyan,warrior,godforms,supersaiyangod,m100,3,25.12,25.12,25.12,1.0,1.0,25.12,28491.8,5025.0,1256.2,25.12,1924.8,19585.1,0.098,118.8,366.0,0.01,0.159,0.159,749.0,749.0
saiyan,warrior,godforms,supersaiyangod,m100,5,25.12,25.12,25.12,1.0,1.0,25.12,28491.8,5025.0,1256.2,25.12,1708.6,19585.1,0.087,198.0,657.2,0.02,0.264,0.264,749.0,749.0
saiyan,warrior,godforms,supersaiyangod,m100,7,25.12,25.12,25.12,1.0,1.0,25.12,28491.8,5025.0,1256.2,25.12,1708.6,19585.1,0.087,250.8,973.7,0.03,0.335,0.335,749.0,749.0
saiyan,warrior,godforms,supersaiyanblue,m0,1,32.75,32.75,32.75,1.0,1.0,32.75,37138.5,6550.0,1637.5,32.75,2122.4,25528.1,0.083,68.0,153.2,0.0,0.091,0.091,749.0,749.0
saiyan,warrior,godforms,supersaiyanblue,m0,3,32.75,32.75,32.75,1.0,1.0,32.75,37138.5,6550.0,1637.5,32.75,1996.7,25528.1,0.078,122.5,379.6,0.01,0.163,0.163,749.0,749.0
saiyan,warrior,godforms,supersaiyanblue,m0,5,32.75,32.75,32.75,1.0,1.0,32.75,37138.5,6550.0,1637.5,32.75,1766.9,25528.1,0.069,204.1,657.2,0.02,0.272,0.272,749.0,749.0
saiyan,warrior,godforms,supersaiyanblue,m0,7,32.75,32.75,32.75,1.0,1.0,32.75,37138.5,6550.0,1637.5,32.75,1766.9,25528.1,0.069,258.5,973.7,0.03,0.345,0.345,749.0,749.0
saiyan,warrior,godforms,supersaiyanblue,m100,1,49.12,49.12,49.12,1.0,1.0,49.12,55707.8,9825.0,2456.2,49.12,2151.4,38290.7,0.056,71.1,156.2,0.0,0.095,0.095,749.0,749.0
saiyan,warrior,godforms,supersaiyanblue,m100,3,49.12,49.12,49.12,1.0,1.0,49.12,55707.8,9825.0,2456.2,49.12,2093.4,38290.7,0.055,128.1,398.0,0.01,0.171,0.171,749.0,749.0
saiyan,warrior,godforms,supersaiyanblue,m100,5,49.12,49.12,49.12,1.0,1.0,49.12,55707.8,9825.0,2456.2,49.12,1845.3,38290.7,0.048,213.4,657.2,0.01,0.285,0.285,749.0,749.0
saiyan,warrior,godforms,supersaiyanblue,m100,7,49.12,49.12,49.12,1.0,1.0,49.12,55707.8,9825.0,2456.2,49.12,1845.3,38290.7,0.048,270.4,973.7,0.02,0.361,0.361,749.0,749.0
saiyan,warrior,legendaryforms,ikari,m0,1,3.4,3.4,3.4,1.0,1.0,2.62,3855.6,680.0,170.0,3.4,1539.2,2652.7,0.58,50.6,115.6,0.03,0.068,0.068,749.0,749.0
saiyan,warrior,legendaryforms,ikari,m0,3,3.4,3.4,3.4,1.0,1.0,2.62,3855.6,680.0,170.0,3.4,1759.0,2652.7,0.663,91.1,334.4,0.09,0.122,0.122,749.0,749.0
saiyan,warrior,legendaryforms,ikari,m0,5,3.4,3.4,3.4,1.0,1.0,2.62,3855.6,680.0,170.0,3.4,1278.0,2652.7,0.482,151.8,657.2,0.17,0.203,0.203,749.0,749.0
saiyan,warrior,legendaryforms,ikari,m0,7,3.4,3.4,3.4,1.0,1.0,2.62,3855.6,680.0,170.0,3.4,1278.0,2652.7,0.482,192.3,973.7,0.25,0.257,0.257,749.0,749.0
saiyan,warrior,legendaryforms,ikari,m100,1,5.1,5.1,5.1,1.0,1.0,3.94,5783.4,1020.0,255.0,5.1,1913.5,3977.6,0.481,53.7,139.7,0.02,0.072,0.072,749.0,749.0
saiyan,warrior,legendaryforms,ikari,m100,3,5.1,5.1,5.1,1.0,1.0,3.94,5783.4,1020.0,255.0,5.1,2241.8,3977.6,0.564,96.7,426.2,0.07,0.129,0.129,749.0,749.0
saiyan,warrior,legendaryforms,ikari,m100,5,5.1,5.1,5.1,1.0,1.0,3.94,5783.4,1020.0,255.0,5.1,1523.2,3977.6,0.383,161.2,657.2,0.11,0.215,0.215,749.0,749.0
saiyan,warrior,legendaryforms,ikari,m100,7,5.1,5.1,5.1,1.0,1.0,3.94,5783.4,1020.0,255.0,5.1,1523.2,3977.6,0.383,204.2,973.7,0.17,0.273,0.273,749.0,749.0
saiyan,warrior,legendaryforms,ssjhybrid,m0,1,8.3,8.3,8.3,1.0,1.0,6.25,9412.2,1660.0,415.0,8.3,1766.7,6471.7,0.273,57.5,132.6,0.01,0.077,0.077,749.0,749.0
saiyan,warrior,legendaryforms,ssjhybrid,m0,3,8.3,8.3,8.3,1.0,1.0,6.25,9412.2,1660.0,415.0,8.3,1577.5,6471.7,0.244,103.5,316.5,0.03,0.138,0.138,749.0,749.0
saiyan,warrior,legendaryforms,ssjhybrid,m0,5,8.3,8.3,8.3,1.0,1.0,6.25,9412.2,1660.0,415.0,8.3,1427.1,6471.7,0.221,172.4,657.2,0.07,0.23,0.23,749.0,749.0
saiyan,warrior,legendaryforms,ssjhybrid,m0,7,8.3,8.3,8.3,1.0,1.0,6.25,9412.2,1660.0,415.0,8.3,1427.1,6471.7,0.221,218.4,973.7,0.1,0.292,0.292,749.0,749.0
saiyan,warrior,legendaryforms,ssjhybrid,m100,1,12.45,12.45,12.45,1.0,1.0,9.38,14118.3,2490.0,622.5,12.45,1931.5,9706.2,0.199,60.6,145.0,0.01,0.081,0.081,749.0,749.0
saiyan,warrior,legendaryforms,ssjhybrid,m100,3,12.45,12.45,12.45,1.0,1.0,9.38,14118.3,2490.0,622.5,12.45,1710.7,9706.2,0.176,109.1,325.2,0.02,0.146,0.146,749.0,749.0
saiyan,warrior,legendaryforms,ssjhybrid,m100,5,12.45,12.45,12.45,1.0,1.0,9.38,14118.3,2490.0,622.5,12.45,1535.0,9706.2,0.158,181.8,657.2,0.05,0.243,0.243,749.0,749.0
saiyan,warrior,legendaryforms,ssjhybrid,m100,7,12.45,12.45,12.45,1.0,1.0,9.38,14118.3,2490.0,622.5,12.45,1535.0,9706.2,0.158,230.2,973.7,0.07,0.307,0.307,749.0,749.0
saiyan,warrior,legendaryforms,ssjfullpower,m0,1,14.5,14.5,14.0,1.0,1.0,12.62,16443.0,2900.0,700.0,14.5,1976.6,11301.2,0.175,61.8,147.3,0.01,0.082,0.082,749.0,749.0
saiyan,warrior,legendaryforms,ssjfullpower,m0,3,14.5,14.5,14.0,1.0,1.0,12.62,16443.0,2900.0,700.0,14.5,1759.2,11301.2,0.156,111.2,334.5,0.02,0.148,0.148,749.0,749.0
saiyan,warrior,legendaryforms,ssjfullpower,m0,5,14.5,14.5,14.0,1.0,1.0,12.62,16443.0,2900.0,700.0,14.5,1574.4,11301.2,0.139,185.3,657.2,0.04,0.247,0.247,749.0,749.0
saiyan,warrior,legendaryforms,ssjfullpower,m0,7,14.5,14.5,14.0,1.0,1.0,12.62,16443.0,2900.0,700.0,14.5,1574.4,11301.2,0.139,234.7,973.7,0.06,0.313,0.313,749.0,749.0
saiyan,warrior,legendaryforms,ssjfullpower,m100,1,21.75,21.75,21.0,1.0,1.0,18.94,24664.5,4350.0,1050.0,21.75,2062.9,16950.4,0.122,64.9,150.3,0.01,0.087,0.087,749.0,749.0
saiyan,warrior,legendaryforms,ssjfullpower,m100,3,21.75,21.75,21.0,1.0,1.0,18.94,24664.5,4350.0,1050.0,21.75,1883.1,16950.4,0.111,116.8,358.0,0.01,0.156,0.156,749.0,749.0
saiyan,warrior,legendaryforms,ssjfullpower,m100,5,21.75,21.75,21.0,1.0,1.0,18.94,24664.5,4350.0,1050.0,21.75,1674.8,16950.4,0.099,194.6,657.2,0.03,0.26,0.26,749.0,749.0
saiyan,warrior,legendaryforms,ssjfullpower,m100,7,21.75,21.75,21.0,1.0,1.0,18.94,24664.5,4350.0,1050.0,21.75,1674.8,16950.4,0.099,246.6,973.7,0.04,0.329,0.329,749.0,749.0
saiyan,warrior,oozaru,oozaru,m0,1,1.2,1.2,1.2,1.0,1.0,1.12,1360.8,240.0,60.0,1.2,899.5,938.0,0.959,44.9,102.2,0.08,0.06,0.06,749.0,749.0
saiyan,warrior,oozaru,oozaru,m0,3,1.2,1.2,1.2,1.0,1.0,1.12,1360.8,240.0,60.0,1.2,933.6,938.0,0.995,76.7,316.5,0.23,0.102,0.102,749.0,749.0
saiyan,warrior,oozaru,oozaru,m0,5,1.2,1.2,1.2,1.0,1.0,1.12,1360.8,240.0,60.0,1.2,859.0,938.0,0.916,127.8,657.2,0.48,0.171,0.171,749.0,749.0
saiyan,warrior,oozaru,oozaru,m0,7,1.2,1.2,1.2,1.0,1.0,1.12,1360.8,240.0,60.0,1.2,859.0,938.0,0.916,161.9,973.7,0.72,0.216,0.216,749.0,749.0
saiyan,warrior,oozaru,oozaru,m100,1,1.8,1.8,1.8,1.0,1.0,1.69,2041.2,360.0,90.0,1.8,1114.3,1405.6,0.793,45.7,102.2,0.05,0.061,0.061,749.0,749.0
saiyan,warrior,oozaru,oozaru,m100,3,1.8,1.8,1.8,1.0,1.0,1.69,2041.2,360.0,90.0,1.8,1210.6,1405.6,0.861,82.3,316.5,0.16,0.11,0.11,749.0,749.0
saiyan,warrior,oozaru,oozaru,m100,5,1.8,1.8,1.8,1.0,1.0,1.69,2041.2,360.0,90.0,1.8,999.7,1405.6,0.711,137.1,657.2,0.32,0.183,0.183,749.0,749.0
saiyan,warrior,oozaru,oozaru,m100,7,1.8,1.8,1.8,1.0,1.0,1.69,2041.2,360.0,90.0,1.8,999.7,1405.6,0.711,173.7,973.7,0.48,0.232,0.232,749.0,749.0
saiyan,warrior,oozaru,goldenoozaru,m0,1,10.0,10.0,10.0,1.0,1.0,8.12,11340.0,2000.0,500.0,10.0,1843.1,7796.7,0.236,58.9,138.4,0.01,0.079,0.079,749.0,749.0
saiyan,warrior,oozaru,goldenoozaru,m0,3,10.0,10.0,10.0,1.0,1.0,8.12,11340.0,2000.0,500.0,10.0,1639.2,7796.7,0.21,106.0,316.5,0.03,0.142,0.142,749.0,749.0
saiyan,warrior,oozaru,goldenoozaru,m0,5,10.0,10.0,10.0,1.0,1.0,8.12,11340.0,2000.0,500.0,10.0,1477.1,7796.7,0.189,176.7,657.2,0.06,0.236,0.236,749.0,749.0
saiyan,warrior,oozaru,goldenoozaru,m0,7,10.0,10.0,10.0,1.0,1.0,8.12,11340.0,2000.0,500.0,10.0,1477.1,7796.7,0.189,223.8,973.7,0.09,0.299,0.299,749.0,749.0
saiyan,warrior,oozaru,goldenoozaru,m100,1,15.0,15.0,15.0,1.0,1.0,12.19,17010.0,3000.0,750.0,15.0,1984.9,11693.7,0.17,62.0,147.5,0.01,0.083,0.083,749.0,749.0
saiyan,warrior,oozaru,goldenoozaru,m100,3,15.0,15.0,15.0,1.0,1.0,12.19,17010.0,3000.0,750.0,15.0,1770.1,11693.7,0.151,111.6,336.5,0.02,0.149,0.149,749.0,749.0
saiyan,warrior,oozaru,goldenoozaru,m100,5,15.0,15.0,15.0,1.0,1.0,12.19,17010.0,3000.0,750.0,15.0,1583.1,11693.7,0.135,186.1,657.2,0.04,0.248,0.248,749.0,749.0
saiyan,warrior,oozaru,goldenoozaru,m100,7,15.0,15.0,15.0,1.0,1.0,12.19,17010.0,3000.0,750.0,15.0,1583.1,11693.7,0.135,235.7,973.7,0.06,0.315,0.315,749.0,749.0
saiyan,warrior,oozaru,supersaiyan4,m0,1,14.5,14.5,14.5,1.0,1.0,12.88,16443.0,2900.0,725.0,14.5,1976.7,11304.0,0.175,61.8,147.3,0.01,0.082,0.082,749.0,749.0
saiyan,warrior,oozaru,supersaiyan4,m0,3,14.5,14.5,14.5,1.0,1.0,12.88,16443.0,2900.0,725.0,14.5,1759.4,11304.0,0.156,111.2,334.5,0.02,0.148,0.148,749.0,749.0
saiyan,warrior,oozaru,supersaiyan4,m0,5,14.5,14.5,14.5,1.0,1.0,12.88,16443.0,2900.0,725.0,14.5,1574.5,11304.0,0.139,185.3,657.2,0.04,0.247,0.247,749.0,749.0
saiyan,warrior,oozaru,supersaiyan4,m0,7,14.5,14.5,14.5,1.0,1.0,12.88,16443.0,2900.0,725.0,14.5,1574.5,11304.0,0.139,234.7,973.7,0.06,0.313,0.313,749.0,749.0
saiyan,warrior,oozaru,supersaiyan4,m100,1,21.75,21.75,21.75,1.0,1.0,19.31,24664.5,4350.0,1087.5,21.75,2063.0,16954.7,0.122,64.9,150.3,0.01,0.087,0.087,749.0,749.0
saiyan,warrior,oozaru,supersaiyan4,m100,3,21.75,21.75,21.75,1.0,1.0,19.31,24664.5,4350.0,1087.5,21.75,1883.3,16954.7,0.111,116.8,358.1,0.01,0.156,0.156,749.0,749.0
saiyan,warrior,oozaru,supersaiyan4,m100,5,21.75,21.75,21.75,1.0,1.0,19.31,24664.5,4350.0,1087.5,21.75,1674.9,16954.7,0.099,194.6,657.2,0.03,0.26,0.26,749.0,749.0
saiyan,warrior,oozaru,supersaiyan4,m100,7,21.75,21.75,21.75,1.0,1.0,19.31,24664.5,4350.0,1087.5,21.75,1674.9,16954.7,0.099,246.6,973.7,0.04,0.329,0.329,749.0,749.0
saiyan,warrior,salt,cumber,m0,1,1.3,1.3,1.3,1.3,1.0,1.0,1474.2,260.0,65.0,1.3,941.8,1016.7,0.926,44.9,102.2,0.07,0.06,0.06,749.0,749.0
saiyan,warrior,salt,cumber,m0,3,1.3,1.3,1.3,1.3,1.0,1.0,1474.2,260.0,65.0,1.3,988.2,1016.7,0.972,77.8,316.5,0.21,0.104,0.104,749.0,749.0
saiyan,warrior,salt,cumber,m0,5,1.3,1.3,1.3,1.3,1.0,1.0,1474.2,260.0,65.0,1.3,886.7,1016.7,0.872,129.6,657.2,0.45,0.173,0.173,749.0,749.0
saiyan,warrior,salt,cumber,m0,7,1.3,1.3,1.3,1.3,1.0,1.0,1474.2,260.0,65.0,1.3,886.7,1016.7,0.872,164.2,973.7,0.66,0.219,0.219,749.0,749.0
saiyan,warrior,salt,cumber,m100,1,1.3,1.3,1.3,1.3,1.0,1.0,1474.2,260.0,65.0,1.3,941.8,1016.7,0.926,44.9,102.2,0.07,0.06,0.06,749.0,749.0
saiyan,warrior,salt,cumber,m100,3,1.3,1.3,1.3,1.3,1.0,1.0,1474.2,260.0,65.0,1.3,988.2,1016.7,0.972,77.8,316.5,0.21,0.104,0.104,749.0,749.0
saiyan,warrior,salt,cumber,m100,5,1.3,1.3,1.3,1.3,1.0,1.0,1474.2,260.0,65.0,1.3,886.7,1016.7,0.872,129.6,657.2,0.45,0.173,0.173,749.0,749.0
saiyan,warrior,salt,cumber,m100,7,1.3,1.3,1.3,1.3,1.0,1.0,1474.2,260.0,65.0,1.3,886.7,1016.7,0.872,164.2,973.7,0.66,0.219,0.219,749.0,749.0
saiyan,warrior,ssgrades,supersaiyan,m0,1,3.25,3.25,3.25,1.0,1.0,3.31,3685.5,650.0,162.5,3.31,1503.5,2535.8,0.593,50.4,112.9,0.03,0.067,0.067,749.0,749.0
saiyan,warrior,ssgrades,supersaiyan,m0,3,3.25,3.25,3.25,1.0,1.0,3.31,3685.5,650.0,162.5,3.31,1712.8,2535.8,0.675,90.7,325.6,0.09,0.121,0.121,749.0,749.0
saiyan,warrior,ssgrades,supersaiyan,m0,5,3.25,3.25,3.25,1.0,1.0,3.31,3685.5,650.0,162.5,3.31,1254.6,2535.8,0.495,151.2,657.2,0.18,0.202,0.202,749.0,749.0
saiyan,warrior,ssgrades,supersaiyan,m0,7,3.25,3.25,3.25,1.0,1.0,3.31,3685.5,650.0,162.5,3.31,1254.6,2535.8,0.495,191.5,973.7,0.26,0.256,0.256,749.0,749.0
saiyan,warrior,ssgrades,supersaiyan,m100,1,4.88,4.88,4.88,1.0,1.0,4.97,5528.2,975.0,243.8,4.97,1866.6,3802.3,0.491,53.5,139.5,0.03,0.071,0.071,749.0,749.0
saiyan,warrior,ssgrades,supersaiyan,m100,3,4.88,4.88,4.88,1.0,1.0,4.97,5528.2,975.0,243.8,4.97,2181.3,3802.3,0.574,96.3,414.7,0.08,0.129,0.129,749.0,749.0
saiyan,warrior,ssgrades,supersaiyan,m100,5,4.88,4.88,4.88,1.0,1.0,4.97,5528.2,975.0,243.8,4.97,1492.5,3802.3,0.393,160.6,657.2,0.12,0.214,0.214,749.0,749.0
saiyan,warrior,ssgrades,supersaiyan,m100,7,4.88,4.88,4.88,1.0,1.0,4.97,5528.2,975.0,243.8,4.97,1492.5,3802.3,0.393,203.4,973.7,0.18,0.272,0.272,749.0,749.0
saiyan,warrior,ssgrades,supersaiyangrade2,m0,1,3.75,3.75,3.75,1.0,1.0,3.5,4252.5,750.0,187.5,3.75,1620.6,2925.4,0.554,51.4,121.7,0.03,0.069,0.069,749.0,749.0
saiyan,warrior,ssgrades,supersaiyangrade2,m0,3,3.75,3.75,3.75,1.0,1.0,3.5,4252.5,750.0,187.5,3.75,1864.0,2925.4,0.637,92.5,354.4,0.08,0.123,0.123,749.0,749.0
saiyan,warrior,ssgrades,supersaiyangrade2,m0,5,3.75,3.75,3.75,1.0,1.0,3.5,4252.5,750.0,187.5,3.75,1331.4,2925.4,0.455,154.1,657.2,0.15,0.206,0.206,749.0,749.0
saiyan,warrior,ssgrades,supersaiyangrade2,m0,7,3.75,3.75,3.75,1.0,1.0,3.5,4252.5,750.0,187.5,3.75,1331.4,2925.4,0.455,195.2,973.7,0.23,0.261,0.261,749.0,749.0
saiyan,warrior,ssgrades,supersaiyangrade2,m100,1,5.62,5.62,5.62,1.0,1.0,5.25,6378.8,1125.0,281.2,5.62,2020.5,4386.8,0.461,54.5,140.4,0.02,0.073,0.073,749.0,749.0
saiyan,warrior,ssgrades,supersaiyangrade2,m100,3,5.62,5.62,5.62,1.0,1.0,5.25,6378.8,1125.0,281.2,5.62,2379.8,4386.8,0.542,98.1,434.5,0.07,0.131,0.131,749.0,749.0
saiyan,warrior,ssgrades,supersaiyangrade2,m100,5,5.62,5.62,5.62,1.0,1.0,5.25,6378.8,1125.0,281.2,5.62,1593.3,4386.8,0.363,163.4,657.2,0.1,0.218,0.218,749.0,749.0
saiyan,warrior,ssgrades,supersaiyangrade2,m100,7,5.62,5.62,5.62,1.0,1.0,5.25,6378.8,1125.0,281.2,5.62,1593.3,4386.8,0.363,207.0,973.7,0.15,0.276,0.276,749.0,749.0
saiyan,warrior,ssgrades,supersaiyangrade3,m0,1,4.75,4.75,4.75,1.0,1.0,4.0,5386.5,950.0,237.5,4.75,1840.2,3704.9,0.497,53.2,138.2,0.03,0.071,0.071,749.0,749.0
saiyan,warrior,ssgrades,supersaiyangrade3,m0,3,4.75,4.75,4.75,1.0,1.0,4.0,5386.5,950.0,237.5,4.75,2147.3,3704.9,0.58,95.7,408.3,0.08,0.128,0.128,749.0,749.0
saiyan,warrior,ssgrades,supersaiyangrade3,m0,5,4.75,4.75,4.75,1.0,1.0,4.0,5386.5,950.0,237.5,4.75,1475.2,3704.9,0.398,159.5,657.2,0.12,0.213,0.213,749.0,749.0
saiyan,warrior,ssgrades,supersaiyangrade3,m0,7,4.75,4.75,4.75,1.0,1.0,4.0,5386.5,950.0,237.5,4.75,1475.2,3704.9,0.398,202.1,973.7,0.18,0.27,0.27,749.0,749.0
saiyan,warrior,ssgrades,supersaiyangrade3,m100,1,7.12,7.12,7.12,1.0,1.0,6.0,8079.8,1425.0,356.2,7.12,1703.6,5555.9,0.307,56.3,127.9,0.02,0.075,0.075,749.0,749.0
saiyan,warrior,ssgrades,supersaiyangrade3,m100,3,7.12,7.12,7.12,1.0,1.0,6.0,8079.8,1425.0,356.2,7.12,1526.6,5555.9,0.275,101.3,316.5,0.04,0.135,0.135,749.0,749.0
saiyan,warrior,ssgrades,supersaiyangrade3,m100,5,7.12,7.12,7.12,1.0,1.0,6.0,8079.8,1425.0,356.2,7.12,1385.7,5555.9,0.249,168.9,657.2,0.08,0.225,0.225,749.0,749.0
saiyan,warrior,ssgrades,supersaiyangrade3,m100,7,7.12,7.12,7.12,1.0,1.0,6.0,8079.8,1425.0,356.2,7.12,1385.7,5555.9,0.249,213.9,973.7,0.12,0.286,0.286,749.0,749.0
saiyan,warrior,supersaiyan,supersaiyanmastered,m0,1,3.75,3.75,3.75,1.0,1.0,3.44,4252.5,750.0,187.5,3.75,1620.6,2925.4,0.554,51.4,121.7,0.03,0.069,0.069,749.0,749.0
saiyan,warrior,supersaiyan,supersaiyanmastered,m0,3,3.75,3.75,3.75,1.0,1.0,3.44,4252.5,750.0,187.5,3.75,1864.0,2925.4,0.637,92.5,354.4,0.08,0.123,0.123,749.0,749.0
saiyan,warrior,supersaiyan,supersaiyanmastered,m0,5,3.75,3.75,3.75,1.0,1.0,3.44,4252.5,750.0,187.5,3.75,1331.4,2925.4,0.455,154.1,657.2,0.15,0.206,0.206,749.0,749.0
saiyan,warrior,supersaiyan,supersaiyanmastered,m0,7,3.75,3.75,3.75,1.0,1.0,3.44,4252.5,750.0,187.5,3.75,1331.4,2925.4,0.455,195.2,973.7,0.23,0.261,0.261,749.0,749.0
saiyan,warrior,supersaiyan,supersaiyanmastered,m100,1,5.62,5.62,5.62,1.0,1.0,5.16,6378.8,1125.0,281.2,5.62,2020.5,4386.8,0.461,54.5,140.4,0.02,0.073,0.073,749.0,749.0
saiyan,warrior,supersaiyan,supersaiyanmastered,m100,3,5.62,5.62,5.62,1.0,1.0,5.16,6378.8,1125.0,281.2,5.62,2379.8,4386.8,0.542,98.1,434.5,0.07,0.131,0.131,749.0,749.0
saiyan,warrior,supersaiyan,supersaiyanmastered,m100,5,5.62,5.62,5.62,1.0,1.0,5.16,6378.8,1125.0,281.2,5.62,1593.3,4386.8,0.363,163.4,657.2,0.1,0.218,0.218,749.0,749.0
saiyan,warrior,supersaiyan,supersaiyanmastered,m100,7,5.62,5.62,5.62,1.0,1.0,5.16,6378.8,1125.0,281.2,5.62,1593.3,4386.8,0.363,207.0,973.7,0.15,0.276,0.276,749.0,749.0
saiyan,warrior,supersaiyan,supersaiyan2,m0,1,6.25,6.25,6.25,1.0,1.0,5.81,7087.5,1250.0,312.5,6.25,1649.3,4874.0,0.338,55.3,123.8,0.02,0.074,0.074,749.0,749.0
saiyan,warrior,supersaiyan,supersaiyan2,m0,3,6.25,6.25,6.25,1.0,1.0,5.81,7087.5,1250.0,312.5,6.25,1482.7,4874.0,0.304,99.5,316.5,0.04,0.133,0.133,749.0,749.0
saiyan,warrior,supersaiyan,supersaiyan2,m0,5,6.25,6.25,6.25,1.0,1.0,5.81,7087.5,1250.0,312.5,6.25,1350.1,4874.0,0.277,165.9,657.2,0.09,0.221,0.221,749.0,749.0
saiyan,warrior,supersaiyan,supersaiyan2,m0,7,6.25,6.25,6.25,1.0,1.0,5.81,7087.5,1250.0,312.5,6.25,1350.1,4874.0,0.277,210.1,973.7,0.14,0.281,0.281,749.0,749.0
saiyan,warrior,supersaiyan,supersaiyan2,m100,1,9.38,9.38,9.38,1.0,1.0,8.72,10631.2,1875.0,468.8,9.38,1816.7,7309.6,0.249,58.4,136.4,0.01,0.078,0.078,749.0,749.0
saiyan,warrior,supersaiyan,supersaiyan2,m100,3,9.38,9.38,9.38,1.0,1.0,8.72,10631.2,1875.0,468.8,9.38,1617.9,7309.6,0.221,105.1,316.5,0.03,0.14,0.14,749.0,749.0
saiyan,warrior,supersaiyan,supersaiyan2,m100,5,9.38,9.38,9.38,1.0,1.0,8.72,10631.2,1875.0,468.8,9.38,1459.8,7309.6,0.2,175.2,657.2,0.06,0.234,0.234,749.0,749.0
saiyan,warrior,supersaiyan,supersaiyan2,m100,7,9.38,9.38,9.38,1.0,1.0,8.72,10631.2,1875.0,468.8,9.38,1459.8,7309.6,0.2,222.0,973.7,0.09,0.296,0.296,749.0,749.0
saiyan,warrior,supersaiyan,supersaiyan3,m0,1,10.0,10.0,10.0,1.0,1.0,8.44,11340.0,2000.0,500.0,10.0,1843.1,7796.7,0.236,58.9,138.4,0.01,0.079,0.079,749.0,749.0
saiyan,warrior,supersaiyan,supersaiyan3,m0,3,10.0,10.0,10.0,1.0,1.0,8.44,11340.0,2000.0,500.0,10.0,1639.2,7796.7,0.21,106.0,316.5,0.03,0.142,0.142,749.0,749.0
saiyan,warrior,supersaiyan,supersaiyan3,m0,5,10.0,10.0,10.0,1.0,1.0,8.44,11340.0,2000.0,500.0,10.0,1477.1,7796.7,0.189,176.7,657.2,0.06,0.236,0.236,749.0,749.0
saiyan,warrior,supersaiyan,supersaiyan3,m0,7,10.0,10.0,10.0,1.0,1.0,8.44,11340.0,2000.0,500.0,10.0,1477.1,7796.7,0.189,223.8,973.7,0.09,0.299,0.299,749.0,749.0
saiyan,warrior,supersaiyan,supersaiyan3,m100,1,15.0,15.0,15.0,1.0,1.0,12.66,17010.0,3000.0,750.0,15.0,1984.9,11693.7,0.17,62.0,147.5,0.01,0.083,0.083,749.0,749.0
saiyan,warrior,supersaiyan,supersaiyan3,m100,3,15.0,15.0,15.0,1.0,1.0,12.66,17010.0,3000.0,750.0,15.0,1770.1,11693.7,0.151,111.6,336.5,0.02,0.149,0.149,749.0,749.0
saiyan,warrior,supersaiyan,supersaiyan3,m100,5,15.0,15.0,15.0,1.0,1.0,12.66,17010.0,3000.0,750.0,15.0,1583.1,11693.7,0.135,186.1,657.2,0.04,0.248,0.248,749.0,749.0
saiyan,warrior,supersaiyan,supersaiyan3,m100,7,15.0,15.0,15.0,1.0,1.0,12.66,17010.0,3000.0,750.0,15.0,1583.1,11693.7,0.135,235.7,973.7,0.06,0.315,0.315,749.0,749.0
saiyan,warrior,supersaiyan,supersaiyan4,m0,1,14.5,14.5,14.75,1.0,1.0,12.88,16443.0,2900.0,737.5,14.75,1971.5,11305.4,0.174,61.9,147.4,0.01,0.083,0.083,749.0,749.0
saiyan,warrior,supersaiyan,supersaiyan4,m0,3,14.5,14.5,14.75,1.0,1.0,12.88,16443.0,2900.0,737.5,14.75,1757.1,11305.4,0.155,111.4,334.1,0.02,0.149,0.149,749.0,749.0
saiyan,warrior,supersaiyan,supersaiyan4,m0,5,14.5,14.5,14.75,1.0,1.0,12.88,16443.0,2900.0,737.5,14.75,1572.6,11305.4,0.139,185.7,657.2,0.04,0.248,0.248,749.0,749.0
saiyan,warrior,supersaiyan,supersaiyan4,m0,7,14.5,14.5,14.75,1.0,1.0,12.88,16443.0,2900.0,737.5,14.75,1572.6,11305.4,0.139,235.2,973.7,0.06,0.314,0.314,749.0,749.0
saiyan,warrior,supersaiyan,supersaiyan4,m100,1,21.75,21.75,22.12,1.0,1.0,19.31,24664.5,4350.0,1106.2,22.12,2056.7,16956.8,0.121,65.0,150.4,0.01,0.087,0.087,749.0,749.0
saiyan,warrior,supersaiyan,supersaiyan4,m100,3,21.75,21.75,22.12,1.0,1.0,19.31,24664.5,4350.0,1106.2,22.12,1880.2,16956.8,0.111,117.0,357.5,0.01,0.156,0.156,749.0,749.0
saiyan,warrior,supersaiyan,supersaiyan4,m100,5,21.75,21.75,22.12,1.0,1.0,19.31,24664.5,4350.0,1106.2,22.12,1672.5,16956.8,0.099,195.0,657.2,0.03,0.26,0.26,749.0,749.0
saiyan,warrior,supersaiyan,supersaiyan4,m100,7,21.75,21.75,22.12,1.0,1.0,19.31,24664.5,4350.0,1106.2,22.12,1672.5,16956.8,0.099,247.1,973.7,0.04,0.33,0.33,749.0,749.0
saiyan,berserker,base,Base,m0,1,1.0,1.0,1.0,1.0,1.0,1.0,1547.0,120.0,20.0,1.0,1042.4,1042.4,1.0,93.0,211.6,0.14,0.06,0.06,1550.0,1550.0
saiyan,berserker,base,Base,m0,3,1.0,1.0,1.0,1.0,1.0,1.0,1547.0,120.0,20.0,1.0,1042.4,1042.4,1.0,153.5,654.9,0.42,0.099,0.099,1550.0,1550.0
saiyan,berserker,base,Base,m0,5,1.0,1.0,1.0,1.0,1.0,1.0,1547.0,120.0,20.0,1.0,1042.4,1042.4,1.0,255.8,1360.1,0.88,0.165,0.165,1550.0,1550.0
saiyan,berserker,base,Base,m0,7,1.0,1.0,1.0,1.0,1.0,1.0,1547.0,120.0,20.0,1.0,1042.4,1042.4,1.0,324.0,2015.0,1.3,0.209,0.209,1550.0,1550.0
saiyan,berserker,androidforms,androidbase,m0,1,1.5,1.5,2.75,2.0,2.0,2.0,2320.5,180.0,55.0,2.75,1356.1,1567.3,0.865,163.3,340.9,0.15,0.053,0.065,2497.7,3080.0
saiyan,berserker,androidforms,androidbase,m0,3,1.5,1.5,2.75,2.0,2.0,2.0,2320.5,180.0,55.0,2.75,1447.1,1567.3,0.923,289.9,1040.8,0.45,0.094,0.118,2463.4,3080.0
saiyan,berserker,androidforms,androidbase,m0,5,1.5,1.5,2.75,2.0,2.0,2.0,2320.5,180.0,55.0,2.75,1247.9,1567.3,0.796,477.9,2137.7,0.92,0.155,0.196,2436.1,3080.0
saiyan,berserker,androidforms,androidbase,m0,7,1.5,1.5,2.75,2.0,2.0,2.0,2320.5,180.0,55.0,2.75,1247.9,1567.3,0.796,605.3,3167.0,1.36,0.197,0.248,2436.1,3080.0
saiyan,berserker,androidforms,androidbase,m100,1,2.25,2.25,4.12,3.0,3.0,3.0,3480.8,270.0,82.5,4.12,1665.0,2350.9,0.708,226.7,444.9,0.13,0.049,0.07,3259.2,4610.0
saiyan,berserker,androidforms,androidbase,m100,3,2.25,2.25,4.12,3.0,3.0,3.0,3480.8,270.0,82.5,4.12,1845.7,2350.9,0.785,400.3,1350.9,0.39,0.087,0.125,3197.5,4610.0
saiyan,berserker,androidforms,androidbase,m100,5,2.25,2.25,4.12,3.0,3.0,3.0,3480.8,270.0,82.5,4.12,1450.2,2350.9,0.617,656.9,2762.8,0.79,0.143,0.209,3148.4,4610.0
saiyan,berserker,androidforms,androidbase,m100,7,2.25,2.25,4.12,3.0,3.0,3.0,3480.8,270.0,82.5,4.12,1450.2,2350.9,0.617,832.1,4093.0,1.18,0.181,0.264,3148.4,4610.0
saiyan,berserker,androidforms,supersaiyandroid,m0,1,4.2,4.2,6.75,2.0,2.0,6.2,6497.4,504.0,135.0,6.75,1953.4,4379.9,0.446,186.4,340.9,0.05,0.061,0.075,2497.7,3080.0
saiyan,berserker,androidforms,supersaiyandroid,m0,3,4.2,4.2,6.75,2.0,2.0,6.2,6497.4,504.0,135.0,6.75,1778.4,4379.9,0.406,330.8,1040.8,0.16,0.107,0.134,2463.4,3080.0
saiyan,berserker,androidforms,supersaiyandroid,m0,5,4.2,4.2,6.75,2.0,2.0,6.2,6497.4,504.0,135.0,6.75,1639.1,4379.9,0.374,545.3,2137.7,0.33,0.177,0.224,2436.1,3080.0
saiyan,berserker,androidforms,supersaiyandroid,m0,7,4.2,4.2,6.75,2.0,2.0,6.2,6497.4,504.0,135.0,6.75,1639.1,4379.9,0.374,690.7,3167.0,0.49,0.224,0.284,2436.1,3080.0
saiyan,berserker,androidforms,supersaiyandroid,m100,1,6.3,6.3,10.12,3.0,3.0,9.3,9746.1,756.0,202.5,10.12,2157.9,6569.9,0.328,245.2,425.0,0.04,0.053,0.079,3113.2,4610.0
saiyan,berserker,androidforms,supersaiyandroid,m100,3,6.3,6.3,10.12,3.0,3.0,9.3,9746.1,756.0,202.5,10.12,1943.5,6569.9,0.296,441.4,1315.3,0.13,0.096,0.142,3113.2,4610.0
saiyan,berserker,androidforms,supersaiyandroid,m100,5,6.3,6.3,10.12,3.0,3.0,9.3,9746.1,756.0,202.5,10.12,1773.1,6569.9,0.27,728.4,2704.6,0.28,0.158,0.236,3082.1,4610.0
saiyan,berserker,androidforms,supersaiyandroid,m100,7,6.3,6.3,10.12,3.0,3.0,9.3,9746.1,756.0,202.5,10.12,1773.1,6569.9,0.27,922.6,4006.8,0.41,0.2,0.299,3082.1,4610.0
saiyan,berserker,androidforms,ssdroid2,m0,1,9.0,9.0,14.5,2.0,2.0,13.0,13923.0,1080.0,290.0,14.5,2316.1,9381.6,0.247,199.0,329.4,0.02,0.065,0.082,2413.1,3080.0
saiyan,berserker,androidforms,ssdroid2,m0,3,9.0,9.0,14.5,2.0,2.0,13.0,13923.0,1080.0,290.0,14.5,2084.3,9381.6,0.222,358.2,1019.5,0.07,0.116,0.148,2413.1,3080.0
saiyan,berserker,androidforms,ssdroid2,m0,5,9.0,9.0,14.5,2.0,2.0,13.0,13923.0,1080.0,290.0,14.5,1887.2,9381.6,0.201,597.0,2117.5,0.15,0.194,0.247,2413.1,3080.0
saiyan,berserker,androidforms,ssdroid2,m0,7,9.0,9.0,14.5,2.0,2.0,13.0,13923.0,1080.0,290.0,14.5,1887.2,9381.6,0.201,756.1,3137.0,0.23,0.246,0.313,2413.1,3080.0
saiyan,berserker,androidforms,ssdroid2,m100,1,13.5,13.5,21.75,3.0,3.0,19.5,20884.5,1620.0,435.0,21.75,2433.3,14072.4,0.173,249.3,392.8,0.02,0.054,0.087,2877.5,4610.0
saiyan,berserker,androidforms,ssdroid2,m100,3,13.5,13.5,21.75,3.0,3.0,19.5,20884.5,1620.0,435.0,21.75,2238.1,14072.4,0.159,448.7,1215.7,0.06,0.097,0.156,2877.5,4610.0
saiyan,berserker,androidforms,ssdroid2,m100,5,13.5,13.5,21.75,3.0,3.0,19.5,20884.5,1620.0,435.0,21.75,2011.9,14072.4,0.143,747.8,2525.0,0.12,0.162,0.26,2877.5,4610.0
saiyan,berserker,androidforms,ssdroid2,m100,7,13.5,13.5,21.75,3.0,3.0,19.5,20884.5,1620.0,435.0,21.75,2011.9,14072.4,0.143,947.2,3740.7,0.18,0.205,0.329,2877.5,4610.0
saiyan,berserker,androidforms,ssdroid3,m0,1,19.0,19.0,23.0,2.0,2.0,23.0,29393.0,2280.0,460.0,23.0,2631.6,19784.6,0.133,205.8,322.2,0.01,0.067,0.087,2360.3,3080.0
saiyan,berserker,androidforms,ssdroid3,m0,3,19.0,19.0,23.0,2.0,2.0,23.0,29393.0,2280.0,460.0,23.0,2418.2,19784.6,0.122,370.5,997.2,0.03,0.12,0.157,2360.3,3080.0
saiyan,berserker,androidforms,ssdroid3,m0,5,19.0,19.0,23.0,2.0,2.0,23.0,29393.0,2280.0,460.0,23.0,2157.9,19784.6,0.109,617.4,2071.1,0.07,0.2,0.262,2360.3,3080.0
saiyan,berserker,androidforms,ssdroid3,m0,7,19.0,19.0,23.0,2.0,2.0,23.0,29393.0,2280.0,460.0,23.0,2157.9,19784.6,0.109,782.1,3068.3,0.1,0.254,0.331,2360.3,3080.0
saiyan,berserker,androidforms,ssdroid3,m100,1,28.5,28.5,34.5,3.0,3.0,34.5,44089.5,3420.0,690.0,34.5,2708.8,29676.9,0.091,250.9,374.9,0.01,0.054,0.091,2746.2,4610.0
saiyan,berserker,androidforms,ssdroid3,m100,3,28.5,28.5,34.5,3.0,3.0,34.5,44089.5,3420.0,690.0,34.5,2563.1,29676.9,0.086,451.6,1160.3,0.03,0.098,0.164,2746.2,4610.0
saiyan,berserker,androidforms,ssdroid3,m100,5,28.5,28.5,34.5,3.0,3.0,34.5,44089.5,3420.0,690.0,34.5,2275.4,29676.9,0.077,752.7,2409.8,0.05,0.163,0.274,2746.2,4610.0
saiyan,berserker,androidforms,ssdroid3,m100,7,28.5,28.5,34.5,3.0,3.0,34.5,44089.5,3420.0,690.0,34.5,2275.4,29676.9,0.077,953.4,3570.0,0.08,0.207,0.347,2746.2,4610.0
saiyan,berserker,androidforms,ssdroid4,m0,1,31.0,31.0,36.0,2.0,2.0,34.0,47957.0,3720.0,720.0,36.0,2742.2,32274.5,0.085,212.0,315.2,0.01,0.069,0.092,2309.0,3080.0
saiyan,berserker,androidforms,ssdroid4,m0,3,31.0,31.0,36.0,2.0,2.0,34.0,47957.0,3720.0,720.0,36.0,2602.4,32274.5,0.081,381.5,975.5,0.02,0.124,0.165,2309.0,3080.0
saiyan,berserker,androidforms,ssdroid4,m0,5,31.0,31.0,36.0,2.0,2.0,34.0,47957.0,3720.0,720.0,36.0,2307.2,32274.5,0.071,635.9,2026.1,0.04,0.206,0.275,2309.0,3080.0
saiyan,berserker,androidforms,ssdroid4,m0,7,31.0,31.0,36.0,2.0,2.0,34.0,47957.0,3720.0,720.0,36.0,2307.2,32274.5,0.071,805.5,3001.7,0.06,0.262,0.349,2309.0,3080.0
saiyan,berserker,androidforms,ssdroid4,m100,1,46.5,46.5,54.0,3.0,3.0,51.0,71935.5,5580.0,1080.0,54.0,2776.7,48411.8,0.057,252.0,358.5,0.0,0.055,0.096,2626.1,4610.0
saiyan,berserker,androidforms,ssdroid4,m100,3,46.5,46.5,54.0,3.0,3.0,51.0,71935.5,5580.0,1080.0,54.0,2725.6,48411.8,0.056,453.6,1109.5,0.02,0.098,0.173,2626.1,4610.0
saiyan,berserker,androidforms,ssdroid4,m100,5,46.5,46.5,54.0,3.0,3.0,51.0,71935.5,5580.0,1080.0,54.0,2407.1,48411.8,0.05,756.0,2304.4,0.03,0.164,0.288,2626.1,4610.0
saiyan,berserker,androidforms,ssdroid4,m100,7,46.5,46.5,54.0,3.0,3.0,51.0,71935.5,5580.0,1080.0,54.0,2407.1,48411.8,0.05,957.7,3414.0,0.05,0.208,0.365,2626.1,4610.0
saiyan,berserker,godforms,beyond_god,m0,1,12.75,12.75,12.75,1.0,1.0,14.75,19724.2,1530.0,255.0,14.75,2538.1,13269.9,0.191,128.1,211.6,0.01,0.083,0.083,1550.0,1550.0
saiyan,berserker,godforms,beyond_god,m0,3,12.75,12.75,12.75,1.0,1.0,14.75,19724.2,1530.0,255.0,14.75,2268.4,13269.9,0.171,230.6,654.9,0.03,0.149,0.149,1550.0,1550.0
saiyan,berserker,godforms,beyond_god,m0,5,12.75,12.75,12.75,1.0,1.0,14.75,19724.2,1530.0,255.0,14.75,2036.4,13269.9,0.153,384.3,1360.1,0.07,0.248,0.248,1550.0,1550.0
saiyan,berserker,godforms,beyond_god,m0,7,12.75,12.75,12.75,1.0,1.0,14.75,19724.2,1530.0,255.0,14.75,2036.4,13269.9,0.153,486.7,2015.0,0.1,0.314,0.314,1550.0,1550.0
saiyan,berserker,godforms,beyond_god,m100,1,19.12,19.12,19.12,1.0,1.0,22.12,29586.4,2295.0,382.5,22.12,2652.5,19903.9,0.133,134.5,211.6,0.01,0.087,0.087,1550.0,1550.0
saiyan,berserker,godforms,beyond_god,m100,3,19.12,19.12,19.12,1.0,1.0,22.12,29586.4,2295.0,382.5,22.12,2429.5,19903.9,0.122,242.2,654.9,0.02,0.156,0.156,1550.0,1550.0
saiyan,berserker,godforms,beyond_god,m100,5,19.12,19.12,19.12,1.0,1.0,22.12,29586.4,2295.0,382.5,22.12,2167.1,19903.9,0.109,403.6,1360.1,0.05,0.26,0.26,1550.0,1550.0
saiyan,berserker,godforms,beyond_god,m100,7,19.12,19.12,19.12,1.0,1.0,22.12,29586.4,2295.0,382.5,22.12,2167.1,19903.9,0.109,511.3,2015.0,0.07,0.33,0.33,1550.0,1550.0
saiyan,berserker,godforms,supersaiyangod,m0,1,16.75,16.75,16.75,1.0,1.0,16.75,25912.2,2010.0,335.0,16.75,2682.4,17432.4,0.154,130.1,211.6,0.01,0.084,0.084,1550.0,1550.0
saiyan,berserker,godforms,supersaiyangod,m0,3,16.75,16.75,16.75,1.0,1.0,16.75,25912.2,2010.0,335.0,16.75,2407.5,17432.4,0.138,234.2,654.9,0.03,0.151,0.151,1550.0,1550.0
saiyan,berserker,godforms,supersaiyangod,m0,5,16.75,16.75,16.75,1.0,1.0,16.75,25912.2,2010.0,335.0,16.75,2149.2,17432.4,0.123,390.3,1360.1,0.05,0.252,0.252,1550.0,1550.0
saiyan,berserker,godforms,supersaiyangod,m0,7,16.75,16.75,16.75,1.0,1.0,16.75,25912.2,2010.0,335.0,16.75,2149.2,17432.4,0.123,494.4,2015.0,0.08,0.319,0.319,1550.0,1550.0
saiyan,berserker,godforms,supersaiyangod,m100,1,25.12,25.12,25.12,1.0,1.0,25.12,38868.4,3015.0,502.5,25.12,2785.0,26147.8,0.107,136.6,211.6,0.01,0.088,0.088,1550.0,1550.0
saiyan,berserker,godforms,supersaiyangod,m100,3,25.12,25.12,25.12,1.0,1.0,25.12,38868.4,3015.0,502.5,25.12,2568.1,26147.8,0.098,245.8,654.9,0.02,0.159,0.159,1550.0,1550.0
saiyan,berserker,godforms,supersaiyangod,m100,5,25.12,25.12,25.12,1.0,1.0,25.12,38868.4,3015.0,502.5,25.12,2279.5,26147.8,0.087,409.7,1360.1,0.03,0.264,0.264,1550.0,1550.0
saiyan,berserker,godforms,supersaiyangod,m100,7,25.12,25.12,25.12,1.0,1.0,25.12,38868.4,3015.0,502.5,25.12,2279.5,26147.8,0.087,518.9,2015.0,0.05,0.335,0.335,1550.0,1550.0
saiyan,berserker,godforms,supersaiyanblue,m0,1,32.75,32.75,32.75,1.0,1.0,32.75,50664.2,3930.0,655.0,32.75,2831.9,34082.6,0.083,140.8,212.6,0.0,0.091,0.091,1550.0,1550.0
saiyan,berserker,godforms,supersaiyanblue,m0,3,32.75,32.75,32.75,1.0,1.0,32.75,50664.2,3930.0,655.0,32.75,2664.1,34082.6,0.078,253.4,654.9,0.01,0.163,0.163,1550.0,1550.0
saiyan,berserker,godforms,supersaiyanblue,m0,5,32.75,32.75,32.75,1.0,1.0,32.75,50664.2,3930.0,655.0,32.75,2357.3,34082.6,0.069,422.4,1360.1,0.03,0.272,0.272,1550.0,1550.0
saiyan,berserker,godforms,supersaiyanblue,m0,7,32.75,32.75,32.75,1.0,1.0,32.75,50664.2,3930.0,655.0,32.75,2357.3,34082.6,0.069,535.0,2015.0,0.04,0.345,0.345,1550.0,1550.0
saiyan,berserker,godforms,supersaiyanblue,m100,1,49.12,49.12,49.12,1.0,1.0,49.12,75996.4,5895.0,982.5,49.12,2870.6,51123.1,0.056,147.2,215.5,0.0,0.095,0.095,1550.0,1550.0
saiyan,berserker,godforms,supersaiyanblue,m100,3,49.12,49.12,49.12,1.0,1.0,49.12,75996.4,5895.0,982.5,49.12,2793.2,51123.1,0.055,265.0,654.9,0.01,0.171,0.171,1550.0,1550.0
saiyan,berserker,godforms,supersaiyanblue,m100,5,49.12,49.12,49.12,1.0,1.0,49.12,75996.4,5895.0,982.5,49.12,2462.0,51123.1,0.048,441.7,1360.1,0.02,0.285,0.285,1550.0,1550.0
saiyan,berserker,godforms,supersaiyanblue,m100,7,49.12,49.12,49.12,1.0,1.0,49.12,75996.4,5895.0,982.5,49.12,2462.0,51123.1,0.048,559.5,2015.0,0.03,0.361,0.361,1550.0,1550.0
saiyan,berserker,legendaryforms,ikari,m0,1,3.4,3.4,3.4,1.0,1.0,2.62,5259.8,408.0,68.0,3.4,2053.3,3539.9,0.58,104.7,211.6,0.04,0.068,0.068,1550.0,1550.0
saiyan,berserker,legendaryforms,ikari,m0,3,3.4,3.4,3.4,1.0,1.0,2.62,5259.8,408.0,68.0,3.4,2346.7,3539.9,0.663,188.5,654.9,0.12,0.122,0.122,1550.0,1550.0
saiyan,berserker,legendaryforms,ikari,m0,5,3.4,3.4,3.4,1.0,1.0,2.62,5259.8,408.0,68.0,3.4,1704.6,3539.9,0.482,314.2,1360.1,0.26,0.203,0.203,1550.0,1550.0
saiyan,berserker,legendaryforms,ikari,m0,7,3.4,3.4,3.4,1.0,1.0,2.62,5259.8,408.0,68.0,3.4,1704.6,3539.9,0.482,398.0,2015.0,0.38,0.257,0.257,1550.0,1550.0
saiyan,berserker,legendaryforms,ikari,m100,1,5.1,5.1,5.1,1.0,1.0,3.94,7889.7,612.0,102.0,5.1,2553.0,5309.0,0.481,111.2,211.6,0.03,0.072,0.072,1550.0,1550.0
saiyan,berserker,legendaryforms,ikari,m100,3,5.1,5.1,5.1,1.0,1.0,3.94,7889.7,612.0,102.0,5.1,2991.3,5309.0,0.563,200.1,654.9,0.08,0.129,0.129,1550.0,1550.0
saiyan,berserker,legendaryforms,ikari,m100,5,5.1,5.1,5.1,1.0,1.0,3.94,7889.7,612.0,102.0,5.1,2031.9,5309.0,0.383,333.5,1360.1,0.17,0.215,0.215,1550.0,1550.0
saiyan,berserker,legendaryforms,ikari,m100,7,5.1,5.1,5.1,1.0,1.0,3.94,7889.7,612.0,102.0,5.1,2031.9,5309.0,0.383,422.5,2015.0,0.26,0.273,0.273,1550.0,1550.0
saiyan,berserker,legendaryforms,ssjhybrid,m0,1,8.3,8.3,8.3,1.0,1.0,6.25,12840.1,996.0,166.0,8.3,2357.0,8639.0,0.273,118.9,211.6,0.02,0.077,0.077,1550.0,1550.0
saiyan,berserker,legendaryforms,ssjhybrid,m0,3,8.3,8.3,8.3,1.0,1.0,6.25,12840.1,996.0,166.0,8.3,2104.4,8639.0,0.244,214.1,654.9,0.05,0.138,0.138,1550.0,1550.0
saiyan,berserker,legendaryforms,ssjhybrid,m0,5,8.3,8.3,8.3,1.0,1.0,6.25,12840.1,996.0,166.0,8.3,1903.5,8639.0,0.22,356.8,1360.1,0.11,0.23,0.23,1550.0,1550.0
saiyan,berserker,legendaryforms,ssjhybrid,m0,7,8.3,8.3,8.3,1.0,1.0,6.25,12840.1,996.0,166.0,8.3,1903.5,8639.0,0.22,452.0,2015.0,0.16,0.292,0.292,1550.0,1550.0
saiyan,berserker,legendaryforms,ssjhybrid,m100,1,12.45,12.45,12.45,1.0,1.0,9.38,19260.2,1494.0,249.0,12.45,2577.0,12957.7,0.199,125.4,211.6,0.01,0.081,0.081,1550.0,1550.0
saiyan,berserker,legendaryforms,ssjhybrid,m100,3,12.45,12.45,12.45,1.0,1.0,9.38,19260.2,1494.0,249.0,12.45,2282.2,12957.7,0.176,225.7,654.9,0.03,0.146,0.146,1550.0,1550.0
saiyan,berserker,legendaryforms,ssjhybrid,m100,5,12.45,12.45,12.45,1.0,1.0,9.38,19260.2,1494.0,249.0,12.45,2047.6,12957.7,0.158,376.2,1360.1,0.07,0.243,0.243,1550.0,1550.0
saiyan,berserker,legendaryforms,ssjhybrid,m100,7,12.45,12.45,12.45,1.0,1.0,9.38,19260.2,1494.0,249.0,12.45,2047.6,12957.7,0.158,476.5,2015.0,0.1,0.307,0.307,1550.0,1550.0
saiyan,berserker,legendaryforms,ssjfullpower,m0,1,14.5,14.5,14.0,1.0,1.0,12.62,22431.5,1740.0,280.0,14.5,2637.4,15089.9,0.175,127.8,211.6,0.01,0.082,0.082,1550.0,1550.0
saiyan,berserker,legendaryforms,ssjfullpower,m0,3,14.5,14.5,14.0,1.0,1.0,12.62,22431.5,1740.0,280.0,14.5,2347.2,15089.9,0.156,230.1,654.9,0.03,0.148,0.148,1550.0,1550.0
saiyan,berserker,legendaryforms,ssjfullpower,m0,5,14.5,14.5,14.0,1.0,1.0,12.62,22431.5,1740.0,280.0,14.5,2100.3,15089.9,0.139,383.4,1360.1,0.06,0.247,0.247,1550.0,1550.0
saiyan,berserker,legendaryforms,ssjfullpower,m0,7,14.5,14.5,14.0,1.0,1.0,12.62,22431.5,1740.0,280.0,14.5,2100.3,15089.9,0.139,485.7,2015.0,0.09,0.313,0.313,1550.0,1550.0
saiyan,berserker,legendaryforms,ssjfullpower,m100,1,21.75,21.75,21.0,1.0,1.0,18.94,33647.2,2610.0,420.0,21.75,2752.6,22633.9,0.122,134.3,211.6,0.01,0.087,0.087,1550.0,1550.0
saiyan,berserker,legendaryforms,ssjfullpower,m100,3,21.75,21.75,21.0,1.0,1.0,18.94,33647.2,2610.0,420.0,21.75,2512.6,22633.9,0.111,241.7,654.9,0.02,0.156,0.156,1550.0,1550.0
saiyan,berserker,legendaryforms,ssjfullpower,m100,5,21.75,21.75,21.0,1.0,1.0,18.94,33647.2,2610.0,420.0,21.75,2234.4,22633.9,0.099,402.8,1360.1,0.04,0.26,0.26,1550.0,1550.0
saiyan,berserker,legendaryforms,ssjfullpower,m100,7,21.75,21.75,21.0,1.0,1.0,18.94,33647.2,2610.0,420.0,21.75,2234.4,22633.9,0.099,510.2,2015.0,0.06,0.329,0.329,1550.0,1550.0
saiyan,berserker,oozaru,oozaru,m0,1,1.2,1.2,1.2,1.0,1.0,1.12,1856.4,144.0,24.0,1.2,1199.2,1250.5,0.959,93.0,211.6,0.11,0.06,0.06,1550.0,1550.0
saiyan,berserker,oozaru,oozaru,m0,3,1.2,1.2,1.2,1.0,1.0,1.12,1856.4,144.0,24.0,1.2,1244.7,1250.5,0.995,158.7,654.9,0.35,0.102,0.102,1550.0,1550.0
saiyan,berserker,oozaru,oozaru,m0,5,1.2,1.2,1.2,1.0,1.0,1.12,1856.4,144.0,24.0,1.2,1145.1,1250.5,0.916,264.5,1360.1,0.73,0.171,0.171,1550.0,1550.0
saiyan,berserker,oozaru,oozaru,m0,7,1.2,1.2,1.2,1.0,1.0,1.12,1856.4,144.0,24.0,1.2,1145.1,1250.5,0.916,335.0,2015.0,1.09,0.216,0.216,1550.0,1550.0
saiyan,berserker,oozaru,oozaru,m100,1,1.8,1.8,1.8,1.0,1.0,1.69,2784.6,216.0,36.0,1.8,1485.9,1874.9,0.793,94.6,211.6,0.08,0.061,0.061,1550.0,1550.0
saiyan,berserker,oozaru,oozaru,m100,3,1.8,1.8,1.8,1.0,1.0,1.69,2784.6,216.0,36.0,1.8,1614.6,1874.9,0.861,170.3,654.9,0.24,0.11,0.11,1550.0,1550.0
saiyan,berserker,oozaru,oozaru,m100,5,1.8,1.8,1.8,1.0,1.0,1.69,2784.6,216.0,36.0,1.8,1332.9,1874.9,0.711,283.8,1360.1,0.49,0.183,0.183,1550.0,1550.0
saiyan,berserker,oozaru,oozaru,m100,7,1.8,1.8,1.8,1.0,1.0,1.69,2784.6,216.0,36.0,1.8,1332.9,1874.9,0.711,359.5,2015.0,0.72,0.232,0.232,1550.0,1550.0
saiyan,berserker,oozaru,goldenoozaru,m0,1,10.0,10.0,10.0,1.0,1.0,8.12,15470.0,1200.0,200.0,10.0,2459.0,10408.1,0.236,121.9,211.6,0.01,0.079,0.079,1550.0,1550.0
saiyan,berserker,oozaru,goldenoozaru,m0,3,10.0,10.0,10.0,1.0,1.0,8.12,15470.0,1200.0,200.0,10.0,2186.8,10408.1,0.21,219.4,654.9,0.04,0.142,0.142,1550.0,1550.0
saiyan,berserker,oozaru,goldenoozaru,m0,5,10.0,10.0,10.0,1.0,1.0,8.12,15470.0,1200.0,200.0,10.0,1970.3,10408.1,0.189,365.7,1360.1,0.09,0.236,0.236,1550.0,1550.0
saiyan,berserker,oozaru,goldenoozaru,m0,7,10.0,10.0,10.0,1.0,1.0,8.12,15470.0,1200.0,200.0,10.0,1970.3,10408.1,0.189,463.2,2015.0,0.13,0.299,0.299,1550.0,1550.0
saiyan,berserker,oozaru,goldenoozaru,m100,1,15.0,15.0,15.0,1.0,1.0,12.19,23205.0,1800.0,300.0,15.0,2648.4,15611.3,0.17,128.4,211.6,0.01,0.083,0.083,1550.0,1550.0
saiyan,berserker,oozaru,goldenoozaru,m100,3,15.0,15.0,15.0,1.0,1.0,12.19,23205.0,1800.0,300.0,15.0,2361.5,15611.3,0.151,231.0,654.9,0.03,0.149,0.149,1550.0,1550.0
saiyan,berserker,oozaru,goldenoozaru,m100,5,15.0,15.0,15.0,1.0,1.0,12.19,23205.0,1800.0,300.0,15.0,2111.9,15611.3,0.135,385.1,1360.1,0.06,0.248,0.248,1550.0,1550.0
saiyan,berserker,oozaru,goldenoozaru,m100,7,15.0,15.0,15.0,1.0,1.0,12.19,23205.0,1800.0,300.0,15.0,2111.9,15611.3,0.135,487.7,2015.0,0.09,0.315,0.315,1550.0,1550.0
saiyan,berserker,oozaru,supersaiyan4,m0,1,14.5,14.5,14.5,1.0,1.0,12.88,22431.5,1740.0,290.0,14.5,2637.5,15091.0,0.175,127.8,211.6,0.01,0.082,0.082,1550.0,1550.0
saiyan,berserker,oozaru,supersaiyan4,m0,3,14.5,14.5,14.5,1.0,1.0,12.88,22431.5,1740.0,290.0,14.5,2347.2,15091.0,0.156,230.1,654.9,0.03,0.148,0.148,1550.0,1550.0
saiyan,berserker,oozaru,supersaiyan4,m0,5,14.5,14.5,14.5,1.0,1.0,12.88,22431.5,1740.0,290.0,14.5,2100.3,15091.0,0.139,383.4,1360.1,0.06,0.247,0.247,1550.0,1550.0
saiyan,berserker,oozaru,supersaiyan4,m0,7,14.5,14.5,14.5,1.0,1.0,12.88,22431.5,1740.0,290.0,14.5,2100.3,15091.0,0.139,485.7,2015.0,0.09,0.313,0.313,1550.0,1550.0
saiyan,berserker,oozaru,supersaiyan4,m100,1,21.75,21.75,21.75,1.0,1.0,19.31,33647.2,2610.0,435.0,21.75,2752.6,22635.6,0.122,134.3,211.6,0.01,0.087,0.087,1550.0,1550.0
saiyan,berserker,oozaru,supersaiyan4,m100,3,21.75,21.75,21.75,1.0,1.0,19.31,33647.2,2610.0,435.0,21.75,2512.6,22635.6,0.111,241.7,654.9,0.02,0.156,0.156,1550.0,1550.0
saiyan,berserker,oozaru,supersaiyan4,m100,5,21.75,21.75,21.75,1.0,1.0,19.31,33647.2,2610.0,435.0,21.75,2234.5,22635.6,0.099,402.8,1360.1,0.04,0.26,0.26,1550.0,1550.0
saiyan,berserker,oozaru,supersaiyan4,m100,7,21.75,21.75,21.75,1.0,1.0,19.31,33647.2,2610.0,435.0,21.75,2234.5,22635.6,0.099,510.2,2015.0,0.06,0.329,0.329,1550.0,1550.0
saiyan,berserker,salt,cumber,m0,1,1.3,1.3,1.3,1.3,1.0,1.0,2011.1,156.0,26.0,1.3,1255.3,1355.1,0.926,93.0,211.6,0.11,0.06,0.06,1550.0,1550.0
saiyan,berserker,salt,cumber,m0,3,1.3,1.3,1.3,1.3,1.0,1.0,2011.1,156.0,26.0,1.3,1317.0,1355.1,0.972,161.0,654.9,0.33,0.104,0.104,1550.0,1550.0
saiyan,berserker,salt,cumber,m0,5,1.3,1.3,1.3,1.3,1.0,1.0,2011.1,156.0,26.0,1.3,1181.8,1355.1,0.872,268.3,1360.1,0.68,0.173,0.173,1550.0,1550.0
saiyan,berserker,salt,cumber,m0,7,1.3,1.3,1.3,1.3,1.0,1.0,2011.1,156.0,26.0,1.3,1181.8,1355.1,0.872,339.8,2015.0,1.0,0.219,0.219,1550.0,1550.0
saiyan,berserker,salt,cumber,m100,1,1.3,1.3,1.3,1.3,1.0,1.0,2011.1,156.0,26.0,1.3,1255.3,1355.1,0.926,93.0,211.6,0.11,0.06,0.06,1550.0,1550.0
saiyan,berserker,salt,cumber,m100,3,1.3,1.3,1.3,1.3,1.0,1.0,2011.1,156.0,26.0,1.3,1317.0,1355.1,0.972,161.0,654.9,0.33,0.104,0.104,1550.0,1550.0
saiyan,berserker,salt,cumber,m100,5,1.3,1.3,1.3,1.3,1.0,1.0,2011.1,156.0,26.0,1.3,1181.8,1355.1,0.872,268.3,1360.1,0.68,0.173,0.173,1550.0,1550.0
saiyan,berserker,salt,cumber,m100,7,1.3,1.3,1.3,1.3,1.0,1.0,2011.1,156.0,26.0,1.3,1181.8,1355.1,0.872,339.8,2015.0,1.0,0.219,0.219,1550.0,1550.0
saiyan,berserker,ssgrades,supersaiyan,m0,1,3.25,3.25,3.25,1.0,1.0,3.31,5027.8,390.0,65.0,3.31,2005.5,3383.8,0.593,104.3,211.6,0.04,0.067,0.067,1550.0,1550.0
saiyan,berserker,ssgrades,supersaiyan,m0,3,3.25,3.25,3.25,1.0,1.0,3.31,5027.8,390.0,65.0,3.31,2285.0,3383.8,0.675,187.8,654.9,0.13,0.121,0.121,1550.0,1550.0
saiyan,berserker,ssgrades,supersaiyan,m0,5,3.25,3.25,3.25,1.0,1.0,3.31,5027.8,390.0,65.0,3.31,1673.3,3383.8,0.494,312.9,1360.1,0.27,0.202,0.202,1550.0,1550.0
saiyan,berserker,ssgrades,supersaiyan,m0,7,3.25,3.25,3.25,1.0,1.0,3.31,5027.8,390.0,65.0,3.31,1673.3,3383.8,0.494,396.4,2015.0,0.4,0.256,0.256,1550.0,1550.0
saiyan,berserker,ssgrades,supersaiyan,m100,1,4.88,4.88,4.88,1.0,1.0,4.97,7541.6,585.0,97.5,4.97,2490.4,5074.9,0.491,110.8,211.6,0.03,0.071,0.071,1550.0,1550.0
saiyan,berserker,ssgrades,supersaiyan,m100,3,4.88,4.88,4.88,1.0,1.0,4.97,7541.6,585.0,97.5,4.97,2910.6,5074.9,0.574,199.4,654.9,0.09,0.129,0.129,1550.0,1550.0
saiyan,berserker,ssgrades,supersaiyan,m100,5,4.88,4.88,4.88,1.0,1.0,4.97,7541.6,585.0,97.5,4.97,1990.8,5074.9,0.392,332.3,1360.1,0.18,0.214,0.214,1550.0,1550.0
saiyan,berserker,ssgrades,supersaiyan,m100,7,4.88,4.88,4.88,1.0,1.0,4.97,7541.6,585.0,97.5,4.97,1990.8,5074.9,0.392,420.9,2015.0,0.27,0.272,0.272,1550.0,1550.0
saiyan,berserker,ssgrades,supersaiyangrade2,m0,1,3.75,3.75,3.75,1.0,1.0,3.5,5801.2,450.0,75.0,3.75,2162.0,3904.1,0.554,106.3,211.6,0.04,0.069,0.069,1550.0,1550.0
saiyan,berserker,ssgrades,supersaiyangrade2,m0,3,3.75,3.75,3.75,1.0,1.0,3.5,5801.2,450.0,75.0,3.75,2486.9,3904.1,0.637,191.3,654.9,0.11,0.123,0.123,1550.0,1550.0
saiyan,berserker,ssgrades,supersaiyangrade2,m0,5,3.75,3.75,3.75,1.0,1.0,3.5,5801.2,450.0,75.0,3.75,1775.7,3904.1,0.455,318.9,1360.1,0.23,0.206,0.206,1550.0,1550.0
saiyan,berserker,ssgrades,supersaiyangrade2,m0,7,3.75,3.75,3.75,1.0,1.0,3.5,5801.2,450.0,75.0,3.75,1775.7,3904.1,0.455,403.9,2015.0,0.35,0.261,0.261,1550.0,1550.0
saiyan,berserker,ssgrades,supersaiyangrade2,m100,1,5.62,5.62,5.62,1.0,1.0,5.25,8701.9,675.0,112.5,5.62,2695.8,5855.3,0.46,112.7,211.6,0.02,0.073,0.073,1550.0,1550.0
saiyan,berserker,ssgrades,supersaiyangrade2,m100,3,5.62,5.62,5.62,1.0,1.0,5.25,8701.9,675.0,112.5,5.62,3175.7,5855.3,0.542,202.9,654.9,0.08,0.131,0.131,1550.0,1550.0
saiyan,berserker,ssgrades,supersaiyangrade2,m100,5,5.62,5.62,5.62,1.0,1.0,5.25,8701.9,675.0,112.5,5.62,2125.4,5855.3,0.363,338.2,1360.1,0.16,0.218,0.218,1550.0,1550.0
saiyan,berserker,ssgrades,supersaiyangrade2,m100,7,5.62,5.62,5.62,1.0,1.0,5.25,8701.9,675.0,112.5,5.62,2125.4,5855.3,0.363,428.4,2015.0,0.23,0.276,0.276,1550.0,1550.0
saiyan,berserker,ssgrades,supersaiyangrade3,m0,1,4.75,4.75,4.75,1.0,1.0,4.0,7348.2,570.0,95.0,4.75,2455.2,4944.8,0.497,110.1,211.6,0.03,0.071,0.071,1550.0,1550.0
saiyan,berserker,ssgrades,supersaiyangrade3,m0,3,4.75,4.75,4.75,1.0,1.0,4.0,7348.2,570.0,95.0,4.75,2865.2,4944.8,0.579,198.1,654.9,0.09,0.128,0.128,1550.0,1550.0
saiyan,berserker,ssgrades,supersaiyangrade3,m0,5,4.75,4.75,4.75,1.0,1.0,4.0,7348.2,570.0,95.0,4.75,1967.8,4944.8,0.398,330.2,1360.1,0.19,0.213,0.213,1550.0,1550.0
saiyan,berserker,ssgrades,supersaiyangrade3,m0,7,4.75,4.75,4.75,1.0,1.0,4.0,7348.2,570.0,95.0,4.75,1967.8,4944.8,0.398,418.2,2015.0,0.27,0.27,0.27,1550.0,1550.0
saiyan,berserker,ssgrades,supersaiyangrade3,m100,1,7.12,7.12,7.12,1.0,1.0,6.0,11022.4,855.0,142.5,7.12,2272.8,7416.3,0.306,116.5,211.6,0.02,0.075,0.075,1550.0,1550.0
saiyan,berserker,ssgrades,supersaiyangrade3,m100,3,7.12,7.12,7.12,1.0,1.0,6.0,11022.4,855.0,142.5,7.12,2036.4,7416.3,0.275,209.7,654.9,0.06,0.135,0.135,1550.0,1550.0
saiyan,berserker,ssgrades,supersaiyangrade3,m100,5,7.12,7.12,7.12,1.0,1.0,6.0,11022.4,855.0,142.5,7.12,1848.4,7416.3,0.249,349.5,1360.1,0.12,0.225,0.225,1550.0,1550.0
saiyan,berserker,ssgrades,supersaiyangrade3,m100,7,7.12,7.12,7.12,1.0,1.0,6.0,11022.4,855.0,142.5,7.12,1848.4,7416.3,0.249,442.7,2015.0,0.18,0.286,0.286,1550.0,1550.0
saiyan,berserker,supersaiyan,supersaiyanmastered,m0,1,3.75,3.75,3.75,1.0,1.0,3.44,5801.2,450.0,75.0,3.75,2162.0,3904.1,0.554,106.3,211.6,0.04,0.069,0.069,1550.0,1550.0
saiyan,berserker,supersaiyan,supersaiyanmastered,m0,3,3.75,3.75,3.75,1.0,1.0,3.44,5801.2,450.0,75.0,3.75,2486.9,3904.1,0.637,191.3,654.9,0.11,0.123,0.123,1550.0,1550.0
saiyan,berserker,supersaiyan,supersaiyanmastered,m0,5,3.75,3.75,3.75,1.0,1.0,3.44,5801.2,450.0,75.0,3.75,1775.7,3904.1,0.455,318.9,1360.1,0.23,0.206,0.206,1550.0,1550.0
saiyan,berserker,supersaiyan,supersaiyanmastered,m0,7,3.75,3.75,3.75,1.0,1.0,3.44,5801.2,450.0,75.0,3.75,1775.7,3904.1,0.455,403.9,2015.0,0.35,0.261,0.261,1550.0,1550.0
saiyan,berserker,supersaiyan,supersaiyanmastered,m100,1,5.62,5.62,5.62,1.0,1.0,5.16,8701.9,675.0,112.5,5.62,2695.8,5855.3,0.46,112.7,211.6,0.02,0.073,0.073,1550.0,1550.0
saiyan,berserker,supersaiyan,supersaiyanmastered,m100,3,5.62,5.62,5.62,1.0,1.0,5.16,8701.9,675.0,112.5,5.62,3175.7,5855.3,0.542,202.9,654.9,0.08,0.131,0.131,1550.0,1550.0
saiyan,berserker,supersaiyan,supersaiyanmastered,m100,5,5.62,5.62,5.62,1.0,1.0,5.16,8701.9,675.0,112.5,5.62,2125.4,5855.3,0.363,338.2,1360.1,0.16,0.218,0.218,1550.0,1550.0
saiyan,berserker,supersaiyan,supersaiyanmastered,m100,7,5.62,5.62,5.62,1.0,1.0,5.16,8701.9,675.0,112.5,5.62,2125.4,5855.3,0.363,428.4,2015.0,0.23,0.276,0.276,1550.0,1550.0
saiyan,berserker,supersaiyan,supersaiyan2,m0,1,6.25,6.25,6.25,1.0,1.0,5.81,9668.8,750.0,125.0,6.25,2200.2,6505.7,0.338,114.4,211.6,0.02,0.074,0.074,1550.0,1550.0
saiyan,berserker,supersaiyan,supersaiyan2,m0,3,6.25,6.25,6.25,1.0,1.0,5.81,9668.8,750.0,125.0,6.25,1977.8,6505.7,0.304,206.0,654.9,0.07,0.133,0.133,1550.0,1550.0
saiyan,berserker,supersaiyan,supersaiyan2,m0,5,6.25,6.25,6.25,1.0,1.0,5.81,9668.8,750.0,125.0,6.25,1800.8,6505.7,0.277,343.3,1360.1,0.14,0.221,0.221,1550.0,1550.0
saiyan,berserker,supersaiyan,supersaiyan2,m0,7,6.25,6.25,6.25,1.0,1.0,5.81,9668.8,750.0,125.0,6.25,1800.8,6505.7,0.277,434.8,2015.0,0.21,0.281,0.281,1550.0,1550.0
saiyan,berserker,supersaiyan,supersaiyan2,m100,1,9.38,9.38,9.38,1.0,1.0,8.72,14503.1,1125.0,187.5,9.38,2423.8,9757.7,0.248,120.9,211.6,0.01,0.078,0.078,1550.0,1550.0
saiyan,berserker,supersaiyan,supersaiyan2,m100,3,9.38,9.38,9.38,1.0,1.0,8.72,14503.1,1125.0,187.5,9.38,2158.4,9757.7,0.221,217.6,654.9,0.05,0.14,0.14,1550.0,1550.0
saiyan,berserker,supersaiyan,supersaiyan2,m100,5,9.38,9.38,9.38,1.0,1.0,8.72,14503.1,1125.0,187.5,9.38,1947.3,9757.7,0.2,362.6,1360.1,0.09,0.234,0.234,1550.0,1550.0
saiyan,berserker,supersaiyan,supersaiyan2,m100,7,9.38,9.38,9.38,1.0,1.0,8.72,14503.1,1125.0,187.5,9.38,1947.3,9757.7,0.2,459.3,2015.0,0.14,0.296,0.296,1550.0,1550.0
saiyan,berserker,supersaiyan,supersaiyan3,m0,1,10.0,10.0,10.0,1.0,1.0,8.44,15470.0,1200.0,200.0,10.0,2459.0,10408.1,0.236,121.9,211.6,0.01,0.079,0.079,1550.0,1550.0
saiyan,berserker,supersaiyan,supersaiyan3,m0,3,10.0,10.0,10.0,1.0,1.0,8.44,15470.0,1200.0,200.0,10.0,2186.8,10408.1,0.21,219.4,654.9,0.04,0.142,0.142,1550.0,1550.0
saiyan,berserker,supersaiyan,supersaiyan3,m0,5,10.0,10.0,10.0,1.0,1.0,8.44,15470.0,1200.0,200.0,10.0,1970.3,10408.1,0.189,365.7,1360.1,0.09,0.236,0.236,1550.0,1550.0
saiyan,berserker,supersaiyan,supersaiyan3,m0,7,10.0,10.0,10.0,1.0,1.0,8.44,15470.0,1200.0,200.0,10.0,1970.3,10408.1,0.189,463.2,2015.0,0.13,0.299,0.299,1550.0,1550.0
saiyan,berserker,supersaiyan,supersaiyan3,m100,1,15.0,15.0,15.0,1.0,1.0,12.66,23205.0,1800.0,300.0,15.0,2648.4,15611.3,0.17,128.4,211.6,0.01,0.083,0.083,1550.0,1550.0
saiyan,berserker,supersaiyan,supersaiyan3,m100,3,15.0,15.0,15.0,1.0,1.0,12.66,23205.0,1800.0,300.0,15.0,2361.5,15611.3,0.151,231.0,654.9,0.03,0.149,0.149,1550.0,1550.0
saiyan,berserker,supersaiyan,supersaiyan3,m100,5,15.0,15.0,15.0,1.0,1.0,12.66,23205.0,1800.0,300.0,15.0,2111.9,15611.3,0.135,385.1,1360.1,0.06,0.248,0.248,1550.0,1550.0
saiyan,berserker,supersaiyan,supersaiyan3,m100,7,15.0,15.0,15.0,1.0,1.0,12.66,23205.0,1800.0,300.0,15.0,2111.9,15611.3,0.135,487.7,2015.0,0.09,0.315,0.315,1550.0,1550.0
saiyan,berserker,supersaiyan,supersaiyan4,m0,1,14.5,14.5,14.75,1.0,1.0,12.88,22431.5,1740.0,295.0,14.75,2630.4,15091.6,0.174,128.1,211.6,0.01,0.083,0.083,1550.0,1550.0
saiyan,berserker,supersaiyan,supersaiyan4,m0,3,14.5,14.5,14.75,1.0,1.0,12.88,22431.5,1740.0,295.0,14.75,2344.1,15091.6,0.155,230.6,654.9,0.03,0.149,0.149,1550.0,1550.0
saiyan,berserker,supersaiyan,supersaiyan4,m0,5,14.5,14.5,14.75,1.0,1.0,12.88,22431.5,1740.0,295.0,14.75,2097.8,15091.6,0.139,384.3,1360.1,0.06,0.248,0.248,1550.0,1550.0
saiyan,berserker,supersaiyan,supersaiyan4,m0,7,14.5,14.5,14.75,1.0,1.0,12.88,22431.5,1740.0,295.0,14.75,2097.8,15091.6,0.139,486.7,2015.0,0.09,0.314,0.314,1550.0,1550.0
saiyan,berserker,supersaiyan,supersaiyan4,m100,1,21.75,21.75,22.12,1.0,1.0,19.31,33647.2,2610.0,442.5,22.12,2744.2,22636.5,0.121,134.5,211.6,0.01,0.087,0.087,1550.0,1550.0
saiyan,berserker,supersaiyan,supersaiyan4,m100,3,21.75,21.75,22.12,1.0,1.0,19.31,33647.2,2610.0,442.5,22.12,2508.5,22636.5,0.111,242.2,654.9,0.02,0.156,0.156,1550.0,1550.0
saiyan,berserker,supersaiyan,supersaiyan4,m100,5,21.75,21.75,22.12,1.0,1.0,19.31,33647.2,2610.0,442.5,22.12,2231.2,22636.5,0.099,403.6,1360.1,0.04,0.26,0.26,1550.0,1550.0
saiyan,berserker,supersaiyan,supersaiyan4,m100,7,21.75,21.75,22.12,1.0,1.0,19.31,33647.2,2610.0,442.5,22.12,2231.2,22636.5,0.099,511.3,2015.0,0.06,0.33,0.33,1550.0,1550.0
saiyan,spiritualist,base,Base,m0,1,1.0,1.0,1.0,1.0,1.0,1.0,45.0,100.0,1729.0,1.0,1188.7,1188.7,1.0,30.6,69.6,0.04,0.06,0.06,510.0,510.0
saiyan,spiritualist,base,Base,m0,3,1.0,1.0,1.0,1.0,1.0,1.0,45.0,100.0,1729.0,1.0,1188.7,1188.7,1.0,50.5,215.5,0.12,0.099,0.099,510.0,510.0
saiyan,spiritualist,base,Base,m0,5,1.0,1.0,1.0,1.0,1.0,1.0,45.0,100.0,1729.0,1.0,1188.7,1188.7,1.0,84.1,447.5,0.26,0.165,0.165,510.0,510.0
saiyan,spiritualist,base,Base,m0,7,1.0,1.0,1.0,1.0,1.0,1.0,45.0,100.0,1729.0,1.0,1188.7,1188.7,1.0,106.6,663.0,0.38,0.209,0.209,510.0,510.0
saiyan,spiritualist,androidforms,androidbase,m0,1,1.5,1.5,2.75,2.0,2.0,2.0,67.5,150.0,4754.8,2.75,2085.3,3228.4,0.646,53.0,146.4,0.03,0.053,0.065,810.9,1000.0
saiyan,spiritualist,androidforms,androidbase,m0,3,1.5,1.5,2.75,2.0,2.0,2.0,67.5,150.0,4754.8,2.75,2345.4,3228.4,0.726,94.1,445.9,0.09,0.094,0.118,799.8,1000.0
saiyan,spiritualist,androidforms,androidbase,m0,5,1.5,1.5,2.75,2.0,2.0,2.0,67.5,150.0,4754.8,2.75,1776.0,3228.4,0.55,155.2,694.1,0.15,0.155,0.196,790.9,1000.0
saiyan,spiritualist,androidforms,androidbase,m0,7,1.5,1.5,2.75,2.0,2.0,2.0,67.5,150.0,4754.8,2.75,1776.0,3228.4,0.55,196.5,1028.2,0.22,0.197,0.248,790.9,1000.0
saiyan,spiritualist,androidforms,androidbase,m100,1,2.25,2.25,4.12,3.0,3.0,3.0,101.2,225.0,7132.1,4.12,2577.7,4842.7,0.532,73.3,193.5,0.03,0.049,0.07,1053.4,1490.0
saiyan,spiritualist,androidforms,androidbase,m100,3,2.25,2.25,4.12,3.0,3.0,3.0,101.2,225.0,7132.1,4.12,2980.7,4842.7,0.616,129.4,566.7,0.08,0.087,0.125,1033.5,1490.0
saiyan,spiritualist,androidforms,androidbase,m100,5,2.25,2.25,4.12,3.0,3.0,3.0,101.2,225.0,7132.1,4.12,2098.5,4842.7,0.433,212.3,893.0,0.13,0.143,0.209,1017.6,1490.0
saiyan,spiritualist,androidforms,androidbase,m100,7,2.25,2.25,4.12,3.0,3.0,3.0,101.2,225.0,7132.1,4.12,2098.5,4842.7,0.433,269.0,1322.9,0.19,0.181,0.264,1017.6,1490.0
saiyan,spiritualist,androidforms,supersaiyandroid,m0,1,4.2,4.2,6.75,2.0,2.0,6.2,189.0,420.0,11670.8,6.75,2538.0,7854.3,0.323,60.5,153.4,0.01,0.061,0.075,810.9,1000.0
saiyan,spiritualist,androidforms,supersaiyandroid,m0,3,4.2,4.2,6.75,2.0,2.0,6.2,189.0,420.0,11670.8,6.75,2278.8,7854.3,0.29,107.4,433.3,0.04,0.107,0.134,799.8,1000.0
saiyan,spiritualist,androidforms,supersaiyandroid,m0,5,4.2,4.2,6.75,2.0,2.0,6.2,189.0,420.0,11670.8,6.75,2072.6,7854.3,0.264,177.0,694.1,0.06,0.177,0.224,790.9,1000.0
saiyan,spiritualist,androidforms,supersaiyandroid,m0,7,4.2,4.2,6.75,2.0,2.0,6.2,189.0,420.0,11670.8,6.75,2072.6,7854.3,0.264,224.2,1028.2,0.09,0.224,0.284,790.9,1000.0
saiyan,spiritualist,androidforms,supersaiyandroid,m100,1,6.3,6.3,10.12,3.0,3.0,9.3,283.5,630.0,17506.1,10.12,2791.5,11781.5,0.237,79.3,194.4,0.01,0.053,0.079,1006.2,1490.0
saiyan,spiritualist,androidforms,supersaiyandroid,m100,3,6.3,6.3,10.12,3.0,3.0,9.3,283.5,630.0,17506.1,10.12,2483.6,11781.5,0.211,142.7,472.2,0.03,0.096,0.142,1006.2,1490.0
saiyan,spiritualist,androidforms,supersaiyandroid,m100,5,6.3,6.3,10.12,3.0,3.0,9.3,283.5,630.0,17506.1,10.12,2238.6,11781.5,0.19,235.4,874.1,0.05,0.158,0.236,996.2,1490.0
saiyan,spiritualist,androidforms,supersaiyandroid,m100,7,6.3,6.3,10.12,3.0,3.0,9.3,283.5,630.0,17506.1,10.12,2238.6,11781.5,0.19,298.2,1295.0,0.07,0.2,0.299,996.2,1490.0
saiyan,spiritualist,androidforms,ssdroid2,m0,1,9.0,9.0,14.5,2.0,2.0,13.0,405.0,900.0,25070.5,14.5,2977.9,16810.0,0.177,64.6,154.1,0.01,0.065,0.082,783.5,1000.0
saiyan,spiritualist,androidforms,ssdroid2,m0,3,9.0,9.0,14.5,2.0,2.0,13.0,405.0,900.0,25070.5,14.5,2652.3,16810.0,0.158,116.3,476.9,0.02,0.116,0.148,783.5,1000.0
saiyan,spiritualist,androidforms,ssdroid2,m0,5,9.0,9.0,14.5,2.0,2.0,13.0,405.0,900.0,25070.5,14.5,2375.4,16810.0,0.141,193.8,729.5,0.03,0.194,0.247,783.5,1000.0
saiyan,spiritualist,androidforms,ssdroid2,m0,7,9.0,9.0,14.5,2.0,2.0,13.0,405.0,900.0,25070.5,14.5,2375.4,16810.0,0.141,245.5,1018.5,0.04,0.246,0.313,783.5,1000.0
saiyan,spiritualist,androidforms,ssdroid2,m100,1,13.5,13.5,21.75,3.0,3.0,19.5,607.5,1350.0,37605.8,21.75,3110.0,25214.9,0.123,80.6,186.6,0.0,0.054,0.087,930.0,1490.0
saiyan,spiritualist,androidforms,ssdroid2,m100,3,13.5,13.5,21.75,3.0,3.0,19.5,607.5,1350.0,37605.8,21.75,2840.4,25214.9,0.113,145.0,540.0,0.01,0.097,0.156,930.0,1490.0
saiyan,spiritualist,androidforms,ssdroid2,m100,5,13.5,13.5,21.75,3.0,3.0,19.5,607.5,1350.0,37605.8,21.75,2527.9,25214.9,0.1,241.7,816.1,0.02,0.162,0.26,930.0,1490.0
saiyan,spiritualist,androidforms,ssdroid2,m100,7,13.5,13.5,21.75,3.0,3.0,19.5,607.5,1350.0,37605.8,21.75,2527.9,25214.9,0.1,306.1,1209.0,0.03,0.205,0.329,930.0,1490.0
saiyan,spiritualist,androidforms,ssdroid3,m0,1,19.0,19.0,23.0,2.0,2.0,23.0,855.0,1900.0,39767.0,23.0,3123.2,26709.5,0.117,66.8,154.1,0.0,0.067,0.087,766.3,1000.0
saiyan,spiritualist,androidforms,ssdroid3,m0,3,19.0,19.0,23.0,2.0,2.0,23.0,855.0,1900.0,39767.0,23.0,2863.5,26709.5,0.107,120.3,477.1,0.01,0.12,0.157,766.3,1000.0
saiyan,spiritualist,androidforms,ssdroid3,m0,5,19.0,19.0,23.0,2.0,2.0,23.0,855.0,1900.0,39767.0,23.0,2546.7,26709.5,0.095,200.5,782.2,0.02,0.2,0.262,766.3,1000.0
saiyan,spiritualist,androidforms,ssdroid3,m0,7,19.0,19.0,23.0,2.0,2.0,23.0,855.0,1900.0,39767.0,23.0,2546.7,26709.5,0.095,253.9,996.2,0.03,0.254,0.331,766.3,1000.0
saiyan,spiritualist,androidforms,ssdroid3,m100,1,28.5,28.5,34.5,3.0,3.0,34.5,1282.5,2850.0,59650.5,34.5,3208.3,40064.3,0.08,81.1,182.0,0.0,0.054,0.091,887.6,1490.0
saiyan,spiritualist,androidforms,ssdroid3,m100,3,28.5,28.5,34.5,3.0,3.0,34.5,1282.5,2850.0,59650.5,34.5,3031.7,40064.3,0.076,146.0,563.5,0.01,0.098,0.164,887.6,1490.0
saiyan,spiritualist,androidforms,ssdroid3,m100,5,28.5,28.5,34.5,3.0,3.0,34.5,1282.5,2850.0,59650.5,34.5,2683.0,40064.3,0.067,243.3,824.0,0.01,0.163,0.274,887.6,1490.0
saiyan,spiritualist,androidforms,ssdroid3,m100,7,28.5,28.5,34.5,3.0,3.0,34.5,1282.5,2850.0,59650.5,34.5,2683.0,40064.3,0.067,308.2,1153.9,0.02,0.207,0.347,887.6,1490.0
saiyan,spiritualist,androidforms,ssdroid4,m0,1,31.0,31.0,36.0,2.0,2.0,34.0,1395.0,3100.0,62244.0,36.0,3211.0,41796.3,0.077,68.8,154.1,0.0,0.069,0.092,749.7,1000.0
saiyan,spiritualist,androidforms,ssdroid4,m0,3,31.0,31.0,36.0,2.0,2.0,34.0,1395.0,3100.0,62244.0,36.0,3044.7,41796.3,0.073,123.9,476.9,0.01,0.124,0.165,749.7,1000.0
saiyan,spiritualist,androidforms,ssdroid4,m0,5,31.0,31.0,36.0,2.0,2.0,34.0,1395.0,3100.0,62244.0,36.0,2693.6,41796.3,0.064,206.5,827.3,0.01,0.206,0.275,749.7,1000.0
saiyan,spiritualist,androidforms,ssdroid4,m0,7,31.0,31.0,36.0,2.0,2.0,34.0,1395.0,3100.0,62244.0,36.0,2693.6,41796.3,0.064,261.5,1050.5,0.02,0.262,0.349,749.7,1000.0
saiyan,spiritualist,androidforms,ssdroid4,m100,1,46.5,46.5,54.0,3.0,3.0,51.0,2092.5,4650.0,93366.0,54.0,3246.3,62694.4,0.052,81.5,177.8,0.0,0.055,0.096,848.8,1490.0
saiyan,spiritualist,androidforms,ssdroid4,m100,3,46.5,46.5,54.0,3.0,3.0,51.0,2092.5,4650.0,93366.0,54.0,3185.6,62694.4,0.051,146.6,550.3,0.01,0.098,0.173,848.8,1490.0
saiyan,spiritualist,androidforms,ssdroid4,m100,5,46.5,46.5,54.0,3.0,3.0,51.0,2092.5,4650.0,93366.0,54.0,2807.8,62694.4,0.045,244.4,862.4,0.01,0.164,0.288,848.8,1490.0
saiyan,spiritualist,androidforms,ssdroid4,m100,7,46.5,46.5,54.0,3.0,3.0,51.0,2092.5,4650.0,93366.0,54.0,2807.8,62694.4,0.045,309.5,1103.4,0.01,0.208,0.365,848.8,1490.0
saiyan,spiritualist,godforms,beyond_god,m0,1,12.75,12.75,12.75,1.0,1.0,14.75,573.8,1275.0,22044.8,14.75,2858.5,14839.6,0.193,42.1,100.4,0.0,0.083,0.083,510.0,510.0
saiyan,spiritualist,godforms,beyond_god,m0,3,12.75,12.75,12.75,1.0,1.0,14.75,573.8,1275.0,22044.8,14.75,2557.5,14839.6,0.172,75.9,310.7,0.01,0.149,0.149,510.0,510.0
saiyan,spiritualist,godforms,beyond_god,m0,5,12.75,12.75,12.75,1.0,1.0,14.75,573.8,1275.0,22044.8,14.75,2298.5,14839.6,0.155,126.4,645.3,0.03,0.248,0.248,510.0,510.0
saiyan,spiritualist,godforms,beyond_god,m0,7,12.75,12.75,12.75,1.0,1.0,14.75,573.8,1275.0,22044.8,14.75,2298.5,14839.6,0.155,160.2,896.4,0.04,0.314,0.314,510.0,510.0
saiyan,spiritualist,godforms,beyond_god,m100,1,19.12,19.12,19.12,1.0,1.0,22.12,860.6,1912.5,33067.1,22.12,2986.3,22245.9,0.134,44.3,102.4,0.0,0.087,0.087,510.0,510.0
saiyan,spiritualist,godforms,beyond_god,m100,3,19.12,19.12,19.12,1.0,1.0,22.12,860.6,1912.5,33067.1,22.12,2737.4,22245.9,0.123,79.7,316.9,0.01,0.156,0.156,510.0,510.0
saiyan,spiritualist,godforms,beyond_god,m100,5,19.12,19.12,19.12,1.0,1.0,22.12,860.6,1912.5,33067.1,22.12,2444.4,22245.9,0.11,132.8,658.2,0.02,0.26,0.26,510.0,510.0
saiyan,spiritualist,godforms,beyond_god,m100,7,19.12,19.12,19.12,1.0,1.0,22.12,860.6,1912.5,33067.1,22.12,2444.4,22245.9,0.11,168.2,953.3,0.03,0.33,0.33,510.0,510.0
saiyan,spiritualist,godforms,supersaiyangod,m0,1,16.75,16.75,16.75,1.0,1.0,16.75,753.8,1675.0,28960.8,16.75,3019.6,19486.7,0.155,42.8,101.0,0.0,0.084,0.084,510.0,510.0
saiyan,spiritualist,godforms,supersaiyangod,m0,3,16.75,16.75,16.75,1.0,1.0,16.75,753.8,1675.0,28960.8,16.75,2712.7,19486.7,0.139,77.1,312.7,0.01,0.151,0.151,510.0,510.0
saiyan,spiritualist,godforms,supersaiyangod,m0,5,16.75,16.75,16.75,1.0,1.0,16.75,753.8,1675.0,28960.8,16.75,2424.4,19486.7,0.124,128.4,649.4,0.02,0.252,0.252,510.0,510.0
saiyan,spiritualist,godforms,supersaiyangod,m0,7,16.75,16.75,16.75,1.0,1.0,16.75,753.8,1675.0,28960.8,16.75,2424.4,19486.7,0.124,162.7,945.5,0.03,0.319,0.319,510.0,510.0
saiyan,spiritualist,godforms,supersaiyangod,m100,1,25.12,25.12,25.12,1.0,1.0,25.12,1130.6,2512.5,43441.1,25.12,3134.2,29216.6,0.107,44.9,103.0,0.0,0.088,0.088,510.0,510.0
saiyan,spiritualist,godforms,supersaiyangod,m100,3,25.12,25.12,25.12,1.0,1.0,25.12,1130.6,2512.5,43441.1,25.12,2892.1,29216.6,0.099,80.9,318.9,0.01,0.159,0.159,510.0,510.0
saiyan,spiritualist,godforms,supersaiyangod,m100,5,25.12,25.12,25.12,1.0,1.0,25.12,1130.6,2512.5,43441.1,25.12,2569.8,29216.6,0.088,134.8,662.3,0.02,0.264,0.264,510.0,510.0
saiyan,spiritualist,godforms,supersaiyangod,m100,7,25.12,25.12,25.12,1.0,1.0,25.12,1130.6,2512.5,43441.1,25.12,2569.8,29216.6,0.088,170.8,981.2,0.02,0.335,0.335,510.0,510.0
saiyan,spiritualist,godforms,supersaiyanblue,m0,1,32.75,32.75,32.75,1.0,1.0,32.75,1473.8,3275.0,56624.8,32.75,3186.5,38075.1,0.084,46.3,104.3,0.0,0.091,0.091,510.0,510.0
saiyan,spiritualist,godforms,supersaiyanblue,m0,3,32.75,32.75,32.75,1.0,1.0,32.75,1473.8,3275.0,56624.8,32.75,2999.3,38075.1,0.079,83.4,323.0,0.01,0.163,0.163,510.0,510.0
saiyan,spiritualist,godforms,supersaiyanblue,m0,5,32.75,32.75,32.75,1.0,1.0,32.75,1473.8,3275.0,56624.8,32.75,2656.7,38075.1,0.07,139.0,670.8,0.01,0.272,0.272,510.0,510.0
saiyan,spiritualist,godforms,supersaiyanblue,m0,7,32.75,32.75,32.75,1.0,1.0,32.75,1473.8,3275.0,56624.8,32.75,2656.7,38075.1,0.07,176.0,993.7,0.02,0.345,0.345,510.0,510.0
saiyan,spiritualist,godforms,supersaiyanblue,m100,1,49.12,49.12,49.12,1.0,1.0,49.12,2210.6,4912.5,84937.1,49.12,3229.8,57099.2,0.057,48.4,106.4,0.0,0.095,0.095,510.0,510.0
saiyan,spiritualist,godforms,supersaiyanblue,m100,3,49.12,49.12,49.12,1.0,1.0,49.12,2210.6,4912.5,84937.1,49.12,3143.4,57099.2,0.055,87.2,329.2,0.0,0.171,0.171,510.0,510.0
saiyan,spiritualist,godforms,supersaiyanblue,m100,5,49.12,49.12,49.12,1.0,1.0,49.12,2210.6,4912.5,84937.1,49.12,2773.6,57099.2,0.049,145.3,683.7,0.01,0.285,0.285,510.0,510.0
saiyan,spiritualist,godforms,supersaiyanblue,m100,7,49.12,49.12,49.12,1.0,1.0,49.12,2210.6,4912.5,84937.1,49.12,2773.6,57099.2,0.049,184.1,1012.9,0.01,0.361,0.361,510.0,510.0
saiyan,spiritualist,legendaryforms,ikari,m0,1,3.4,3.4,3.4,1.0,1.0,2.62,153.0,340.0,5878.6,3.4,2317.3,3977.0,0.583,34.5,93.1,0.02,0.068,0.068,510.0,510.0
saiyan,spiritualist,legendaryforms,ikari,m0,3,3.4,3.4,3.4,1.0,1.0,2.62,153.0,340.0,5878.6,3.4,2644.9,3977.0,0.665,62.0,288.1,0.05,0.122,0.122,510.0,510.0
saiyan,spiritualist,legendaryforms,ikari,m0,5,3.4,3.4,3.4,1.0,1.0,2.62,153.0,340.0,5878.6,3.4,1928.0,3977.0,0.485,103.4,592.1,0.1,0.203,0.203,510.0,510.0
saiyan,spiritualist,legendaryforms,ikari,m0,7,3.4,3.4,3.4,1.0,1.0,2.62,153.0,340.0,5878.6,3.4,1928.0,3977.0,0.485,130.9,751.9,0.13,0.257,0.257,510.0,510.0
saiyan,spiritualist,legendaryforms,ikari,m100,1,5.1,5.1,5.1,1.0,1.0,3.94,229.5,510.0,8817.9,5.1,2875.2,5952.0,0.483,36.6,95.1,0.01,0.072,0.072,510.0,510.0
saiyan,spiritualist,legendaryforms,ikari,m100,3,5.1,5.1,5.1,1.0,1.0,3.94,229.5,510.0,8817.9,5.1,3364.6,5952.0,0.565,65.8,294.4,0.03,0.129,0.129,510.0,510.0
saiyan,spiritualist,legendaryforms,ikari,m100,5,5.1,5.1,5.1,1.0,1.0,3.94,229.5,510.0,8817.9,5.1,2293.4,5952.0,0.385,109.7,611.4,0.07,0.215,0.215,510.0,510.0
saiyan,spiritualist,legendaryforms,ikari,m100,7,5.1,5.1,5.1,1.0,1.0,3.94,229.5,510.0,8817.9,5.1,2293.4,5952.0,0.385,139.0,894.4,0.1,0.273,0.273,510.0,510.0
saiyan,spiritualist,legendaryforms,ssjhybrid,m0,1,8.3,8.3,8.3,1.0,1.0,6.25,373.5,830.0,14350.7,8.3,2656.4,9669.7,0.275,39.1,97.5,0.01,0.077,0.077,510.0,510.0
saiyan,spiritualist,legendaryforms,ssjhybrid,m0,3,8.3,8.3,8.3,1.0,1.0,6.25,373.5,830.0,14350.7,8.3,2374.4,9669.7,0.246,70.4,301.9,0.02,0.138,0.138,510.0,510.0
saiyan,spiritualist,legendaryforms,ssjhybrid,m0,5,8.3,8.3,8.3,1.0,1.0,6.25,373.5,830.0,14350.7,8.3,2150.1,9669.7,0.222,117.4,626.9,0.04,0.23,0.23,510.0,510.0
saiyan,spiritualist,legendaryforms,ssjhybrid,m0,7,8.3,8.3,8.3,1.0,1.0,6.25,373.5,830.0,14350.7,8.3,2150.1,9669.7,0.222,148.7,838.5,0.06,0.292,0.292,510.0,510.0
saiyan,spiritualist,legendaryforms,ssjhybrid,m100,1,12.45,12.45,12.45,1.0,1.0,9.38,560.2,1245.0,21526.1,12.45,2902.0,14491.1,0.2,41.3,99.5,0.0,0.081,0.081,510.0,510.0
saiyan,spiritualist,legendaryforms,ssjhybrid,m100,3,12.45,12.45,12.45,1.0,1.0,9.38,560.2,1245.0,21526.1,12.45,2572.9,14491.1,0.178,74.3,308.1,0.01,0.146,0.146,510.0,510.0
saiyan,spiritualist,legendaryforms,ssjhybrid,m100,5,12.45,12.45,12.45,1.0,1.0,9.38,560.2,1245.0,21526.1,12.45,2311.0,14491.1,0.159,123.8,639.9,0.03,0.243,0.243,510.0,510.0
saiyan,spiritualist,legendaryforms,ssjhybrid,m100,7,12.45,12.45,12.45,1.0,1.0,9.38,560.2,1245.0,21526.1,12.45,2311.0,14491.1,0.159,156.8,901.3,0.04,0.307,0.307,510.0,510.0
saiyan,spiritualist,legendaryforms,ssjfullpower,m0,1,14.5,14.5,14.0,1.0,1.0,12.62,652.5,1450.0,24206.0,14.5,2941.1,16300.0,0.18,42.1,100.3,0.0,0.082,0.082,510.0,510.0
saiyan,spiritualist,legendaryforms,ssjfullpower,m0,3,14.5,14.5,14.0,1.0,1.0,12.62,652.5,1450.0,24206.0,14.5,2622.2,16300.0,0.161,75.7,310.4,0.01,0.148,0.148,510.0,510.0
saiyan,spiritualist,legendaryforms,ssjfullpower,m0,5,14.5,14.5,14.0,1.0,1.0,12.62,652.5,1450.0,24206.0,14.5,2351.0,16300.0,0.144,126.2,644.8,0.03,0.247,0.247,510.0,510.0
saiyan,spiritualist,legendaryforms,ssjfullpower,m0,7,14.5,14.5,14.0,1.0,1.0,12.62,652.5,1450.0,24206.0,14.5,2351.0,16300.0,0.144,159.8,916.9,0.04,0.313,0.313,510.0,510.0
saiyan,spiritualist,legendaryforms,ssjfullpower,m100,1,21.75,21.75,21.0,1.0,1.0,18.94,978.8,2175.0,36309.0,21.75,3069.8,24436.5,0.126,44.2,102.3,0.0,0.087,0.087,510.0,510.0
saiyan,spiritualist,legendaryforms,ssjfullpower,m100,3,21.75,21.75,21.0,1.0,1.0,18.94,978.8,2175.0,36309.0,21.75,2805.9,24436.5,0.115,79.5,316.7,0.01,0.156,0.156,510.0,510.0
saiyan,spiritualist,legendaryforms,ssjfullpower,m100,5,21.75,21.75,21.0,1.0,1.0,18.94,978.8,2175.0,36309.0,21.75,2499.9,24436.5,0.102,132.5,657.7,0.02,0.26,0.26,510.0,510.0
saiyan,spiritualist,legendaryforms,ssjfullpower,m100,7,21.75,21.75,21.0,1.0,1.0,18.94,978.8,2175.0,36309.0,21.75,2499.9,24436.5,0.102,167.9,974.4,0.03,0.329,0.329,510.0,510.0
saiyan,spiritualist,oozaru,oozaru,m0,1,1.2,1.2,1.2,1.0,1.0,1.12,54.0,120.0,2074.8,1.2,1363.8,1421.1,0.96,30.6,87.9,0.04,0.06,0.06,510.0,510.0
saiyan,spiritualist,oozaru,oozaru,m0,3,1.2,1.2,1.2,1.0,1.0,1.12,54.0,120.0,2074.8,1.2,1414.6,1421.1,0.995,52.2,268.9,0.13,0.102,0.102,510.0,510.0
saiyan,spiritualist,oozaru,oozaru,m0,5,1.2,1.2,1.2,1.0,1.0,1.12,54.0,120.0,2074.8,1.2,1303.4,1421.1,0.917,87.0,447.5,0.22,0.171,0.171,510.0,510.0
saiyan,spiritualist,oozaru,oozaru,m0,7,1.2,1.2,1.2,1.0,1.0,1.12,54.0,120.0,2074.8,1.2,1303.4,1421.1,0.917,110.2,663.0,0.32,0.216,0.216,510.0,510.0
saiyan,spiritualist,oozaru,oozaru,m100,1,1.8,1.8,1.8,1.0,1.0,1.69,81.0,180.0,3112.2,1.8,1683.9,2118.2,0.795,31.1,89.9,0.03,0.061,0.061,510.0,510.0
saiyan,spiritualist,oozaru,oozaru,m100,3,1.8,1.8,1.8,1.0,1.0,1.69,81.0,180.0,3112.2,1.8,1827.5,2118.2,0.863,56.0,278.4,0.09,0.11,0.11,510.0,510.0
saiyan,spiritualist,oozaru,oozaru,m100,5,1.8,1.8,1.8,1.0,1.0,1.69,81.0,180.0,3112.2,1.8,1513.1,2118.2,0.714,93.4,464.7,0.15,0.183,0.183,510.0,510.0
saiyan,spiritualist,oozaru,oozaru,m100,7,1.8,1.8,1.8,1.0,1.0,1.69,81.0,180.0,3112.2,1.8,1513.1,2118.2,0.714,118.3,663.0,0.21,0.232,0.232,510.0,510.0
saiyan,spiritualist,oozaru,goldenoozaru,m0,1,10.0,10.0,10.0,1.0,1.0,8.12,450.0,1000.0,17290.0,10.0,2770.3,11644.7,0.238,40.1,98.4,0.01,0.079,0.079,510.0,510.0
saiyan,spiritualist,oozaru,goldenoozaru,m0,3,10.0,10.0,10.0,1.0,1.0,8.12,450.0,1000.0,17290.0,10.0,2466.4,11644.7,0.212,72.2,304.7,0.02,0.142,0.142,510.0,510.0
saiyan,spiritualist,oozaru,goldenoozaru,m0,5,10.0,10.0,10.0,1.0,1.0,8.12,450.0,1000.0,17290.0,10.0,2224.7,11644.7,0.191,120.3,632.9,0.04,0.236,0.236,510.0,510.0
saiyan,spiritualist,oozaru,goldenoozaru,m0,7,10.0,10.0,10.0,1.0,1.0,8.12,450.0,1000.0,17290.0,10.0,2224.7,11644.7,0.191,152.4,867.6,0.05,0.299,0.299,510.0,510.0
saiyan,spiritualist,oozaru,goldenoozaru,m100,1,15.0,15.0,15.0,1.0,1.0,12.19,675.0,1500.0,25935.0,15.0,2981.7,17453.6,0.171,42.2,100.5,0.0,0.083,0.083,510.0,510.0
saiyan,spiritualist,oozaru,goldenoozaru,m100,3,15.0,15.0,15.0,1.0,1.0,12.19,675.0,1500.0,25935.0,15.0,2661.4,17453.6,0.152,76.0,311.0,0.01,0.149,0.149,510.0,510.0
saiyan,spiritualist,oozaru,goldenoozaru,m100,5,15.0,15.0,15.0,1.0,1.0,12.19,675.0,1500.0,25935.0,15.0,2382.8,17453.6,0.137,126.7,645.8,0.02,0.248,0.248,510.0,510.0
saiyan,spiritualist,oozaru,goldenoozaru,m100,7,15.0,15.0,15.0,1.0,1.0,12.19,675.0,1500.0,25935.0,15.0,2382.8,17453.6,0.137,160.5,929.3,0.04,0.315,0.315,510.0,510.0
saiyan,spiritualist,oozaru,supersaiyan4,m0,1,14.5,14.5,14.5,1.0,1.0,12.88,652.5,1450.0,25070.5,14.5,2969.5,16872.7,0.176,42.1,100.3,0.0,0.082,0.082,510.0,510.0
saiyan,spiritualist,oozaru,supersaiyan4,m0,3,14.5,14.5,14.5,1.0,1.0,12.88,652.5,1450.0,25070.5,14.5,2645.4,16872.7,0.157,75.7,310.4,0.01,0.148,0.148,510.0,510.0
saiyan,spiritualist,oozaru,supersaiyan4,m0,5,14.5,14.5,14.5,1.0,1.0,12.88,652.5,1450.0,25070.5,14.5,2369.9,16872.7,0.14,126.2,644.8,0.03,0.247,0.247,510.0,510.0
saiyan,spiritualist,oozaru,supersaiyan4,m0,7,14.5,14.5,14.5,1.0,1.0,12.88,652.5,1450.0,25070.5,14.5,2369.9,16872.7,0.14,159.8,924.2,0.04,0.313,0.313,510.0,510.0
saiyan,spiritualist,oozaru,supersaiyan4,m100,1,21.75,21.75,21.75,1.0,1.0,19.31,978.8,2175.0,37605.8,21.75,3098.1,25295.6,0.122,44.2,102.3,0.0,0.087,0.087,510.0,510.0
saiyan,spiritualist,oozaru,supersaiyan4,m100,3,21.75,21.75,21.75,1.0,1.0,19.31,978.8,2175.0,37605.8,21.75,2830.1,25295.6,0.112,79.5,316.7,0.01,0.156,0.156,510.0,510.0
saiyan,spiritualist,oozaru,supersaiyan4,m100,5,21.75,21.75,21.75,1.0,1.0,19.31,978.8,2175.0,37605.8,21.75,2519.6,25295.6,0.1,132.5,657.7,0.02,0.26,0.26,510.0,510.0
saiyan,spiritualist,oozaru,supersaiyan4,m100,7,21.75,21.75,21.75,1.0,1.0,19.31,978.8,2175.0,37605.8,21.75,2519.6,25295.6,0.1,167.9,974.4,0.03,0.329,0.329,510.0,510.0
saiyan,spiritualist,salt,cumber,m0,1,1.3,1.3,1.3,1.3,1.0,1.0,58.5,130.0,2247.7,1.3,1431.5,1545.4,0.926,30.6,88.3,0.04,0.06,0.06,510.0,510.0
saiyan,spiritualist,salt,cumber,m0,3,1.3,1.3,1.3,1.3,1.0,1.0,58.5,130.0,2247.7,1.3,1502.0,1545.4,0.972,53.0,273.4,0.12,0.104,0.104,510.0,510.0
saiyan,spiritualist,salt,cumber,m0,5,1.3,1.3,1.3,1.3,1.0,1.0,58.5,130.0,2247.7,1.3,1347.8,1545.4,0.872,88.3,447.5,0.2,0.173,0.173,510.0,510.0
saiyan,spiritualist,salt,cumber,m0,7,1.3,1.3,1.3,1.3,1.0,1.0,58.5,130.0,2247.7,1.3,1347.8,1545.4,0.872,111.8,663.0,0.29,0.219,0.219,510.0,510.0
saiyan,spiritualist,salt,cumber,m100,1,1.3,1.3,1.3,1.3,1.0,1.0,58.5,130.0,2247.7,1.3,1431.5,1545.4,0.926,30.6,88.3,0.04,0.06,0.06,510.0,510.0
saiyan,spiritualist,salt,cumber,m100,3,1.3,1.3,1.3,1.3,1.0,1.0,58.5,130.0,2247.7,1.3,1502.0,1545.4,0.972,53.0,273.4,0.12,0.104,0.104,510.0,510.0
saiyan,spiritualist,salt,cumber,m100,5,1.3,1.3,1.3,1.3,1.0,1.0,58.5,130.0,2247.7,1.3,1347.8,1545.4,0.872,88.3,447.5,0.2,0.173,0.173,510.0,510.0
saiyan,spiritualist,salt,cumber,m100,7,1.3,1.3,1.3,1.3,1.0,1.0,58.5,130.0,2247.7,1.3,1347.8,1545.4,0.872,111.8,663.0,0.29,0.219,0.219,510.0,510.0
saiyan,spiritualist,ssgrades,supersaiyan,m0,1,3.25,3.25,3.25,1.0,1.0,3.31,146.2,325.0,5619.2,3.31,2264.0,3802.7,0.595,34.3,93.0,0.02,0.067,0.067,510.0,510.0
saiyan,spiritualist,ssgrades,supersaiyan,m0,3,3.25,3.25,3.25,1.0,1.0,3.31,146.2,325.0,5619.2,3.31,2576.1,3802.7,0.677,61.8,287.7,0.05,0.121,0.121,510.0,510.0
saiyan,spiritualist,ssgrades,supersaiyan,m0,5,3.25,3.25,3.25,1.0,1.0,3.31,146.2,325.0,5619.2,3.31,1893.1,3802.7,0.498,103.0,581.4,0.1,0.202,0.202,510.0,510.0
saiyan,spiritualist,ssgrades,supersaiyan,m0,7,3.25,3.25,3.25,1.0,1.0,3.31,146.2,325.0,5619.2,3.31,1893.1,3802.7,0.498,130.4,738.3,0.13,0.256,0.256,510.0,510.0
saiyan,spiritualist,ssgrades,supersaiyan,m100,1,4.88,4.88,4.88,1.0,1.0,4.97,219.4,487.5,8428.9,4.97,2805.3,5690.6,0.493,36.4,95.0,0.01,0.071,0.071,510.0,510.0
saiyan,spiritualist,ssgrades,supersaiyan,m100,3,4.88,4.88,4.88,1.0,1.0,4.97,219.4,487.5,8428.9,4.97,3274.4,5690.6,0.575,65.6,294.0,0.03,0.129,0.129,510.0,510.0
saiyan,spiritualist,ssgrades,supersaiyan,m100,5,4.88,4.88,4.88,1.0,1.0,4.97,219.4,487.5,8428.9,4.97,2247.6,5690.6,0.395,109.3,610.6,0.07,0.214,0.214,510.0,510.0
saiyan,spiritualist,ssgrades,supersaiyan,m100,7,4.88,4.88,4.88,1.0,1.0,4.97,219.4,487.5,8428.9,4.97,2247.6,5690.6,0.395,138.5,876.6,0.1,0.272,0.272,510.0,510.0
saiyan,spiritualist,ssgrades,supersaiyangrade2,m0,1,3.75,3.75,3.75,1.0,1.0,3.5,168.8,375.0,6483.8,3.75,2438.7,4383.6,0.556,35.0,93.6,0.01,0.069,0.069,510.0,510.0
saiyan,spiritualist,ssgrades,supersaiyangrade2,m0,3,3.75,3.75,3.75,1.0,1.0,3.5,168.8,375.0,6483.8,3.75,2801.4,4383.6,0.639,63.0,289.7,0.04,0.123,0.123,510.0,510.0
saiyan,spiritualist,ssgrades,supersaiyangrade2,m0,5,3.75,3.75,3.75,1.0,1.0,3.5,168.8,375.0,6483.8,3.75,2007.5,4383.6,0.458,104.9,601.6,0.09,0.206,0.206,510.0,510.0
saiyan,spiritualist,ssgrades,supersaiyangrade2,m0,7,3.75,3.75,3.75,1.0,1.0,3.5,168.8,375.0,6483.8,3.75,2007.5,4383.6,0.458,132.9,782.9,0.12,0.261,0.261,510.0,510.0
saiyan,spiritualist,ssgrades,supersaiyangrade2,m100,1,5.62,5.62,5.62,1.0,1.0,5.25,253.1,562.5,9725.6,5.62,3034.7,6562.0,0.462,37.1,95.6,0.01,0.073,0.073,510.0,510.0
saiyan,spiritualist,ssgrades,supersaiyangrade2,m100,3,5.62,5.62,5.62,1.0,1.0,5.25,253.1,562.5,9725.6,5.62,3570.3,6562.0,0.544,66.8,295.9,0.03,0.131,0.131,510.0,510.0
saiyan,spiritualist,ssgrades,supersaiyangrade2,m100,5,5.62,5.62,5.62,1.0,1.0,5.25,253.1,562.5,9725.6,5.62,2397.9,6562.0,0.365,111.3,614.5,0.06,0.218,0.218,510.0,510.0
saiyan,spiritualist,ssgrades,supersaiyangrade2,m100,7,5.62,5.62,5.62,1.0,1.0,5.25,253.1,562.5,9725.6,5.62,2397.9,6562.0,0.365,141.0,910.4,0.09,0.276,0.276,510.0,510.0
saiyan,spiritualist,ssgrades,supersaiyangrade3,m0,1,4.75,4.75,4.75,1.0,1.0,4.0,213.8,475.0,8212.8,4.75,2766.0,5545.4,0.499,36.2,94.8,0.01,0.071,0.071,510.0,510.0
saiyan,spiritualist,ssgrades,supersaiyangrade3,m0,3,4.75,4.75,4.75,1.0,1.0,4.0,213.8,475.0,8212.8,4.75,3223.7,5545.4,0.581,65.2,293.3,0.04,0.128,0.128,510.0,510.0
saiyan,spiritualist,ssgrades,supersaiyangrade3,m0,5,4.75,4.75,4.75,1.0,1.0,4.0,213.8,475.0,8212.8,4.75,2221.9,5545.4,0.401,108.6,609.1,0.07,0.213,0.213,510.0,510.0
saiyan,spiritualist,ssgrades,supersaiyangrade3,m0,7,4.75,4.75,4.75,1.0,1.0,4.0,213.8,475.0,8212.8,4.75,2221.9,5545.4,0.401,137.6,866.5,0.11,0.27,0.27,510.0,510.0
saiyan,spiritualist,ssgrades,supersaiyangrade3,m100,1,7.12,7.12,7.12,1.0,1.0,6.0,320.6,712.5,12319.1,7.12,2562.4,8304.6,0.309,38.3,96.8,0.01,0.075,0.075,510.0,510.0
saiyan,spiritualist,ssgrades,supersaiyangrade3,m100,3,7.12,7.12,7.12,1.0,1.0,6.0,320.6,712.5,12319.1,7.12,2298.5,8304.6,0.277,69.0,299.5,0.02,0.135,0.135,510.0,510.0
saiyan,spiritualist,ssgrades,supersaiyangrade3,m100,5,7.12,7.12,7.12,1.0,1.0,6.0,320.6,712.5,12319.1,7.12,2088.5,8304.6,0.251,115.0,622.1,0.05,0.225,0.225,510.0,510.0
saiyan,spiritualist,ssgrades,supersaiyangrade3,m100,7,7.12,7.12,7.12,1.0,1.0,6.0,320.6,712.5,12319.1,7.12,2088.5,8304.6,0.251,145.7,814.5,0.07,0.286,0.286,510.0,510.0
saiyan,spiritualist,supersaiyan,supersaiyanmastered,m0,1,3.75,3.75,3.75,1.0,1.0,3.44,168.8,375.0,6483.8,3.75,2438.7,4383.6,0.556,35.0,93.6,0.01,0.069,0.069,510.0,510.0
saiyan,spiritualist,supersaiyan,supersaiyanmastered,m0,3,3.75,3.75,3.75,1.0,1.0,3.44,168.8,375.0,6483.8,3.75,2801.4,4383.6,0.639,63.0,289.7,0.04,0.123,0.123,510.0,510.0
saiyan,spiritualist,supersaiyan,supersaiyanmastered,m0,5,3.75,3.75,3.75,1.0,1.0,3.44,168.8,375.0,6483.8,3.75,2007.5,4383.6,0.458,104.9,601.6,0.09,0.206,0.206,510.0,510.0
saiyan,spiritualist,supersaiyan,supersaiyanmastered,m0,7,3.75,3.75,3.75,1.0,1.0,3.44,168.8,375.0,6483.8,3.75,2007.5,4383.6,0.458,132.9,782.9,0.12,0.261,0.261,510.0,510.0
saiyan,spiritualist,supersaiyan,supersaiyanmastered,m100,1,5.62,5.62,5.62,1.0,1.0,5.16,253.1,562.5,9725.6,5.62,3034.7,6562.0,0.462,37.1,95.6,0.01,0.073,0.073,510.0,510.0
saiyan,spiritualist,supersaiyan,supersaiyanmastered,m100,3,5.62,5.62,5.62,1.0,1.0,5.16,253.1,562.5,9725.6,5.62,3570.3,6562.0,0.544,66.8,295.9,0.03,0.131,0.131,510.0,510.0
saiyan,spiritualist,supersaiyan,supersaiyanmastered,m100,5,5.62,5.62,5.62,1.0,1.0,5.16,253.1,562.5,9725.6,5.62,2397.9,6562.0,0.365,111.3,614.5,0.06,0.218,0.218,510.0,510.0
saiyan,spiritualist,supersaiyan,supersaiyanmastered,m100,7,5.62,5.62,5.62,1.0,1.0,5.16,253.1,562.5,9725.6,5.62,2397.9,6562.0,0.365,141.0,910.4,0.09,0.276,0.276,510.0,510.0
saiyan,spiritualist,supersaiyan,supersaiyan2,m0,1,6.25,6.25,6.25,1.0,1.0,5.81,281.2,625.0,10806.2,6.25,2481.4,7288.1,0.34,37.6,96.1,0.01,0.074,0.074,510.0,510.0
saiyan,spiritualist,supersaiyan,supersaiyan2,m0,3,6.25,6.25,6.25,1.0,1.0,5.81,281.2,625.0,10806.2,6.25,2233.0,7288.1,0.306,67.8,297.5,0.03,0.133,0.133,510.0,510.0
saiyan,spiritualist,supersaiyan,supersaiyan2,m0,5,6.25,6.25,6.25,1.0,1.0,5.81,281.2,625.0,10806.2,6.25,2035.4,7288.1,0.279,112.9,617.9,0.06,0.221,0.221,510.0,510.0
saiyan,spiritualist,supersaiyan,supersaiyan2,m0,7,6.25,6.25,6.25,1.0,1.0,5.81,281.2,625.0,10806.2,6.25,2035.4,7288.1,0.279,143.1,793.8,0.07,0.281,0.281,510.0,510.0
saiyan,spiritualist,supersaiyan,supersaiyan2,m100,1,9.38,9.38,9.38,1.0,1.0,8.72,421.9,937.5,16209.4,9.38,2731.0,10918.6,0.25,39.8,98.1,0.01,0.078,0.078,510.0,510.0
saiyan,spiritualist,supersaiyan,supersaiyan2,m100,3,9.38,9.38,9.38,1.0,1.0,8.72,421.9,937.5,16209.4,9.38,2434.7,10918.6,0.223,71.6,303.7,0.02,0.14,0.14,510.0,510.0
saiyan,spiritualist,supersaiyan,supersaiyan2,m100,5,9.38,9.38,9.38,1.0,1.0,8.72,421.9,937.5,16209.4,9.38,2198.9,10918.6,0.201,119.3,630.8,0.04,0.234,0.234,510.0,510.0
saiyan,spiritualist,supersaiyan,supersaiyan2,m100,7,9.38,9.38,9.38,1.0,1.0,8.72,421.9,937.5,16209.4,9.38,2198.9,10918.6,0.201,151.1,857.6,0.05,0.296,0.296,510.0,510.0
saiyan,spiritualist,supersaiyan,supersaiyan3,m0,1,10.0,10.0,10.0,1.0,1.0,8.44,450.0,1000.0,17290.0,10.0,2770.3,11644.7,0.238,40.1,98.4,0.01,0.079,0.079,510.0,510.0
saiyan,spiritualist,supersaiyan,supersaiyan3,m0,3,10.0,10.0,10.0,1.0,1.0,8.44,450.0,1000.0,17290.0,10.0,2466.4,11644.7,0.212,72.2,304.7,0.02,0.142,0.142,510.0,510.0
saiyan,spiritualist,supersaiyan,supersaiyan3,m0,5,10.0,10.0,10.0,1.0,1.0,8.44,450.0,1000.0,17290.0,10.0,2224.7,11644.7,0.191,120.3,632.9,0.04,0.236,0.236,510.0,510.0
saiyan,spiritualist,supersaiyan,supersaiyan3,m0,7,10.0,10.0,10.0,1.0,1.0,8.44,450.0,1000.0,17290.0,10.0,2224.7,11644.7,0.191,152.4,867.6,0.05,0.299,0.299,510.0,510.0
saiyan,spiritualist,supersaiyan,supersaiyan3,m100,1,15.0,15.0,15.0,1.0,1.0,12.66,675.0,1500.0,25935.0,15.0,2981.7,17453.6,0.171,42.2,100.5,0.0,0.083,0.083,510.0,510.0
saiyan,spiritualist,supersaiyan,supersaiyan3,m100,3,15.0,15.0,15.0,1.0,1.0,12.66,675.0,1500.0,25935.0,15.0,2661.4,17453.6,0.152,76.0,311.0,0.01,0.149,0.149,510.0,510.0
saiyan,spiritualist,supersaiyan,supersaiyan3,m100,5,15.0,15.0,15.0,1.0,1.0,12.66,675.0,1500.0,25935.0,15.0,2382.8,17453.6,0.137,126.7,645.8,0.02,0.248,0.248,510.0,510.0
saiyan,spiritualist,supersaiyan,supersaiyan3,m100,7,15.0,15.0,15.0,1.0,1.0,12.66,675.0,1500.0,25935.0,15.0,2382.8,17453.6,0.137,160.5,929.3,0.04,0.315,0.315,510.0,510.0
saiyan,spiritualist,supersaiyan,supersaiyan4,m0,1,14.5,14.5,14.75,1.0,1.0,12.88,652.5,1450.0,25502.8,14.75,2975.5,17159.1,0.173,42.1,100.4,0.0,0.083,0.083,510.0,510.0
saiyan,spiritualist,supersaiyan,supersaiyan4,m0,3,14.5,14.5,14.75,1.0,1.0,12.88,652.5,1450.0,25502.8,14.75,2653.3,17159.1,0.155,75.9,310.7,0.01,0.149,0.149,510.0,510.0
saiyan,spiritualist,supersaiyan,supersaiyan4,m0,5,14.5,14.5,14.75,1.0,1.0,12.88,652.5,1450.0,25502.8,14.75,2376.2,17159.1,0.138,126.4,645.3,0.03,0.248,0.248,510.0,510.0
saiyan,spiritualist,supersaiyan,supersaiyan4,m0,7,14.5,14.5,14.75,1.0,1.0,12.88,652.5,1450.0,25502.8,14.75,2376.2,17159.1,0.138,160.2,926.7,0.04,0.314,0.314,510.0,510.0
saiyan,spiritualist,supersaiyan,supersaiyan4,m100,1,21.75,21.75,22.12,1.0,1.0,19.31,978.8,2175.0,38254.1,22.12,3102.4,25725.1,0.121,44.3,102.4,0.0,0.087,0.087,510.0,510.0
saiyan,spiritualist,supersaiyan,supersaiyan4,m100,3,21.75,21.75,22.12,1.0,1.0,19.31,978.8,2175.0,38254.1,22.12,2837.4,25725.1,0.11,79.7,316.9,0.01,0.156,0.156,510.0,510.0
saiyan,spiritualist,supersaiyan,supersaiyan4,m100,5,21.75,21.75,22.12,1.0,1.0,19.31,978.8,2175.0,38254.1,22.12,2525.5,25725.1,0.098,132.8,658.2,0.02,0.26,0.26,510.0,510.0
saiyan,spiritualist,supersaiyan,supersaiyan4,m100,7,21.75,21.75,22.12,1.0,1.0,19.31,978.8,2175.0,38254.1,22.12,2525.5,25725.1,0.098,168.2,975.2,0.03,0.33,0.33,510.0,510.0
saiyan,martialartist,base,Base,m0,1,1.0,1.0,1.0,1.0,1.0,1.0,240.0,1638.0,90.0,1.0,1125.9,1125.9,1.0,61.9,140.9,0.09,0.06,0.06,1032.0,1032.0
saiyan,martialartist,base,Base,m0,3,1.0,1.0,1.0,1.0,1.0,1.0,240.0,1638.0,90.0,1.0,1125.9,1125.9,1.0,102.2,436.0,0.27,0.099,0.099,1032.0,1032.0
saiyan,martialartist,base,Base,m0,5,1.0,1.0,1.0,1.0,1.0,1.0,240.0,1638.0,90.0,1.0,1125.9,1125.9,1.0,170.3,905.6,0.55,0.165,0.165,1032.0,1032.0
saiyan,martialartist,base,Base,m0,7,1.0,1.0,1.0,1.0,1.0,1.0,240.0,1638.0,90.0,1.0,1125.9,1125.9,1.0,215.7,1341.6,0.82,0.209,0.209,1032.0,1032.0
saiyan,martialartist,androidforms,androidbase,m0,1,1.5,1.5,2.75,2.0,2.0,2.0,360.0,2457.0,247.5,2.75,1468.6,1703.3,0.862,108.4,226.3,0.09,0.053,0.065,1657.6,2044.0
saiyan,martialartist,androidforms,androidbase,m0,3,1.5,1.5,2.75,2.0,2.0,2.0,360.0,2457.0,247.5,2.75,1568.1,1703.3,0.921,192.4,690.7,0.28,0.094,0.118,1634.8,2044.0
saiyan,martialartist,androidforms,androidbase,m0,5,1.5,1.5,2.75,2.0,2.0,2.0,360.0,2457.0,247.5,2.75,1350.4,1703.3,0.793,317.1,1418.7,0.58,0.155,0.196,1616.7,2044.0
saiyan,martialartist,androidforms,androidbase,m0,7,1.5,1.5,2.75,2.0,2.0,2.0,360.0,2457.0,247.5,2.75,1350.4,1703.3,0.793,401.7,2101.7,0.86,0.197,0.248,1616.7,2044.0
saiyan,martialartist,androidforms,androidbase,m100,1,2.25,2.25,4.12,3.0,3.0,3.0,540.0,3685.5,371.2,4.12,1803.3,2555.0,0.706,150.3,294.9,0.08,0.049,0.07,2160.5,3056.0
saiyan,martialartist,androidforms,androidbase,m100,3,2.25,2.25,4.12,3.0,3.0,3.0,540.0,3685.5,371.2,4.12,1999.9,2555.0,0.783,265.4,895.5,0.24,0.087,0.125,2119.6,3056.0
saiyan,martialartist,androidforms,androidbase,m100,5,2.25,2.25,4.12,3.0,3.0,3.0,540.0,3685.5,371.2,4.12,1569.6,2555.0,0.614,435.5,1831.4,0.5,0.143,0.209,2087.1,3056.0
saiyan,martialartist,androidforms,androidbase,m100,7,2.25,2.25,4.12,3.0,3.0,3.0,540.0,3685.5,371.2,4.12,1569.6,2555.0,0.614,551.6,2713.3,0.74,0.181,0.264,2087.1,3056.0
saiyan,martialartist,androidforms,supersaiyandroid,m0,1,4.2,4.2,6.75,2.0,2.0,6.2,1008.0,6879.6,607.5,6.75,2111.4,4746.7,0.445,123.7,226.3,0.03,0.061,0.075,1657.6,2044.0
saiyan,martialartist,androidforms,supersaiyandroid,m0,3,4.2,4.2,6.75,2.0,2.0,6.2,1008.0,6879.6,607.5,6.75,1922.1,4746.7,0.405,219.5,690.7,0.1,0.107,0.134,1634.8,2044.0
saiyan,martialartist,androidforms,supersaiyandroid,m0,5,4.2,4.2,6.75,2.0,2.0,6.2,1008.0,6879.6,607.5,6.75,1771.5,4746.7,0.373,361.9,1418.7,0.21,0.177,0.224,1616.7,2044.0
saiyan,martialartist,androidforms,supersaiyandroid,m0,7,4.2,4.2,6.75,2.0,2.0,6.2,1008.0,6879.6,607.5,6.75,1771.5,4746.7,0.373,458.4,2101.7,0.31,0.224,0.284,1616.7,2044.0
saiyan,martialartist,androidforms,supersaiyandroid,m100,1,6.3,6.3,10.12,3.0,3.0,9.3,1512.0,10319.4,911.2,10.12,2332.4,7120.0,0.328,162.6,281.7,0.03,0.053,0.079,2063.8,3056.0
saiyan,martialartist,androidforms,supersaiyandroid,m100,3,6.3,6.3,10.12,3.0,3.0,9.3,1512.0,10319.4,911.2,10.12,2100.6,7120.0,0.295,292.6,872.0,0.08,0.096,0.142,2063.8,3056.0
saiyan,martialartist,androidforms,supersaiyandroid,m100,5,6.3,6.3,10.12,3.0,3.0,9.3,1512.0,10319.4,911.2,10.12,1916.2,7120.0,0.269,482.8,1792.9,0.17,0.158,0.236,2043.2,3056.0
saiyan,martialartist,androidforms,supersaiyandroid,m100,7,6.3,6.3,10.12,3.0,3.0,9.3,1512.0,10319.4,911.2,10.12,1916.2,7120.0,0.269,611.6,2656.1,0.26,0.2,0.299,2043.2,3056.0
saiyan,martialartist,androidforms,ssdroid2,m0,1,9.0,9.0,14.5,2.0,2.0,13.0,2160.0,14742.0,1305.0,14.5,2502.8,10163.6,0.246,132.1,218.6,0.01,0.065,0.082,1601.4,2044.0
saiyan,martialartist,androidforms,ssdroid2,m0,3,9.0,9.0,14.5,2.0,2.0,13.0,2160.0,14742.0,1305.0,14.5,2252.3,10163.6,0.222,237.7,676.6,0.05,0.116,0.148,1601.4,2044.0
saiyan,martialartist,androidforms,ssdroid2,m0,5,9.0,9.0,14.5,2.0,2.0,13.0,2160.0,14742.0,1305.0,14.5,2039.2,10163.6,0.201,396.2,1405.2,0.1,0.194,0.247,1601.4,2044.0
saiyan,martialartist,androidforms,ssdroid2,m0,7,9.0,9.0,14.5,2.0,2.0,13.0,2160.0,14742.0,1305.0,14.5,2039.2,10163.6,0.201,501.8,2081.8,0.14,0.246,0.313,1601.4,2044.0
saiyan,martialartist,androidforms,ssdroid2,m100,1,13.5,13.5,21.75,3.0,3.0,19.5,3240.0,22113.0,1957.5,21.75,2629.4,15245.4,0.172,165.2,260.4,0.01,0.054,0.087,1907.5,3056.0
saiyan,martialartist,androidforms,ssdroid2,m100,3,13.5,13.5,21.75,3.0,3.0,19.5,3240.0,22113.0,1957.5,21.75,2418.4,15245.4,0.159,297.4,805.9,0.04,0.097,0.156,1907.5,3056.0
saiyan,martialartist,androidforms,ssdroid2,m100,5,13.5,13.5,21.75,3.0,3.0,19.5,3240.0,22113.0,1957.5,21.75,2173.9,15245.4,0.143,495.7,1673.8,0.08,0.162,0.26,1907.5,3056.0
saiyan,martialartist,androidforms,ssdroid2,m100,7,13.5,13.5,21.75,3.0,3.0,19.5,3240.0,22113.0,1957.5,21.75,2173.9,15245.4,0.143,627.9,2479.7,0.11,0.205,0.329,1907.5,3056.0
saiyan,martialartist,androidforms,ssdroid3,m0,1,19.0,19.0,23.0,2.0,2.0,23.0,4560.0,31122.0,2070.0,23.0,2841.6,21371.4,0.133,136.6,213.8,0.01,0.067,0.087,1566.4,2044.0
saiyan,martialartist,androidforms,ssdroid3,m0,3,19.0,19.0,23.0,2.0,2.0,23.0,4560.0,31122.0,2070.0,23.0,2611.3,21371.4,0.122,245.9,661.8,0.02,0.12,0.157,1566.4,2044.0
saiyan,martialartist,androidforms,ssdroid3,m0,5,19.0,19.0,23.0,2.0,2.0,23.0,4560.0,31122.0,2070.0,23.0,2330.2,21371.4,0.109,409.8,1374.5,0.04,0.2,0.262,1566.4,2044.0
saiyan,martialartist,androidforms,ssdroid3,m0,7,19.0,19.0,23.0,2.0,2.0,23.0,4560.0,31122.0,2070.0,23.0,2330.2,21371.4,0.109,519.0,2036.3,0.07,0.254,0.331,1566.4,2044.0
saiyan,martialartist,androidforms,ssdroid3,m100,1,28.5,28.5,34.5,3.0,3.0,34.5,6840.0,46683.0,3105.0,34.5,2925.0,32057.1,0.091,166.3,248.5,0.01,0.054,0.091,1820.5,3056.0
saiyan,martialartist,androidforms,ssdroid3,m100,3,28.5,28.5,34.5,3.0,3.0,34.5,6840.0,46683.0,3105.0,34.5,2767.7,32057.1,0.086,299.4,769.1,0.02,0.098,0.164,1820.5,3056.0
saiyan,martialartist,androidforms,ssdroid3,m100,5,28.5,28.5,34.5,3.0,3.0,34.5,6840.0,46683.0,3105.0,34.5,2457.1,32057.1,0.077,499.0,1597.5,0.03,0.163,0.274,1820.5,3056.0
saiyan,martialartist,androidforms,ssdroid3,m100,7,28.5,28.5,34.5,3.0,3.0,34.5,6840.0,46683.0,3105.0,34.5,2457.1,32057.1,0.077,632.0,2366.6,0.05,0.207,0.347,1820.5,3056.0
saiyan,martialartist,androidforms,ssdroid4,m0,1,31.0,31.0,36.0,2.0,2.0,34.0,7440.0,50778.0,3240.0,36.0,2960.6,34849.1,0.085,140.7,222.3,0.0,0.069,0.092,1532.3,2044.0
saiyan,martialartist,androidforms,ssdroid4,m0,3,31.0,31.0,36.0,2.0,2.0,34.0,7440.0,50778.0,3240.0,36.0,2809.7,34849.1,0.081,253.2,647.4,0.01,0.124,0.165,1532.3,2044.0
saiyan,martialartist,androidforms,ssdroid4,m0,5,31.0,31.0,36.0,2.0,2.0,34.0,7440.0,50778.0,3240.0,36.0,2491.1,34849.1,0.071,422.0,1344.6,0.03,0.206,0.275,1532.3,2044.0
saiyan,martialartist,androidforms,ssdroid4,m0,7,31.0,31.0,36.0,2.0,2.0,34.0,7440.0,50778.0,3240.0,36.0,2491.1,34849.1,0.071,534.5,1992.0,0.04,0.262,0.349,1532.3,2044.0
saiyan,martialartist,androidforms,ssdroid4,m100,1,46.5,46.5,54.0,3.0,3.0,51.0,11160.0,76167.0,4860.0,54.0,2998.0,52273.7,0.057,167.1,237.6,0.0,0.055,0.096,1740.9,3056.0
saiyan,martialartist,androidforms,ssdroid4,m100,3,46.5,46.5,54.0,3.0,3.0,51.0,11160.0,76167.0,4860.0,54.0,2942.8,52273.7,0.056,300.7,735.5,0.01,0.098,0.173,1740.9,3056.0
saiyan,martialartist,androidforms,ssdroid4,m100,5,46.5,46.5,54.0,3.0,3.0,51.0,11160.0,76167.0,4860.0,54.0,2599.0,52273.7,0.05,501.2,1527.6,0.02,0.164,0.288,1740.9,3056.0
saiyan,martialartist,androidforms,ssdroid4,m100,7,46.5,46.5,54.0,3.0,3.0,51.0,11160.0,76167.0,4860.0,54.0,2599.0,52273.7,0.05,634.8,2263.2,0.03,0.208,0.365,1740.9,3056.0
saiyan,martialartist,godforms,beyond_god,m0,1,12.75,12.75,12.75,1.0,1.0,14.75,3060.0,20884.5,1147.5,14.75,2738.9,14312.9,0.191,85.3,203.1,0.01,0.083,0.083,1032.0,1032.0
saiyan,martialartist,godforms,beyond_god,m0,3,12.75,12.75,12.75,1.0,1.0,14.75,3060.0,20884.5,1147.5,14.75,2448.1,14312.9,0.171,153.5,465.4,0.02,0.149,0.149,1032.0,1032.0
saiyan,martialartist,godforms,beyond_god,m0,5,12.75,12.75,12.75,1.0,1.0,14.75,3060.0,20884.5,1147.5,14.75,2198.0,14312.9,0.154,255.8,905.6,0.04,0.248,0.248,1032.0,1032.0
saiyan,martialartist,godforms,beyond_god,m0,7,12.75,12.75,12.75,1.0,1.0,14.75,3060.0,20884.5,1147.5,14.75,2198.0,14312.9,0.154,324.1,1341.6,0.06,0.314,0.314,1032.0,1032.0
saiyan,martialartist,godforms,beyond_god,m100,1,19.12,19.12,19.12,1.0,1.0,22.12,4590.0,31326.8,1721.2,22.12,2862.3,21467.6,0.133,89.6,207.2,0.01,0.087,0.087,1032.0,1032.0
saiyan,martialartist,godforms,beyond_god,m100,3,19.12,19.12,19.12,1.0,1.0,22.12,4590.0,31326.8,1721.2,22.12,2621.9,21467.6,0.122,161.2,498.5,0.02,0.156,0.156,1032.0,1032.0
saiyan,martialartist,godforms,beyond_god,m100,5,19.12,19.12,19.12,1.0,1.0,22.12,4590.0,31326.8,1721.2,22.12,2338.9,21467.6,0.109,268.7,905.6,0.03,0.26,0.26,1032.0,1032.0
saiyan,martialartist,godforms,beyond_god,m100,7,19.12,19.12,19.12,1.0,1.0,22.12,4590.0,31326.8,1721.2,22.12,2338.9,21467.6,0.109,340.4,1341.6,0.04,0.33,0.33,1032.0,1032.0
saiyan,martialartist,godforms,supersaiyangod,m0,1,16.75,16.75,16.75,1.0,1.0,16.75,4020.0,27436.5,1507.5,16.75,2894.6,18802.1,0.154,86.6,204.4,0.01,0.084,0.084,1032.0,1032.0
saiyan,martialartist,godforms,supersaiyangod,m0,3,16.75,16.75,16.75,1.0,1.0,16.75,4020.0,27436.5,1507.5,16.75,2598.1,18802.1,0.138,155.9,494.0,0.02,0.151,0.151,1032.0,1032.0
saiyan,martialartist,godforms,supersaiyangod,m0,5,16.75,16.75,16.75,1.0,1.0,16.75,4020.0,27436.5,1507.5,16.75,2319.6,18802.1,0.123,259.9,905.6,0.03,0.252,0.252,1032.0,1032.0
saiyan,martialartist,godforms,supersaiyangod,m0,7,16.75,16.75,16.75,1.0,1.0,16.75,4020.0,27436.5,1507.5,16.75,2319.6,18802.1,0.123,329.2,1341.6,0.05,0.319,0.319,1032.0,1032.0
saiyan,martialartist,godforms,supersaiyangod,m100,1,25.12,25.12,25.12,1.0,1.0,25.12,6030.0,41154.8,2261.2,25.12,3005.2,28201.4,0.107,90.9,208.5,0.01,0.088,0.088,1032.0,1032.0
saiyan,martialartist,godforms,supersaiyangod,m100,3,25.12,25.12,25.12,1.0,1.0,25.12,6030.0,41154.8,2261.2,25.12,2771.3,28201.4,0.098,163.7,526.9,0.01,0.159,0.159,1032.0,1032.0
saiyan,martialartist,godforms,supersaiyangod,m100,5,25.12,25.12,25.12,1.0,1.0,25.12,6030.0,41154.8,2261.2,25.12,2460.0,28201.4,0.087,272.8,905.6,0.02,0.264,0.264,1032.0,1032.0
saiyan,martialartist,godforms,supersaiyangod,m100,7,25.12,25.12,25.12,1.0,1.0,25.12,6030.0,41154.8,2261.2,25.12,2460.0,28201.4,0.087,345.5,1341.6,0.03,0.335,0.335,1032.0,1032.0
saiyan,martialartist,godforms,supersaiyanblue,m0,1,32.75,32.75,32.75,1.0,1.0,32.75,7860.0,53644.5,2947.5,32.75,3055.8,36758.9,0.083,93.7,211.1,0.0,0.091,0.091,1032.0,1032.0
saiyan,martialartist,godforms,supersaiyanblue,m0,3,32.75,32.75,32.75,1.0,1.0,32.75,7860.0,53644.5,2947.5,32.75,2874.9,36758.9,0.078,168.7,546.6,0.01,0.163,0.163,1032.0,1032.0
saiyan,martialartist,godforms,supersaiyanblue,m0,5,32.75,32.75,32.75,1.0,1.0,32.75,7860.0,53644.5,2947.5,32.75,2544.0,36758.9,0.069,281.2,905.6,0.02,0.272,0.272,1032.0,1032.0
saiyan,martialartist,godforms,supersaiyanblue,m0,7,32.75,32.75,32.75,1.0,1.0,32.75,7860.0,53644.5,2947.5,32.75,2544.0,36758.9,0.069,356.2,1341.6,0.03,0.345,0.345,1032.0,1032.0
saiyan,martialartist,godforms,supersaiyanblue,m100,1,49.12,49.12,49.12,1.0,1.0,49.12,11790.0,80466.8,4421.2,49.12,3097.6,55136.6,0.056,98.0,215.2,0.0,0.095,0.095,1032.0,1032.0
saiyan,martialartist,godforms,supersaiyanblue,m100,3,49.12,49.12,49.12,1.0,1.0,49.12,11790.0,80466.8,4421.2,49.12,3014.1,55136.6,0.055,176.5,573.1,0.01,0.171,0.171,1032.0,1032.0
saiyan,martialartist,godforms,supersaiyanblue,m100,5,49.12,49.12,49.12,1.0,1.0,49.12,11790.0,80466.8,4421.2,49.12,2656.9,55136.6,0.048,294.1,905.6,0.01,0.285,0.285,1032.0,1032.0
saiyan,martialartist,godforms,supersaiyanblue,m100,7,49.12,49.12,49.12,1.0,1.0,49.12,11790.0,80466.8,4421.2,49.12,2656.9,55136.6,0.048,372.5,1341.6,0.02,0.361,0.361,1032.0,1032.0
saiyan,martialartist,legendaryforms,ikari,m0,1,3.4,3.4,3.4,1.0,1.0,2.62,816.0,5569.2,306.0,3.4,2216.1,3819.4,0.58,69.7,166.4,0.03,0.068,0.068,1032.0,1032.0
saiyan,martialartist,legendaryforms,ikari,m0,3,3.4,3.4,3.4,1.0,1.0,2.62,816.0,5569.2,306.0,3.4,2532.5,3819.4,0.663,125.5,481.5,0.09,0.122,0.122,1032.0,1032.0
saiyan,martialartist,legendaryforms,ikari,m0,5,3.4,3.4,3.4,1.0,1.0,2.62,816.0,5569.2,306.0,3.4,1840.0,3819.4,0.482,209.2,905.6,0.16,0.203,0.203,1032.0,1032.0
saiyan,martialartist,legendaryforms,ikari,m0,7,3.4,3.4,3.4,1.0,1.0,2.62,816.0,5569.2,306.0,3.4,1840.0,3819.4,0.482,265.0,1341.6,0.24,0.257,0.257,1032.0,1032.0
saiyan,martialartist,legendaryforms,ikari,m100,1,5.1,5.1,5.1,1.0,1.0,3.94,1224.0,8353.8,459.0,5.1,2755.0,5727.3,0.481,74.0,192.5,0.02,0.072,0.072,1032.0,1032.0
saiyan,martialartist,legendaryforms,ikari,m100,3,5.1,5.1,5.1,1.0,1.0,3.94,1224.0,8353.8,459.0,5.1,3227.8,5727.3,0.564,133.2,595.7,0.07,0.129,0.129,1032.0,1032.0
saiyan,martialartist,legendaryforms,ikari,m100,5,5.1,5.1,5.1,1.0,1.0,3.94,1224.0,8353.8,459.0,5.1,2193.0,5727.3,0.383,222.1,905.6,0.11,0.215,0.215,1032.0,1032.0
saiyan,martialartist,legendaryforms,ikari,m100,7,5.1,5.1,5.1,1.0,1.0,3.94,1224.0,8353.8,459.0,5.1,2193.0,5727.3,0.383,281.3,1341.6,0.16,0.273,0.273,1032.0,1032.0
saiyan,martialartist,legendaryforms,ssjhybrid,m0,1,8.3,8.3,8.3,1.0,1.0,6.25,1992.0,13595.4,747.0,8.3,2543.7,9318.7,0.273,79.2,191.0,0.01,0.077,0.077,1032.0,1032.0
saiyan,martialartist,legendaryforms,ssjhybrid,m0,3,8.3,8.3,8.3,1.0,1.0,6.25,1992.0,13595.4,747.0,8.3,2271.3,9318.7,0.244,142.5,436.0,0.03,0.138,0.138,1032.0,1032.0
saiyan,martialartist,legendaryforms,ssjhybrid,m0,5,8.3,8.3,8.3,1.0,1.0,6.25,1992.0,13595.4,747.0,8.3,2054.6,9318.7,0.22,237.6,905.6,0.07,0.23,0.23,1032.0,1032.0
saiyan,martialartist,legendaryforms,ssjhybrid,m0,7,8.3,8.3,8.3,1.0,1.0,6.25,1992.0,13595.4,747.0,8.3,2054.6,9318.7,0.22,300.9,1341.6,0.1,0.292,0.292,1032.0,1032.0
saiyan,martialartist,legendaryforms,ssjhybrid,m100,1,12.45,12.45,12.45,1.0,1.0,9.38,2988.0,20393.1,1120.5,12.45,2781.0,13976.2,0.199,83.5,201.4,0.01,0.081,0.081,1032.0,1032.0
saiyan,martialartist,legendaryforms,ssjhybrid,m100,3,12.45,12.45,12.45,1.0,1.0,9.38,2988.0,20393.1,1120.5,12.45,2463.0,13976.2,0.176,150.3,468.3,0.02,0.146,0.146,1032.0,1032.0
saiyan,martialartist,legendaryforms,ssjhybrid,m100,5,12.45,12.45,12.45,1.0,1.0,9.38,2988.0,20393.1,1120.5,12.45,2210.0,13976.2,0.158,250.5,905.6,0.04,0.243,0.243,1032.0,1032.0
saiyan,martialartist,legendaryforms,ssjhybrid,m100,7,12.45,12.45,12.45,1.0,1.0,9.38,2988.0,20393.1,1120.5,12.45,2210.0,13976.2,0.158,317.2,1341.6,0.07,0.307,0.307,1032.0,1032.0
saiyan,martialartist,legendaryforms,ssjfullpower,m0,1,14.5,14.5,14.0,1.0,1.0,12.62,3480.0,23751.0,1260.0,14.5,2845.9,16271.9,0.175,85.1,202.9,0.01,0.082,0.082,1032.0,1032.0
saiyan,martialartist,legendaryforms,ssjfullpower,m0,3,14.5,14.5,14.0,1.0,1.0,12.62,3480.0,23751.0,1260.0,14.5,2532.9,16271.9,0.156,153.2,481.6,0.02,0.148,0.148,1032.0,1032.0
saiyan,martialartist,legendaryforms,ssjfullpower,m0,5,14.5,14.5,14.0,1.0,1.0,12.62,3480.0,23751.0,1260.0,14.5,2266.7,16271.9,0.139,255.3,905.6,0.04,0.247,0.247,1032.0,1032.0
saiyan,martialartist,legendaryforms,ssjfullpower,m0,7,14.5,14.5,14.0,1.0,1.0,12.62,3480.0,23751.0,1260.0,14.5,2266.7,16271.9,0.139,323.4,1341.6,0.06,0.313,0.313,1032.0,1032.0
saiyan,martialartist,legendaryforms,ssjfullpower,m100,1,21.75,21.75,21.0,1.0,1.0,18.94,5220.0,35626.5,1890.0,21.75,2970.1,24406.0,0.122,89.4,207.0,0.01,0.087,0.087,1032.0,1032.0
saiyan,martialartist,legendaryforms,ssjfullpower,m100,3,21.75,21.75,21.0,1.0,1.0,18.94,5220.0,35626.5,1890.0,21.75,2711.3,24406.0,0.111,160.9,515.5,0.01,0.156,0.156,1032.0,1032.0
saiyan,martialartist,legendaryforms,ssjfullpower,m100,5,21.75,21.75,21.0,1.0,1.0,18.94,5220.0,35626.5,1890.0,21.75,2411.4,24406.0,0.099,268.2,905.6,0.03,0.26,0.26,1032.0,1032.0
saiyan,martialartist,legendaryforms,ssjfullpower,m100,7,21.75,21.75,21.0,1.0,1.0,18.94,5220.0,35626.5,1890.0,21.75,2411.4,24406.0,0.099,339.7,1341.6,0.04,0.329,0.329,1032.0,1032.0
saiyan,martialartist,oozaru,oozaru,m0,1,1.2,1.2,1.2,1.0,1.0,1.12,288.0,1965.6,108.0,1.2,1295.0,1350.4,0.959,61.9,140.9,0.07,0.06,0.06,1032.0,1032.0
saiyan,martialartist,oozaru,oozaru,m0,3,1.2,1.2,1.2,1.0,1.0,1.12,288.0,1965.6,108.0,1.2,1344.1,1350.4,0.995,105.6,436.0,0.22,0.102,0.102,1032.0,1032.0
saiyan,martialartist,oozaru,oozaru,m0,5,1.2,1.2,1.2,1.0,1.0,1.12,288.0,1965.6,108.0,1.2,1236.7,1350.4,0.916,176.1,905.6,0.46,0.171,0.171,1032.0,1032.0
saiyan,martialartist,oozaru,oozaru,m0,7,1.2,1.2,1.2,1.0,1.0,1.12,288.0,1965.6,108.0,1.2,1236.7,1350.4,0.916,223.0,1341.6,0.68,0.216,0.216,1032.0,1032.0
saiyan,martialartist,oozaru,oozaru,m100,1,1.8,1.8,1.8,1.0,1.0,1.69,432.0,2948.4,162.0,1.8,1604.2,2023.7,0.793,63.0,140.9,0.05,0.061,0.061,1032.0,1032.0
saiyan,martialartist,oozaru,oozaru,m100,3,1.8,1.8,1.8,1.0,1.0,1.69,432.0,2948.4,162.0,1.8,1743.0,2023.7,0.861,113.4,436.0,0.15,0.11,0.11,1032.0,1032.0
saiyan,martialartist,oozaru,oozaru,m100,5,1.8,1.8,1.8,1.0,1.0,1.69,432.0,2948.4,162.0,1.8,1439.2,2023.7,0.711,189.0,905.6,0.31,0.183,0.183,1032.0,1032.0
saiyan,martialartist,oozaru,oozaru,m100,7,1.8,1.8,1.8,1.0,1.0,1.69,432.0,2948.4,162.0,1.8,1439.2,2023.7,0.711,239.4,1341.6,0.46,0.232,0.232,1032.0,1032.0
saiyan,martialartist,oozaru,goldenoozaru,m0,1,10.0,10.0,10.0,1.0,1.0,8.12,2400.0,16380.0,900.0,10.0,2653.7,11226.6,0.236,81.2,199.2,0.01,0.079,0.079,1032.0,1032.0
saiyan,martialartist,oozaru,goldenoozaru,m0,3,10.0,10.0,10.0,1.0,1.0,8.12,2400.0,16380.0,900.0,10.0,2360.1,11226.6,0.21,146.1,448.7,0.03,0.142,0.142,1032.0,1032.0
saiyan,martialartist,oozaru,goldenoozaru,m0,5,10.0,10.0,10.0,1.0,1.0,8.12,2400.0,16380.0,900.0,10.0,2126.6,11226.6,0.189,243.5,905.6,0.06,0.236,0.236,1032.0,1032.0
saiyan,martialartist,oozaru,goldenoozaru,m0,7,10.0,10.0,10.0,1.0,1.0,8.12,2400.0,16380.0,900.0,10.0,2126.6,11226.6,0.189,308.4,1341.6,0.08,0.299,0.299,1032.0,1032.0
saiyan,martialartist,oozaru,goldenoozaru,m100,1,15.0,15.0,15.0,1.0,1.0,12.19,3600.0,24570.0,1350.0,15.0,2857.9,16838.1,0.17,85.5,203.3,0.01,0.083,0.083,1032.0,1032.0
saiyan,martialartist,oozaru,goldenoozaru,m100,3,15.0,15.0,15.0,1.0,1.0,12.19,3600.0,24570.0,1350.0,15.0,2548.5,16838.1,0.151,153.8,484.5,0.02,0.149,0.149,1032.0,1032.0
saiyan,martialartist,oozaru,goldenoozaru,m100,5,15.0,15.0,15.0,1.0,1.0,12.19,3600.0,24570.0,1350.0,15.0,2279.4,16838.1,0.135,256.4,905.6,0.04,0.248,0.248,1032.0,1032.0
saiyan,martialartist,oozaru,goldenoozaru,m100,7,15.0,15.0,15.0,1.0,1.0,12.19,3600.0,24570.0,1350.0,15.0,2279.4,16838.1,0.135,324.7,1341.6,0.05,0.315,0.315,1032.0,1032.0
saiyan,martialartist,oozaru,supersaiyan4,m0,1,14.5,14.5,14.5,1.0,1.0,12.88,3480.0,23751.0,1305.0,14.5,2846.1,16277.0,0.175,85.1,202.9,0.01,0.082,0.082,1032.0,1032.0
saiyan,martialartist,oozaru,supersaiyan4,m0,3,14.5,14.5,14.5,1.0,1.0,12.88,3480.0,23751.0,1305.0,14.5,2533.1,16277.0,0.156,153.2,481.6,0.02,0.148,0.148,1032.0,1032.0
saiyan,martialartist,oozaru,supersaiyan4,m0,5,14.5,14.5,14.5,1.0,1.0,12.88,3480.0,23751.0,1305.0,14.5,2266.9,16277.0,0.139,255.3,905.6,0.04,0.247,0.247,1032.0,1032.0
saiyan,martialartist,oozaru,supersaiyan4,m0,7,14.5,14.5,14.5,1.0,1.0,12.88,3480.0,23751.0,1305.0,14.5,2266.9,16277.0,0.139,323.4,1341.6,0.06,0.313,0.313,1032.0,1032.0
saiyan,martialartist,oozaru,supersaiyan4,m100,1,21.75,21.75,21.75,1.0,1.0,19.31,5220.0,35626.5,1957.5,21.75,2970.3,24413.6,0.122,89.4,207.0,0.01,0.087,0.087,1032.0,1032.0
saiyan,martialartist,oozaru,supersaiyan4,m100,3,21.75,21.75,21.75,1.0,1.0,19.31,5220.0,35626.5,1957.5,21.75,2711.5,24413.6,0.111,160.9,515.5,0.01,0.156,0.156,1032.0,1032.0
saiyan,martialartist,oozaru,supersaiyan4,m100,5,21.75,21.75,21.75,1.0,1.0,19.31,5220.0,35626.5,1957.5,21.75,2411.5,24413.6,0.099,268.2,905.6,0.03,0.26,0.26,1032.0,1032.0
saiyan,martialartist,oozaru,supersaiyan4,m100,7,21.75,21.75,21.75,1.0,1.0,19.31,5220.0,35626.5,1957.5,21.75,2411.5,24413.6,0.099,339.7,1341.6,0.04,0.329,0.329,1032.0,1032.0
saiyan,martialartist,salt,cumber,m0,1,1.3,1.3,1.3,1.3,1.0,1.0,312.0,2129.4,117.0,1.3,1355.8,1463.7,0.926,61.9,140.9,0.07,0.06,0.06,1032.0,1032.0
saiyan,martialartist,salt,cumber,m0,3,1.3,1.3,1.3,1.3,1.0,1.0,312.0,2129.4,117.0,1.3,1422.6,1463.7,0.972,107.2,436.0,0.2,0.104,0.104,1032.0,1032.0
saiyan,martialartist,salt,cumber,m0,5,1.3,1.3,1.3,1.3,1.0,1.0,312.0,2129.4,117.0,1.3,1276.5,1463.7,0.872,178.6,905.6,0.43,0.173,0.173,1032.0,1032.0
saiyan,martialartist,salt,cumber,m0,7,1.3,1.3,1.3,1.3,1.0,1.0,312.0,2129.4,117.0,1.3,1276.5,1463.7,0.872,226.3,1341.6,0.63,0.219,0.219,1032.0,1032.0
saiyan,martialartist,salt,cumber,m100,1,1.3,1.3,1.3,1.3,1.0,1.0,312.0,2129.4,117.0,1.3,1355.8,1463.7,0.926,61.9,140.9,0.07,0.06,0.06,1032.0,1032.0
saiyan,martialartist,salt,cumber,m100,3,1.3,1.3,1.3,1.3,1.0,1.0,312.0,2129.4,117.0,1.3,1422.6,1463.7,0.972,107.2,436.0,0.2,0.104,0.104,1032.0,1032.0
saiyan,martialartist,salt,cumber,m100,5,1.3,1.3,1.3,1.3,1.0,1.0,312.0,2129.4,117.0,1.3,1276.5,1463.7,0.872,178.6,905.6,0.43,0.173,0.173,1032.0,1032.0
saiyan,martialartist,salt,cumber,m100,7,1.3,1.3,1.3,1.3,1.0,1.0,312.0,2129.4,117.0,1.3,1276.5,1463.7,0.872,226.3,1341.6,0.63,0.219,0.219,1032.0,1032.0
saiyan,martialartist,ssgrades,supersaiyan,m0,1,3.25,3.25,3.25,1.0,1.0,3.31,780.0,5323.5,292.5,3.31,2164.6,3651.1,0.593,69.5,162.5,0.03,0.067,0.067,1032.0,1032.0
saiyan,martialartist,ssgrades,supersaiyan,m0,3,3.25,3.25,3.25,1.0,1.0,3.31,780.0,5323.5,292.5,3.31,2466.1,3651.1,0.675,125.0,468.9,0.09,0.121,0.121,1032.0,1032.0
saiyan,martialartist,ssgrades,supersaiyan,m0,5,3.25,3.25,3.25,1.0,1.0,3.31,780.0,5323.5,292.5,3.31,1806.3,3651.1,0.495,208.4,905.6,0.17,0.202,0.202,1032.0,1032.0
saiyan,martialartist,ssgrades,supersaiyan,m0,7,3.25,3.25,3.25,1.0,1.0,3.31,780.0,5323.5,292.5,3.31,1806.3,3651.1,0.495,263.9,1341.6,0.25,0.256,0.256,1032.0,1032.0
saiyan,martialartist,ssgrades,supersaiyan,m100,1,4.88,4.88,4.88,1.0,1.0,4.97,1170.0,7985.2,438.8,4.97,2687.5,5474.8,0.491,73.8,192.2,0.02,0.071,0.071,1032.0,1032.0
saiyan,martialartist,ssgrades,supersaiyan,m100,3,4.88,4.88,4.88,1.0,1.0,4.97,1170.0,7985.2,438.8,4.97,3140.7,5474.8,0.574,132.8,594.9,0.07,0.129,0.129,1032.0,1032.0
saiyan,martialartist,ssgrades,supersaiyan,m100,5,4.88,4.88,4.88,1.0,1.0,4.97,1170.0,7985.2,438.8,4.97,2148.8,5474.8,0.392,221.3,905.6,0.11,0.214,0.214,1032.0,1032.0
saiyan,martialartist,ssgrades,supersaiyan,m100,7,4.88,4.88,4.88,1.0,1.0,4.97,1170.0,7985.2,438.8,4.97,2148.8,5474.8,0.392,280.3,1341.6,0.17,0.272,0.272,1032.0,1032.0
saiyan,martialartist,ssgrades,supersaiyangrade2,m0,1,3.75,3.75,3.75,1.0,1.0,3.5,900.0,6142.5,337.5,3.75,2333.3,4212.2,0.554,70.8,175.2,0.03,0.069,0.069,1032.0,1032.0
saiyan,martialartist,ssgrades,supersaiyangrade2,m0,3,3.75,3.75,3.75,1.0,1.0,3.5,900.0,6142.5,337.5,3.75,2683.7,4212.2,0.637,127.4,510.2,0.08,0.123,0.123,1032.0,1032.0
saiyan,martialartist,ssgrades,supersaiyangrade2,m0,5,3.75,3.75,3.75,1.0,1.0,3.5,900.0,6142.5,337.5,3.75,1916.8,4212.2,0.455,212.3,905.6,0.15,0.206,0.206,1032.0,1032.0
saiyan,martialartist,ssgrades,supersaiyangrade2,m0,7,3.75,3.75,3.75,1.0,1.0,3.5,900.0,6142.5,337.5,3.75,1916.8,4212.2,0.455,268.9,1341.6,0.22,0.261,0.261,1032.0,1032.0
saiyan,martialartist,ssgrades,supersaiyangrade2,m100,1,5.62,5.62,5.62,1.0,1.0,5.25,1350.0,9213.8,506.2,5.62,2909.1,6316.5,0.461,75.1,193.4,0.02,0.073,0.073,1032.0,1032.0
saiyan,martialartist,ssgrades,supersaiyangrade2,m100,3,5.62,5.62,5.62,1.0,1.0,5.25,1350.0,9213.8,506.2,5.62,3426.6,6316.5,0.542,135.1,598.7,0.06,0.131,0.131,1032.0,1032.0
saiyan,martialartist,ssgrades,supersaiyangrade2,m100,5,5.62,5.62,5.62,1.0,1.0,5.25,1350.0,9213.8,506.2,5.62,2293.9,6316.5,0.363,225.2,905.6,0.1,0.218,0.218,1032.0,1032.0
saiyan,martialartist,ssgrades,supersaiyangrade2,m100,7,5.62,5.62,5.62,1.0,1.0,5.25,1350.0,9213.8,506.2,5.62,2293.9,6316.5,0.363,285.2,1341.6,0.15,0.276,0.276,1032.0,1032.0
saiyan,martialartist,ssgrades,supersaiyangrade3,m0,1,4.75,4.75,4.75,1.0,1.0,4.0,1140.0,7780.5,427.5,4.75,2649.6,5334.5,0.497,73.3,191.7,0.02,0.071,0.071,1032.0,1032.0
saiyan,martialartist,ssgrades,supersaiyangrade3,m0,3,4.75,4.75,4.75,1.0,1.0,4.0,1140.0,7780.5,427.5,4.75,3091.7,5334.5,0.58,131.9,587.8,0.08,0.128,0.128,1032.0,1032.0
saiyan,martialartist,ssgrades,supersaiyangrade3,m0,5,4.75,4.75,4.75,1.0,1.0,4.0,1140.0,7780.5,427.5,4.75,2123.9,5334.5,0.398,219.8,905.6,0.12,0.213,0.213,1032.0,1032.0
saiyan,martialartist,ssgrades,supersaiyangrade3,m0,7,4.75,4.75,4.75,1.0,1.0,4.0,1140.0,7780.5,427.5,4.75,2123.9,5334.5,0.398,278.4,1341.6,0.17,0.27,0.27,1032.0,1032.0
saiyan,martialartist,ssgrades,supersaiyangrade3,m100,1,7.12,7.12,7.12,1.0,1.0,6.0,1710.0,11670.8,641.2,7.12,2452.9,8000.0,0.307,77.6,184.2,0.02,0.075,0.075,1032.0,1032.0
saiyan,martialartist,ssgrades,supersaiyangrade3,m100,3,7.12,7.12,7.12,1.0,1.0,6.0,1710.0,11670.8,641.2,7.12,2197.9,8000.0,0.275,139.6,436.0,0.04,0.135,0.135,1032.0,1032.0
saiyan,martialartist,ssgrades,supersaiyangrade3,m100,5,7.12,7.12,7.12,1.0,1.0,6.0,1710.0,11670.8,641.2,7.12,1995.1,8000.0,0.249,232.7,905.6,0.08,0.225,0.225,1032.0,1032.0
saiyan,martialartist,ssgrades,supersaiyangrade3,m100,7,7.12,7.12,7.12,1.0,1.0,6.0,1710.0,11670.8,641.2,7.12,1995.1,8000.0,0.249,294.8,1341.6,0.11,0.286,0.286,1032.0,1032.0
saiyan,martialartist,supersaiyan,supersaiyanmastered,m0,1,3.75,3.75,3.75,1.0,1.0,3.44,900.0,6142.5,337.5,3.75,2333.3,4212.2,0.554,70.8,175.2,0.03,0.069,0.069,1032.0,1032.0
saiyan,martialartist,supersaiyan,supersaiyanmastered,m0,3,3.75,3.75,3.75,1.0,1.0,3.44,900.0,6142.5,337.5,3.75,2683.7,4212.2,0.637,127.4,510.2,0.08,0.123,0.123,1032.0,1032.0
saiyan,martialartist,supersaiyan,supersaiyanmastered,m0,5,3.75,3.75,3.75,1.0,1.0,3.44,900.0,6142.5,337.5,3.75,1916.8,4212.2,0.455,212.3,905.6,0.15,0.206,0.206,1032.0,1032.0
saiyan,martialartist,supersaiyan,supersaiyanmastered,m0,7,3.75,3.75,3.75,1.0,1.0,3.44,900.0,6142.5,337.5,3.75,1916.8,4212.2,0.455,268.9,1341.6,0.22,0.261,0.261,1032.0,1032.0
saiyan,martialartist,supersaiyan,supersaiyanmastered,m100,1,5.62,5.62,5.62,1.0,1.0,5.16,1350.0,9213.8,506.2,5.62,2909.1,6316.5,0.461,75.1,193.4,0.02,0.073,0.073,1032.0,1032.0
saiyan,martialartist,supersaiyan,supersaiyanmastered,m100,3,5.62,5.62,5.62,1.0,1.0,5.16,1350.0,9213.8,506.2,5.62,3426.6,6316.5,0.542,135.1,598.7,0.06,0.131,0.131,1032.0,1032.0
saiyan,martialartist,supersaiyan,supersaiyanmastered,m100,5,5.62,5.62,5.62,1.0,1.0,5.16,1350.0,9213.8,506.2,5.62,2293.9,6316.5,0.363,225.2,905.6,0.1,0.218,0.218,1032.0,1032.0
saiyan,martialartist,supersaiyan,supersaiyanmastered,m100,7,5.62,5.62,5.62,1.0,1.0,5.16,1350.0,9213.8,506.2,5.62,2293.9,6316.5,0.363,285.2,1341.6,0.15,0.276,0.276,1032.0,1032.0
saiyan,martialartist,supersaiyan,supersaiyan2,m0,1,6.25,6.25,6.25,1.0,1.0,5.81,1500.0,10237.5,562.5,6.25,2374.6,7018.0,0.338,76.2,178.3,0.02,0.074,0.074,1032.0,1032.0
saiyan,martialartist,supersaiyan,supersaiyan2,m0,3,6.25,6.25,6.25,1.0,1.0,5.81,1500.0,10237.5,562.5,6.25,2134.7,7018.0,0.304,137.1,436.0,0.04,0.133,0.133,1032.0,1032.0
saiyan,martialartist,supersaiyan,supersaiyan2,m0,5,6.25,6.25,6.25,1.0,1.0,5.81,1500.0,10237.5,562.5,6.25,1943.8,7018.0,0.277,228.5,905.6,0.09,0.221,0.221,1032.0,1032.0
saiyan,martialartist,supersaiyan,supersaiyan2,m0,7,6.25,6.25,6.25,1.0,1.0,5.81,1500.0,10237.5,562.5,6.25,1943.8,7018.0,0.277,289.5,1341.6,0.13,0.281,0.281,1032.0,1032.0
saiyan,martialartist,supersaiyan,supersaiyan2,m100,1,9.38,9.38,9.38,1.0,1.0,8.72,2250.0,15356.2,843.8,9.38,2615.7,10525.2,0.249,80.5,196.4,0.01,0.078,0.078,1032.0,1032.0
saiyan,martialartist,supersaiyan,supersaiyan2,m100,3,9.38,9.38,9.38,1.0,1.0,8.72,2250.0,15356.2,843.8,9.38,2329.5,10525.2,0.221,144.9,442.9,0.03,0.14,0.14,1032.0,1032.0
saiyan,martialartist,supersaiyan,supersaiyan2,m100,5,9.38,9.38,9.38,1.0,1.0,8.72,2250.0,15356.2,843.8,9.38,2101.8,10525.2,0.2,241.4,905.6,0.06,0.234,0.234,1032.0,1032.0
saiyan,martialartist,supersaiyan,supersaiyan2,m100,7,9.38,9.38,9.38,1.0,1.0,8.72,2250.0,15356.2,843.8,9.38,2101.8,10525.2,0.2,305.8,1341.6,0.09,0.296,0.296,1032.0,1032.0
saiyan,martialartist,supersaiyan,supersaiyan3,m0,1,10.0,10.0,10.0,1.0,1.0,8.44,2400.0,16380.0,900.0,10.0,2653.7,11226.6,0.236,81.2,199.2,0.01,0.079,0.079,1032.0,1032.0
saiyan,martialartist,supersaiyan,supersaiyan3,m0,3,10.0,10.0,10.0,1.0,1.0,8.44,2400.0,16380.0,900.0,10.0,2360.1,11226.6,0.21,146.1,448.7,0.03,0.142,0.142,1032.0,1032.0
saiyan,martialartist,supersaiyan,supersaiyan3,m0,5,10.0,10.0,10.0,1.0,1.0,8.44,2400.0,16380.0,900.0,10.0,2126.6,11226.6,0.189,243.5,905.6,0.06,0.236,0.236,1032.0,1032.0
saiyan,martialartist,supersaiyan,supersaiyan3,m0,7,10.0,10.0,10.0,1.0,1.0,8.44,2400.0,16380.0,900.0,10.0,2126.6,11226.6,0.189,308.4,1341.6,0.08,0.299,0.299,1032.0,1032.0
saiyan,martialartist,supersaiyan,supersaiyan3,m100,1,15.0,15.0,15.0,1.0,1.0,12.66,3600.0,24570.0,1350.0,15.0,2857.9,16838.1,0.17,85.5,203.3,0.01,0.083,0.083,1032.0,1032.0
saiyan,martialartist,supersaiyan,supersaiyan3,m100,3,15.0,15.0,15.0,1.0,1.0,12.66,3600.0,24570.0,1350.0,15.0,2548.5,16838.1,0.151,153.8,484.5,0.02,0.149,0.149,1032.0,1032.0
saiyan,martialartist,supersaiyan,supersaiyan3,m100,5,15.0,15.0,15.0,1.0,1.0,12.66,3600.0,24570.0,1350.0,15.0,2279.4,16838.1,0.135,256.4,905.6,0.04,0.248,0.248,1032.0,1032.0
saiyan,martialartist,supersaiyan,supersaiyan3,m100,7,15.0,15.0,15.0,1.0,1.0,12.66,3600.0,24570.0,1350.0,15.0,2279.4,16838.1,0.135,324.7,1341.6,0.05,0.315,0.315,1032.0,1032.0
saiyan,martialartist,supersaiyan,supersaiyan4,m0,1,14.5,14.5,14.75,1.0,1.0,12.88,3480.0,23751.0,1327.5,14.75,2838.6,16279.5,0.174,85.3,203.1,0.01,0.083,0.083,1032.0,1032.0
saiyan,martialartist,supersaiyan,supersaiyan4,m0,3,14.5,14.5,14.75,1.0,1.0,12.88,3480.0,23751.0,1327.5,14.75,2529.8,16279.5,0.155,153.5,481.0,0.02,0.149,0.149,1032.0,1032.0
saiyan,martialartist,supersaiyan,supersaiyan4,m0,5,14.5,14.5,14.75,1.0,1.0,12.88,3480.0,23751.0,1327.5,14.75,2264.2,16279.5,0.139,255.8,905.6,0.04,0.248,0.248,1032.0,1032.0
saiyan,martialartist,supersaiyan,supersaiyan4,m0,7,14.5,14.5,14.75,1.0,1.0,12.88,3480.0,23751.0,1327.5,14.75,2264.2,16279.5,0.139,324.1,1341.6,0.06,0.314,0.314,1032.0,1032.0
saiyan,martialartist,supersaiyan,supersaiyan4,m100,1,21.75,21.75,22.12,1.0,1.0,19.31,5220.0,35626.5,1991.2,22.12,2961.3,24417.4,0.121,89.6,207.2,0.01,0.087,0.087,1032.0,1032.0
saiyan,martialartist,supersaiyan,supersaiyan4,m100,3,21.75,21.75,22.12,1.0,1.0,19.31,5220.0,35626.5,1991.2,22.12,2707.2,24417.4,0.111,161.2,514.7,0.01,0.156,0.156,1032.0,1032.0
saiyan,martialartist,supersaiyan,supersaiyan4,m100,5,21.75,21.75,22.12,1.0,1.0,19.31,5220.0,35626.5,1991.2,22.12,2408.0,24417.4,0.099,268.7,905.6,0.03,0.26,0.26,1032.0,1032.0
saiyan,martialartist,supersaiyan,supersaiyan4,m100,7,21.75,21.75,22.12,1.0,1.0,19.31,5220.0,35626.5,1991.2,22.12,2408.0,24417.4,0.099,340.4,1341.6,0.04,0.33,0.33,1032.0,1032.0
saiyan,paladin,base,Base,m0,1,1.0,1.0,1.0,1.0,1.0,1.0,280.0,426.0,120.0,1.0,330.5,330.5,1.0,61.8,140.6,0.33,0.06,0.06,1030.0,1030.0
saiyan,paladin,base,Base,m0,3,1.0,1.0,1.0,1.0,1.0,1.0,280.0,426.0,120.0,1.0,330.5,330.5,1.0,102.0,435.2,1.02,0.099,0.099,1030.0,1030.0
saiyan,paladin,base,Base,m0,5,1.0,1.0,1.0,1.0,1.0,1.0,280.0,426.0,120.0,1.0,330.5,330.5,1.0,170.0,903.8,2.12,0.165,0.165,1030.0,1030.0
saiyan,paladin,base,Base,m0,7,1.0,1.0,1.0,1.0,1.0,1.0,280.0,426.0,120.0,1.0,330.5,330.5,1.0,215.3,1339.0,3.14,0.209,0.209,1030.0,1030.0
saiyan,paladin,androidforms,androidbase,m0,1,1.5,1.5,2.75,2.0,2.0,2.0,420.0,639.0,330.0,2.75,436.4,514.2,0.849,91.6,225.8,0.35,0.045,0.065,1654.3,2040.0
saiyan,paladin,androidforms,androidbase,m0,3,1.5,1.5,2.75,2.0,2.0,2.0,420.0,639.0,330.0,2.75,467.2,514.2,0.909,192.0,689.4,1.08,0.094,0.118,1631.6,2040.0
saiyan,paladin,androidforms,androidbase,m0,5,1.5,1.5,2.75,2.0,2.0,2.0,420.0,639.0,330.0,2.75,399.9,514.2,0.778,316.5,1415.9,2.22,0.155,0.196,1613.5,2040.0
saiyan,paladin,androidforms,androidbase,m0,7,1.5,1.5,2.75,2.0,2.0,2.0,420.0,639.0,330.0,2.75,399.9,514.2,0.778,400.9,2097.6,3.28,0.197,0.248,1613.5,2040.0
saiyan,paladin,androidforms,androidbase,m100,1,2.25,2.25,4.12,3.0,3.0,3.0,630.0,958.5,495.0,4.12,536.0,771.3,0.695,112.6,294.3,0.31,0.037,0.07,2156.3,3050.0
saiyan,paladin,androidforms,androidbase,m100,3,2.25,2.25,4.12,3.0,3.0,3.0,630.0,958.5,495.0,4.12,595.7,771.3,0.772,264.8,893.8,0.93,0.087,0.125,2115.5,3050.0
saiyan,paladin,androidforms,androidbase,m100,5,2.25,2.25,4.12,3.0,3.0,3.0,630.0,958.5,495.0,4.12,465.1,771.3,0.603,434.6,1827.9,1.91,0.143,0.209,2083.0,3050.0
saiyan,paladin,androidforms,androidbase,m100,7,2.25,2.25,4.12,3.0,3.0,3.0,630.0,958.5,495.0,4.12,465.1,771.3,0.603,550.5,2707.9,2.83,0.181,0.264,2083.0,3050.0
saiyan,paladin,androidforms,supersaiyandroid,m0,1,4.2,4.2,6.75,2.0,2.0,6.2,1176.0,1789.2,810.0,6.75,621.9,1415.2,0.439,123.4,225.8,0.13,0.061,0.075,1654.3,2040.0
saiyan,paladin,androidforms,supersaiyandroid,m0,3,4.2,4.2,6.75,2.0,2.0,6.2,1176.0,1789.2,810.0,6.75,565.9,1415.2,0.4,219.1,689.4,0.39,0.107,0.134,1631.6,2040.0
saiyan,paladin,androidforms,supersaiyandroid,m0,5,4.2,4.2,6.75,2.0,2.0,6.2,1176.0,1789.2,810.0,6.75,521.3,1415.2,0.368,361.2,1415.9,0.79,0.177,0.224,1613.5,2040.0
saiyan,paladin,androidforms,supersaiyandroid,m0,7,4.2,4.2,6.75,2.0,2.0,6.2,1176.0,1789.2,810.0,6.75,521.3,1415.2,0.368,457.5,2097.6,1.17,0.224,0.284,1613.5,2040.0
saiyan,paladin,androidforms,supersaiyandroid,m100,1,6.3,6.3,10.12,3.0,3.0,9.3,1764.0,2683.8,1215.0,10.12,686.9,2122.9,0.324,144.2,281.2,0.1,0.047,0.079,2059.7,3050.0
saiyan,paladin,androidforms,supersaiyandroid,m100,3,6.3,6.3,10.12,3.0,3.0,9.3,1764.0,2683.8,1215.0,10.12,618.4,2122.9,0.291,292.1,870.2,0.32,0.096,0.142,2059.7,3050.0
saiyan,paladin,androidforms,supersaiyandroid,m100,5,6.3,6.3,10.12,3.0,3.0,9.3,1764.0,2683.8,1215.0,10.12,563.9,2122.9,0.266,481.9,1789.4,0.67,0.158,0.236,2039.2,3050.0
saiyan,paladin,androidforms,supersaiyandroid,m100,7,6.3,6.3,10.12,3.0,3.0,9.3,1764.0,2683.8,1215.0,10.12,563.9,2122.9,0.266,610.4,2650.9,0.99,0.2,0.299,2039.2,3050.0
saiyan,paladin,androidforms,ssdroid2,m0,1,9.0,9.0,14.5,2.0,2.0,13.0,2520.0,3834.0,1740.0,14.5,736.3,3025.8,0.243,131.8,218.2,0.06,0.065,0.082,1598.3,2040.0
saiyan,paladin,androidforms,ssdroid2,m0,3,9.0,9.0,14.5,2.0,2.0,13.0,2520.0,3834.0,1740.0,14.5,662.4,3025.8,0.219,237.2,675.3,0.18,0.116,0.148,1598.3,2040.0
saiyan,paladin,androidforms,ssdroid2,m0,5,9.0,9.0,14.5,2.0,2.0,13.0,2520.0,3834.0,1740.0,14.5,599.6,3025.8,0.198,395.4,1402.5,0.37,0.194,0.247,1598.3,2040.0
saiyan,paladin,androidforms,ssdroid2,m0,7,9.0,9.0,14.5,2.0,2.0,13.0,2520.0,3834.0,1740.0,14.5,599.6,3025.8,0.198,500.8,2077.7,0.54,0.246,0.313,1598.3,2040.0
saiyan,paladin,androidforms,ssdroid2,m100,1,13.5,13.5,21.75,3.0,3.0,19.5,3780.0,5751.0,2610.0,21.75,773.5,4538.6,0.17,162.4,259.9,0.05,0.053,0.087,1903.7,3050.0
saiyan,paladin,androidforms,ssdroid2,m100,3,13.5,13.5,21.75,3.0,3.0,19.5,3780.0,5751.0,2610.0,21.75,711.3,4538.6,0.157,296.8,804.3,0.14,0.097,0.156,1903.7,3050.0
saiyan,paladin,androidforms,ssdroid2,m100,5,13.5,13.5,21.75,3.0,3.0,19.5,3780.0,5751.0,2610.0,21.75,639.2,4538.6,0.141,494.7,1670.5,0.29,0.162,0.26,1903.7,3050.0
saiyan,paladin,androidforms,ssdroid2,m100,7,13.5,13.5,21.75,3.0,3.0,19.5,3780.0,5751.0,2610.0,21.75,639.2,4538.6,0.141,626.7,2474.9,0.43,0.205,0.329,1903.7,3050.0
saiyan,paladin,androidforms,ssdroid3,m0,1,19.0,19.0,23.0,2.0,2.0,23.0,5320.0,8094.0,2760.0,23.0,833.1,6277.8,0.133,136.3,213.4,0.03,0.067,0.087,1563.3,2040.0
saiyan,paladin,androidforms,ssdroid3,m0,3,19.0,19.0,23.0,2.0,2.0,23.0,5320.0,8094.0,2760.0,23.0,765.6,6277.8,0.122,245.4,660.5,0.08,0.12,0.157,1563.3,2040.0
saiyan,paladin,androidforms,ssdroid3,m0,5,19.0,19.0,23.0,2.0,2.0,23.0,5320.0,8094.0,2760.0,23.0,683.3,6277.8,0.109,409.0,1371.8,0.17,0.2,0.262,1563.3,2040.0
saiyan,paladin,androidforms,ssdroid3,m0,7,19.0,19.0,23.0,2.0,2.0,23.0,5320.0,8094.0,2760.0,23.0,683.3,6277.8,0.109,518.0,2032.3,0.25,0.254,0.331,1563.3,2040.0
saiyan,paladin,androidforms,ssdroid3,m100,1,28.5,28.5,34.5,3.0,3.0,34.5,7980.0,12141.0,4140.0,34.5,857.6,9416.6,0.091,166.0,248.0,0.02,0.054,0.091,1816.9,3050.0
saiyan,paladin,androidforms,ssdroid3,m100,3,28.5,28.5,34.5,3.0,3.0,34.5,7980.0,12141.0,4140.0,34.5,811.5,9416.6,0.086,298.8,767.6,0.06,0.098,0.164,1816.9,3050.0
saiyan,paladin,androidforms,ssdroid3,m100,5,28.5,28.5,34.5,3.0,3.0,34.5,7980.0,12141.0,4140.0,34.5,720.5,9416.6,0.077,498.0,1594.3,0.13,0.163,0.274,1816.9,3050.0
saiyan,paladin,androidforms,ssdroid3,m100,7,28.5,28.5,34.5,3.0,3.0,34.5,7980.0,12141.0,4140.0,34.5,720.5,9416.6,0.077,630.8,2362.0,0.19,0.207,0.347,1816.9,3050.0
saiyan,paladin,androidforms,ssdroid4,m0,1,31.0,31.0,36.0,2.0,2.0,34.0,8680.0,13206.0,4320.0,36.0,867.4,10218.0,0.085,140.4,208.8,0.02,0.069,0.092,1529.3,2040.0
saiyan,paladin,androidforms,ssdroid4,m0,3,31.0,31.0,36.0,2.0,2.0,34.0,8680.0,13206.0,4320.0,36.0,823.3,10218.0,0.081,252.7,646.1,0.05,0.124,0.165,1529.3,2040.0
saiyan,paladin,androidforms,ssdroid4,m0,5,31.0,31.0,36.0,2.0,2.0,34.0,8680.0,13206.0,4320.0,36.0,730.0,10218.0,0.071,421.2,1342.0,0.1,0.206,0.275,1529.3,2040.0
saiyan,paladin,androidforms,ssdroid4,m0,7,31.0,31.0,36.0,2.0,2.0,34.0,8680.0,13206.0,4320.0,36.0,730.0,10218.0,0.071,533.5,1988.1,0.15,0.262,0.349,1529.3,2040.0
saiyan,paladin,androidforms,ssdroid4,m100,1,46.5,46.5,54.0,3.0,3.0,51.0,13020.0,19809.0,6480.0,54.0,878.5,15326.9,0.057,166.7,237.2,0.01,0.055,0.096,1737.5,3050.0
saiyan,paladin,androidforms,ssdroid4,m100,3,46.5,46.5,54.0,3.0,3.0,51.0,13020.0,19809.0,6480.0,54.0,862.3,15326.9,0.056,300.1,734.1,0.04,0.098,0.173,1737.5,3050.0
saiyan,paladin,androidforms,ssdroid4,m100,5,46.5,46.5,54.0,3.0,3.0,51.0,13020.0,19809.0,6480.0,54.0,761.7,15326.9,0.05,500.2,1524.6,0.08,0.164,0.288,1737.5,3050.0
saiyan,paladin,androidforms,ssdroid4,m100,7,46.5,46.5,54.0,3.0,3.0,51.0,13020.0,19809.0,6480.0,54.0,761.7,15326.9,0.05,633.6,2258.7,0.11,0.208,0.365,1737.5,3050.0
saiyan,paladin,godforms,beyond_god,m0,1,12.75,12.75,12.75,1.0,1.0,14.75,3570.0,5431.5,1530.0,14.75,800.8,4175.4,0.192,85.1,140.6,0.03,0.083,0.083,1030.0,1030.0
saiyan,paladin,godforms,beyond_god,m0,3,12.75,12.75,12.75,1.0,1.0,14.75,3570.0,5431.5,1530.0,14.75,716.0,4175.4,0.171,153.2,435.2,0.08,0.149,0.149,1030.0,1030.0
saiyan,paladin,godforms,beyond_god,m0,5,12.75,12.75,12.75,1.0,1.0,14.75,3570.0,5431.5,1530.0,14.75,643.0,4175.4,0.154,255.3,903.8,0.17,0.248,0.248,1030.0,1030.0
saiyan,paladin,godforms,beyond_god,m0,7,12.75,12.75,12.75,1.0,1.0,14.75,3570.0,5431.5,1530.0,14.75,643.0,4175.4,0.154,323.4,1339.0,0.25,0.314,0.314,1030.0,1030.0
saiyan,paladin,godforms,beyond_god,m100,1,19.12,19.12,19.12,1.0,1.0,22.12,5355.0,8147.2,2295.0,22.12,836.8,6261.4,0.134,89.4,140.6,0.02,0.087,0.087,1030.0,1030.0
saiyan,paladin,godforms,beyond_god,m100,3,19.12,19.12,19.12,1.0,1.0,22.12,5355.0,8147.2,2295.0,22.12,766.6,6261.4,0.122,160.9,435.2,0.05,0.156,0.156,1030.0,1030.0
saiyan,paladin,godforms,beyond_god,m100,5,19.12,19.12,19.12,1.0,1.0,22.12,5355.0,8147.2,2295.0,22.12,684.1,6261.4,0.109,268.2,903.8,0.11,0.26,0.26,1030.0,1030.0
saiyan,paladin,godforms,beyond_god,m100,7,19.12,19.12,19.12,1.0,1.0,22.12,5355.0,8147.2,2295.0,22.12,684.1,6261.4,0.109,339.7,1339.0,0.16,0.33,0.33,1030.0,1030.0
saiyan,paladin,godforms,supersaiyangod,m0,1,16.75,16.75,16.75,1.0,1.0,16.75,4690.0,7135.5,2010.0,16.75,846.1,5484.3,0.154,86.5,140.6,0.02,0.084,0.084,1030.0,1030.0
saiyan,paladin,godforms,supersaiyangod,m0,3,16.75,16.75,16.75,1.0,1.0,16.75,4690.0,7135.5,2010.0,16.75,759.7,5484.3,0.139,155.6,435.2,0.06,0.151,0.151,1030.0,1030.0
saiyan,paladin,godforms,supersaiyangod,m0,5,16.75,16.75,16.75,1.0,1.0,16.75,4690.0,7135.5,2010.0,16.75,678.5,5484.3,0.124,259.4,903.8,0.13,0.252,0.252,1030.0,1030.0
saiyan,paladin,godforms,supersaiyangod,m0,7,16.75,16.75,16.75,1.0,1.0,16.75,4690.0,7135.5,2010.0,16.75,678.5,5484.3,0.124,328.6,1339.0,0.19,0.319,0.319,1030.0,1030.0
saiyan,paladin,godforms,supersaiyangod,m100,1,25.12,25.12,25.12,1.0,1.0,25.12,7035.0,10703.2,3015.0,25.12,878.4,8224.8,0.107,90.7,140.6,0.01,0.088,0.088,1030.0,1030.0
saiyan,paladin,godforms,supersaiyangod,m100,3,25.12,25.12,25.12,1.0,1.0,25.12,7035.0,10703.2,3015.0,25.12,810.2,8224.8,0.099,163.3,435.2,0.04,0.159,0.159,1030.0,1030.0
saiyan,paladin,godforms,supersaiyangod,m100,5,25.12,25.12,25.12,1.0,1.0,25.12,7035.0,10703.2,3015.0,25.12,719.5,8224.8,0.087,272.2,903.8,0.08,0.264,0.264,1030.0,1030.0
saiyan,paladin,godforms,supersaiyangod,m100,7,25.12,25.12,25.12,1.0,1.0,25.12,7035.0,10703.2,3015.0,25.12,719.5,8224.8,0.087,344.8,1339.0,0.13,0.335,0.335,1030.0,1030.0
saiyan,paladin,godforms,supersaiyanblue,m0,1,32.75,32.75,32.75,1.0,1.0,32.75,9170.0,13951.5,3930.0,32.75,893.2,10719.9,0.083,93.6,140.6,0.01,0.091,0.091,1030.0,1030.0
saiyan,paladin,godforms,supersaiyanblue,m0,3,32.75,32.75,32.75,1.0,1.0,32.75,9170.0,13951.5,3930.0,32.75,840.4,10719.9,0.078,168.4,435.2,0.03,0.163,0.163,1030.0,1030.0
saiyan,paladin,godforms,supersaiyanblue,m0,5,32.75,32.75,32.75,1.0,1.0,32.75,9170.0,13951.5,3930.0,32.75,743.9,10719.9,0.069,280.7,903.8,0.06,0.272,0.272,1030.0,1030.0
saiyan,paladin,godforms,supersaiyanblue,m0,7,32.75,32.75,32.75,1.0,1.0,32.75,9170.0,13951.5,3930.0,32.75,743.9,10719.9,0.069,355.5,1339.0,0.1,0.345,0.345,1030.0,1030.0
saiyan,paladin,godforms,supersaiyanblue,m100,1,49.12,49.12,49.12,1.0,1.0,49.12,13755.0,20927.2,5895.0,49.12,905.3,16078.2,0.056,97.8,140.6,0.01,0.095,0.095,1030.0,1030.0
saiyan,paladin,godforms,supersaiyanblue,m100,3,49.12,49.12,49.12,1.0,1.0,49.12,13755.0,20927.2,5895.0,49.12,881.0,16078.2,0.055,176.1,435.2,0.02,0.171,0.171,1030.0,1030.0
saiyan,paladin,godforms,supersaiyanblue,m100,5,49.12,49.12,49.12,1.0,1.0,49.12,13755.0,20927.2,5895.0,49.12,776.8,16078.2,0.048,293.5,903.8,0.04,0.285,0.285,1030.0,1030.0
saiyan,paladin,godforms,supersaiyanblue,m100,7,49.12,49.12,49.12,1.0,1.0,49.12,13755.0,20927.2,5895.0,49.12,776.8,16078.2,0.048,371.8,1339.0,0.06,0.361,0.361,1030.0,1030.0
saiyan,paladin,legendaryforms,ikari,m0,1,3.4,3.4,3.4,1.0,1.0,2.62,952.0,1448.4,408.0,3.4,648.3,1115.8,0.581,69.6,140.6,0.1,0.068,0.068,1030.0,1030.0
saiyan,paladin,legendaryforms,ikari,m0,3,3.4,3.4,3.4,1.0,1.0,2.62,952.0,1448.4,408.0,3.4,740.6,1115.8,0.664,125.3,435.2,0.3,0.122,0.122,1030.0,1030.0
saiyan,paladin,legendaryforms,ikari,m0,5,3.4,3.4,3.4,1.0,1.0,2.62,952.0,1448.4,408.0,3.4,538.7,1115.8,0.483,208.8,903.8,0.62,0.203,0.203,1030.0,1030.0
saiyan,paladin,legendaryforms,ikari,m0,7,3.4,3.4,3.4,1.0,1.0,2.62,952.0,1448.4,408.0,3.4,538.7,1115.8,0.483,264.5,1339.0,0.92,0.257,0.257,1030.0,1030.0
saiyan,paladin,legendaryforms,ikari,m100,1,5.1,5.1,5.1,1.0,1.0,3.94,1428.0,2172.6,612.0,5.1,805.5,1672.1,0.482,73.9,140.6,0.06,0.072,0.072,1030.0,1030.0
saiyan,paladin,legendaryforms,ikari,m100,3,5.1,5.1,5.1,1.0,1.0,3.94,1428.0,2172.6,612.0,5.1,943.3,1672.1,0.564,133.0,435.2,0.2,0.129,0.129,1030.0,1030.0
saiyan,paladin,legendaryforms,ikari,m100,5,5.1,5.1,5.1,1.0,1.0,3.94,1428.0,2172.6,612.0,5.1,641.6,1672.1,0.384,221.6,903.8,0.42,0.215,0.215,1030.0,1030.0
saiyan,paladin,legendaryforms,ikari,m100,7,5.1,5.1,5.1,1.0,1.0,3.94,1428.0,2172.6,612.0,5.1,641.6,1672.1,0.384,280.8,1339.0,0.62,0.273,0.273,1030.0,1030.0
saiyan,paladin,legendaryforms,ssjhybrid,m0,1,8.3,8.3,8.3,1.0,1.0,6.25,2324.0,3535.8,996.0,8.3,743.9,2719.2,0.274,79.0,140.6,0.04,0.077,0.077,1030.0,1030.0
saiyan,paladin,legendaryforms,ssjhybrid,m0,3,8.3,8.3,8.3,1.0,1.0,6.25,2324.0,3535.8,996.0,8.3,664.4,2719.2,0.244,142.3,435.2,0.12,0.138,0.138,1030.0,1030.0
saiyan,paladin,legendaryforms,ssjhybrid,m0,5,8.3,8.3,8.3,1.0,1.0,6.25,2324.0,3535.8,996.0,8.3,601.2,2719.2,0.221,237.1,903.8,0.26,0.23,0.23,1030.0,1030.0
saiyan,paladin,legendaryforms,ssjhybrid,m0,7,8.3,8.3,8.3,1.0,1.0,6.25,2324.0,3535.8,996.0,8.3,601.2,2719.2,0.221,300.3,1339.0,0.38,0.292,0.292,1030.0,1030.0
saiyan,paladin,legendaryforms,ssjhybrid,m100,1,12.45,12.45,12.45,1.0,1.0,9.38,3486.0,5303.7,1494.0,12.45,813.0,4077.2,0.199,83.3,140.6,0.03,0.081,0.081,1030.0,1030.0
saiyan,paladin,legendaryforms,ssjhybrid,m100,3,12.45,12.45,12.45,1.0,1.0,9.38,3486.0,5303.7,1494.0,12.45,720.3,4077.2,0.177,150.0,435.2,0.08,0.146,0.146,1030.0,1030.0
saiyan,paladin,legendaryforms,ssjhybrid,m100,5,12.45,12.45,12.45,1.0,1.0,9.38,3486.0,5303.7,1494.0,12.45,646.6,4077.2,0.159,250.0,903.8,0.17,0.243,0.243,1030.0,1030.0
saiyan,paladin,legendaryforms,ssjhybrid,m100,7,12.45,12.45,12.45,1.0,1.0,9.38,3486.0,5303.7,1494.0,12.45,646.6,4077.2,0.159,316.6,1339.0,0.25,0.307,0.307,1030.0,1030.0
saiyan,paladin,legendaryforms,ssjfullpower,m0,1,14.5,14.5,14.0,1.0,1.0,12.62,4060.0,6177.0,1680.0,14.5,831.7,4741.3,0.175,84.9,140.6,0.02,0.082,0.082,1030.0,1030.0
saiyan,paladin,legendaryforms,ssjfullpower,m0,3,14.5,14.5,14.0,1.0,1.0,12.62,4060.0,6177.0,1680.0,14.5,740.5,4741.3,0.156,152.9,435.2,0.07,0.148,0.148,1030.0,1030.0
saiyan,paladin,legendaryforms,ssjfullpower,m0,5,14.5,14.5,14.0,1.0,1.0,12.62,4060.0,6177.0,1680.0,14.5,662.9,4741.3,0.14,254.8,903.8,0.15,0.247,0.247,1030.0,1030.0
saiyan,paladin,legendaryforms,ssjfullpower,m0,7,14.5,14.5,14.0,1.0,1.0,12.62,4060.0,6177.0,1680.0,14.5,662.9,4741.3,0.14,322.8,1339.0,0.22,0.313,0.313,1030.0,1030.0
saiyan,paladin,legendaryforms,ssjfullpower,m100,1,21.75,21.75,21.0,1.0,1.0,18.94,6090.0,9265.5,2520.0,21.75,867.9,7110.3,0.122,89.2,140.6,0.02,0.087,0.087,1030.0,1030.0
saiyan,paladin,legendaryforms,ssjfullpower,m100,3,21.75,21.75,21.0,1.0,1.0,18.94,6090.0,9265.5,2520.0,21.75,792.5,7110.3,0.111,160.6,435.2,0.05,0.156,0.156,1030.0,1030.0
saiyan,paladin,legendaryforms,ssjfullpower,m100,5,21.75,21.75,21.0,1.0,1.0,18.94,6090.0,9265.5,2520.0,21.75,705.1,7110.3,0.099,267.7,903.8,0.1,0.26,0.26,1030.0,1030.0
saiyan,paladin,legendaryforms,ssjfullpower,m100,7,21.75,21.75,21.0,1.0,1.0,18.94,6090.0,9265.5,2520.0,21.75,705.1,7110.3,0.099,339.1,1339.0,0.14,0.329,0.329,1030.0,1030.0
saiyan,paladin,oozaru,oozaru,m0,1,1.2,1.2,1.2,1.0,1.0,1.12,336.0,511.2,144.0,1.2,379.8,395.9,0.959,61.8,140.6,0.28,0.06,0.06,1030.0,1030.0
saiyan,paladin,oozaru,oozaru,m0,3,1.2,1.2,1.2,1.0,1.0,1.12,336.0,511.2,144.0,1.2,394.1,395.9,0.995,105.4,435.2,0.85,0.102,0.102,1030.0,1030.0
saiyan,paladin,oozaru,oozaru,m0,5,1.2,1.2,1.2,1.0,1.0,1.12,336.0,511.2,144.0,1.2,362.8,395.9,0.916,175.7,903.8,1.77,0.171,0.171,1030.0,1030.0
saiyan,paladin,oozaru,oozaru,m0,7,1.2,1.2,1.2,1.0,1.0,1.12,336.0,511.2,144.0,1.2,362.8,395.9,0.916,222.6,1339.0,2.62,0.216,0.216,1030.0,1030.0
saiyan,paladin,oozaru,oozaru,m100,1,1.8,1.8,1.8,1.0,1.0,1.69,504.0,766.8,216.0,1.8,469.9,592.2,0.793,62.9,140.6,0.18,0.061,0.061,1030.0,1030.0
saiyan,paladin,oozaru,oozaru,m100,3,1.8,1.8,1.8,1.0,1.0,1.69,504.0,766.8,216.0,1.8,510.4,592.2,0.862,113.2,435.2,0.57,0.11,0.11,1030.0,1030.0
saiyan,paladin,oozaru,oozaru,m100,5,1.8,1.8,1.8,1.0,1.0,1.69,504.0,766.8,216.0,1.8,421.8,592.2,0.712,188.6,903.8,1.18,0.183,0.183,1030.0,1030.0
saiyan,paladin,oozaru,oozaru,m100,7,1.8,1.8,1.8,1.0,1.0,1.69,504.0,766.8,216.0,1.8,421.8,592.2,0.712,238.9,1339.0,1.75,0.232,0.232,1030.0,1030.0
saiyan,paladin,oozaru,goldenoozaru,m0,1,10.0,10.0,10.0,1.0,1.0,8.12,2800.0,4260.0,1200.0,10.0,775.9,3275.5,0.237,81.0,140.6,0.03,0.079,0.079,1030.0,1030.0
saiyan,paladin,oozaru,goldenoozaru,m0,3,10.0,10.0,10.0,1.0,1.0,8.12,2800.0,4260.0,1200.0,10.0,690.3,3275.5,0.211,145.8,435.2,0.1,0.142,0.142,1030.0,1030.0
saiyan,paladin,oozaru,goldenoozaru,m0,5,10.0,10.0,10.0,1.0,1.0,8.12,2800.0,4260.0,1200.0,10.0,622.2,3275.5,0.19,243.0,903.8,0.21,0.236,0.236,1030.0,1030.0
saiyan,paladin,oozaru,goldenoozaru,m0,7,10.0,10.0,10.0,1.0,1.0,8.12,2800.0,4260.0,1200.0,10.0,622.2,3275.5,0.19,307.8,1339.0,0.31,0.299,0.299,1030.0,1030.0
saiyan,paladin,oozaru,goldenoozaru,m100,1,15.0,15.0,15.0,1.0,1.0,12.19,4200.0,6390.0,1800.0,15.0,835.5,4911.6,0.17,85.3,140.6,0.02,0.083,0.083,1030.0,1030.0
saiyan,paladin,oozaru,goldenoozaru,m100,3,15.0,15.0,15.0,1.0,1.0,12.19,4200.0,6390.0,1800.0,15.0,745.2,4911.6,0.152,153.5,435.2,0.07,0.149,0.149,1030.0,1030.0
saiyan,paladin,oozaru,goldenoozaru,m100,5,15.0,15.0,15.0,1.0,1.0,12.19,4200.0,6390.0,1800.0,15.0,666.8,4911.6,0.136,255.9,903.8,0.14,0.248,0.248,1030.0,1030.0
saiyan,paladin,oozaru,goldenoozaru,m100,7,15.0,15.0,15.0,1.0,1.0,12.19,4200.0,6390.0,1800.0,15.0,666.8,4911.6,0.136,324.1,1339.0,0.21,0.315,0.315,1030.0,1030.0
saiyan,paladin,oozaru,supersaiyan4,m0,1,14.5,14.5,14.5,1.0,1.0,12.88,4060.0,6177.0,1740.0,14.5,832.0,4748.0,0.175,84.9,140.6,0.02,0.082,0.082,1030.0,1030.0
saiyan,paladin,oozaru,supersaiyan4,m0,3,14.5,14.5,14.5,1.0,1.0,12.88,4060.0,6177.0,1740.0,14.5,740.8,4748.0,0.156,152.9,435.2,0.07,0.148,0.148,1030.0,1030.0
saiyan,paladin,oozaru,supersaiyan4,m0,5,14.5,14.5,14.5,1.0,1.0,12.88,4060.0,6177.0,1740.0,14.5,663.1,4748.0,0.14,254.8,903.8,0.15,0.247,0.247,1030.0,1030.0
saiyan,paladin,oozaru,supersaiyan4,m0,7,14.5,14.5,14.5,1.0,1.0,12.88,4060.0,6177.0,1740.0,14.5,663.1,4748.0,0.14,322.8,1339.0,0.22,0.313,0.313,1030.0,1030.0
saiyan,paladin,oozaru,supersaiyan4,m100,1,21.75,21.75,21.75,1.0,1.0,19.31,6090.0,9265.5,2610.0,21.75,868.2,7120.4,0.122,89.2,140.6,0.02,0.087,0.087,1030.0,1030.0
saiyan,paladin,oozaru,supersaiyan4,m100,3,21.75,21.75,21.75,1.0,1.0,19.31,6090.0,9265.5,2610.0,21.75,792.8,7120.4,0.111,160.6,435.2,0.05,0.156,0.156,1030.0,1030.0
saiyan,paladin,oozaru,supersaiyan4,m100,5,21.75,21.75,21.75,1.0,1.0,19.31,6090.0,9265.5,2610.0,21.75,705.3,7120.4,0.099,267.7,903.8,0.1,0.26,0.26,1030.0,1030.0
saiyan,paladin,oozaru,supersaiyan4,m100,7,21.75,21.75,21.75,1.0,1.0,19.31,6090.0,9265.5,2610.0,21.75,705.3,7120.4,0.099,339.1,1339.0,0.14,0.329,0.329,1030.0,1030.0
saiyan,paladin,salt,cumber,m0,1,1.3,1.3,1.3,1.3,1.0,1.0,364.0,553.8,156.0,1.3,398.0,429.6,0.926,61.8,140.6,0.25,0.06,0.06,1030.0,1030.0
saiyan,paladin,salt,cumber,m0,3,1.3,1.3,1.3,1.3,1.0,1.0,364.0,553.8,156.0,1.3,417.5,429.6,0.972,107.0,435.2,0.79,0.104,0.104,1030.0,1030.0
saiyan,paladin,salt,cumber,m0,5,1.3,1.3,1.3,1.3,1.0,1.0,364.0,553.8,156.0,1.3,374.7,429.6,0.872,178.3,903.8,1.63,0.173,0.173,1030.0,1030.0
saiyan,paladin,salt,cumber,m0,7,1.3,1.3,1.3,1.3,1.0,1.0,364.0,553.8,156.0,1.3,374.7,429.6,0.872,225.8,1339.0,2.42,0.219,0.219,1030.0,1030.0
saiyan,paladin,salt,cumber,m100,1,1.3,1.3,1.3,1.3,1.0,1.0,364.0,553.8,156.0,1.3,398.0,429.6,0.926,61.8,140.6,0.25,0.06,0.06,1030.0,1030.0
saiyan,paladin,salt,cumber,m100,3,1.3,1.3,1.3,1.3,1.0,1.0,364.0,553.8,156.0,1.3,417.5,429.6,0.972,107.0,435.2,0.79,0.104,0.104,1030.0,1030.0
saiyan,paladin,salt,cumber,m100,5,1.3,1.3,1.3,1.3,1.0,1.0,364.0,553.8,156.0,1.3,374.7,429.6,0.872,178.3,903.8,1.63,0.173,0.173,1030.0,1030.0
saiyan,paladin,salt,cumber,m100,7,1.3,1.3,1.3,1.3,1.0,1.0,364.0,553.8,156.0,1.3,374.7,429.6,0.872,225.8,1339.0,2.42,0.219,0.219,1030.0,1030.0
saiyan,paladin,ssgrades,supersaiyan,m0,1,3.25,3.25,3.25,1.0,1.0,3.31,910.0,1384.5,390.0,3.31,633.3,1066.7,0.594,69.3,140.6,0.1,0.067,0.067,1030.0,1030.0
saiyan,paladin,ssgrades,supersaiyan,m0,3,3.25,3.25,3.25,1.0,1.0,3.31,910.0,1384.5,390.0,3.31,721.2,1066.7,0.676,124.8,435.2,0.31,0.121,0.121,1030.0,1030.0
saiyan,paladin,ssgrades,supersaiyan,m0,5,3.25,3.25,3.25,1.0,1.0,3.31,910.0,1384.5,390.0,3.31,528.8,1066.7,0.496,208.0,903.8,0.65,0.202,0.202,1030.0,1030.0
saiyan,paladin,ssgrades,supersaiyan,m0,7,3.25,3.25,3.25,1.0,1.0,3.31,910.0,1384.5,390.0,3.31,528.8,1066.7,0.496,263.4,1339.0,0.97,0.256,0.256,1030.0,1030.0
saiyan,paladin,ssgrades,supersaiyan,m100,1,4.88,4.88,4.88,1.0,1.0,4.97,1365.0,2076.8,585.0,4.97,785.8,1598.5,0.492,73.6,140.6,0.07,0.071,0.071,1030.0,1030.0
saiyan,paladin,ssgrades,supersaiyan,m100,3,4.88,4.88,4.88,1.0,1.0,4.97,1365.0,2076.8,585.0,4.97,917.9,1598.5,0.574,132.5,435.2,0.21,0.129,0.129,1030.0,1030.0
saiyan,paladin,ssgrades,supersaiyan,m100,5,4.88,4.88,4.88,1.0,1.0,4.97,1365.0,2076.8,585.0,4.97,628.7,1598.5,0.393,220.8,903.8,0.44,0.214,0.214,1030.0,1030.0
saiyan,paladin,ssgrades,supersaiyan,m100,7,4.88,4.88,4.88,1.0,1.0,4.97,1365.0,2076.8,585.0,4.97,628.7,1598.5,0.393,279.7,1339.0,0.64,0.272,0.272,1030.0,1030.0
saiyan,paladin,ssgrades,supersaiyangrade2,m0,1,3.75,3.75,3.75,1.0,1.0,3.5,1050.0,1597.5,450.0,3.75,682.5,1230.3,0.555,70.6,140.6,0.09,0.069,0.069,1030.0,1030.0
saiyan,paladin,ssgrades,supersaiyangrade2,m0,3,3.75,3.75,3.75,1.0,1.0,3.5,1050.0,1597.5,450.0,3.75,784.7,1230.3,0.638,127.1,435.2,0.27,0.123,0.123,1030.0,1030.0
saiyan,paladin,ssgrades,supersaiyangrade2,m0,5,3.75,3.75,3.75,1.0,1.0,3.5,1050.0,1597.5,450.0,3.75,561.1,1230.3,0.456,211.9,903.8,0.57,0.206,0.206,1030.0,1030.0
saiyan,paladin,ssgrades,supersaiyangrade2,m0,7,3.75,3.75,3.75,1.0,1.0,3.5,1050.0,1597.5,450.0,3.75,561.1,1230.3,0.456,268.4,1339.0,0.84,0.261,0.261,1030.0,1030.0
saiyan,paladin,ssgrades,supersaiyangrade2,m100,1,5.62,5.62,5.62,1.0,1.0,5.25,1575.0,2396.2,675.0,5.62,850.4,1843.9,0.461,74.9,140.6,0.06,0.073,0.073,1030.0,1030.0
saiyan,paladin,ssgrades,supersaiyangrade2,m100,3,5.62,5.62,5.62,1.0,1.0,5.25,1575.0,2396.2,675.0,5.62,1001.3,1843.9,0.543,134.9,435.2,0.18,0.131,0.131,1030.0,1030.0
saiyan,paladin,ssgrades,supersaiyangrade2,m100,5,5.62,5.62,5.62,1.0,1.0,5.25,1575.0,2396.2,675.0,5.62,671.0,1843.9,0.364,224.8,903.8,0.38,0.218,0.218,1030.0,1030.0
saiyan,paladin,ssgrades,supersaiyangrade2,m100,7,5.62,5.62,5.62,1.0,1.0,5.25,1575.0,2396.2,675.0,5.62,671.0,1843.9,0.364,284.7,1339.0,0.56,0.276,0.276,1030.0,1030.0
saiyan,paladin,ssgrades,supersaiyangrade3,m0,1,4.75,4.75,4.75,1.0,1.0,4.0,1330.0,2023.5,570.0,4.75,774.7,1557.6,0.497,73.1,140.6,0.07,0.071,0.071,1030.0,1030.0
saiyan,paladin,ssgrades,supersaiyangrade3,m0,3,4.75,4.75,4.75,1.0,1.0,4.0,1330.0,2023.5,570.0,4.75,903.6,1557.6,0.58,131.6,435.2,0.22,0.128,0.128,1030.0,1030.0
saiyan,paladin,ssgrades,supersaiyangrade3,m0,5,4.75,4.75,4.75,1.0,1.0,4.0,1330.0,2023.5,570.0,4.75,621.5,1557.6,0.399,219.4,903.8,0.45,0.213,0.213,1030.0,1030.0
saiyan,paladin,ssgrades,supersaiyangrade3,m0,7,4.75,4.75,4.75,1.0,1.0,4.0,1330.0,2023.5,570.0,4.75,621.5,1557.6,0.399,277.9,1339.0,0.66,0.27,0.27,1030.0,1030.0
saiyan,paladin,ssgrades,supersaiyangrade3,m100,1,7.12,7.12,7.12,1.0,1.0,6.0,1995.0,3035.2,855.0,7.12,717.4,2334.7,0.307,77.4,140.6,0.05,0.075,0.075,1030.0,1030.0
saiyan,paladin,ssgrades,supersaiyangrade3,m100,3,7.12,7.12,7.12,1.0,1.0,6.0,1995.0,3035.2,855.0,7.12,643.0,2334.7,0.275,139.4,435.2,0.14,0.135,0.135,1030.0,1030.0
saiyan,paladin,ssgrades,supersaiyangrade3,m100,5,7.12,7.12,7.12,1.0,1.0,6.0,1995.0,3035.2,855.0,7.12,583.9,2334.7,0.25,232.3,903.8,0.3,0.225,0.225,1030.0,1030.0
saiyan,paladin,ssgrades,supersaiyangrade3,m100,7,7.12,7.12,7.12,1.0,1.0,6.0,1995.0,3035.2,855.0,7.12,583.9,2334.7,0.25,294.2,1339.0,0.44,0.286,0.286,1030.0,1030.0
saiyan,paladin,supersaiyan,supersaiyanmastered,m0,1,3.75,3.75,3.75,1.0,1.0,3.44,1050.0,1597.5,450.0,3.75,682.5,1230.3,0.555,70.6,140.6,0.09,0.069,0.069,1030.0,1030.0
saiyan,paladin,supersaiyan,supersaiyanmastered,m0,3,3.75,3.75,3.75,1.0,1.0,3.44,1050.0,1597.5,450.0,3.75,784.7,1230.3,0.638,127.1,435.2,0.27,0.123,0.123,1030.0,1030.0
saiyan,paladin,supersaiyan,supersaiyanmastered,m0,5,3.75,3.75,3.75,1.0,1.0,3.44,1050.0,1597.5,450.0,3.75,561.1,1230.3,0.456,211.9,903.8,0.57,0.206,0.206,1030.0,1030.0
saiyan,paladin,supersaiyan,supersaiyanmastered,m0,7,3.75,3.75,3.75,1.0,1.0,3.44,1050.0,1597.5,450.0,3.75,561.1,1230.3,0.456,268.4,1339.0,0.84,0.261,0.261,1030.0,1030.0
saiyan,paladin,supersaiyan,supersaiyanmastered,m100,1,5.62,5.62,5.62,1.0,1.0,5.16,1575.0,2396.2,675.0,5.62,850.4,1843.9,0.461,74.9,140.6,0.06,0.073,0.073,1030.0,1030.0
saiyan,paladin,supersaiyan,supersaiyanmastered,m100,3,5.62,5.62,5.62,1.0,1.0,5.16,1575.0,2396.2,675.0,5.62,1001.3,1843.9,0.543,134.9,435.2,0.18,0.131,0.131,1030.0,1030.0
saiyan,paladin,supersaiyan,supersaiyanmastered,m100,5,5.62,5.62,5.62,1.0,1.0,5.16,1575.0,2396.2,675.0,5.62,671.0,1843.9,0.364,224.8,903.8,0.38,0.218,0.218,1030.0,1030.0
saiyan,paladin,supersaiyan,supersaiyanmastered,m100,7,5.62,5.62,5.62,1.0,1.0,5.16,1575.0,2396.2,675.0,5.62,671.0,1843.9,0.364,284.7,1339.0,0.56,0.276,0.276,1030.0,1030.0
saiyan,paladin,supersaiyan,supersaiyan2,m0,1,6.25,6.25,6.25,1.0,1.0,5.81,1750.0,2662.5,750.0,6.25,694.5,2048.4,0.339,76.0,140.6,0.05,0.074,0.074,1030.0,1030.0
saiyan,paladin,supersaiyan,supersaiyan2,m0,3,6.25,6.25,6.25,1.0,1.0,5.81,1750.0,2662.5,750.0,6.25,624.6,2048.4,0.305,136.9,435.2,0.16,0.133,0.133,1030.0,1030.0
saiyan,paladin,supersaiyan,supersaiyan2,m0,5,6.25,6.25,6.25,1.0,1.0,5.81,1750.0,2662.5,750.0,6.25,568.9,2048.4,0.278,228.1,903.8,0.34,0.221,0.221,1030.0,1030.0
saiyan,paladin,supersaiyan,supersaiyan2,m0,7,6.25,6.25,6.25,1.0,1.0,5.81,1750.0,2662.5,750.0,6.25,568.9,2048.4,0.278,288.9,1339.0,0.5,0.281,0.281,1030.0,1030.0
saiyan,paladin,supersaiyan,supersaiyan2,m100,1,9.38,9.38,9.38,1.0,1.0,8.72,2625.0,3993.8,1125.0,9.38,764.8,3071.0,0.249,80.3,140.6,0.04,0.078,0.078,1030.0,1030.0
saiyan,paladin,supersaiyan,supersaiyan2,m100,3,9.38,9.38,9.38,1.0,1.0,8.72,2625.0,3993.8,1125.0,9.38,681.4,3071.0,0.222,144.6,435.2,0.11,0.14,0.14,1030.0,1030.0
saiyan,paladin,supersaiyan,supersaiyan2,m100,5,9.38,9.38,9.38,1.0,1.0,8.72,2625.0,3993.8,1125.0,9.38,615.0,3071.0,0.2,241.0,903.8,0.23,0.234,0.234,1030.0,1030.0
saiyan,paladin,supersaiyan,supersaiyan2,m100,7,9.38,9.38,9.38,1.0,1.0,8.72,2625.0,3993.8,1125.0,9.38,615.0,3071.0,0.2,305.2,1339.0,0.34,0.296,0.296,1030.0,1030.0
saiyan,paladin,supersaiyan,supersaiyan3,m0,1,10.0,10.0,10.0,1.0,1.0,8.44,2800.0,4260.0,1200.0,10.0,775.9,3275.5,0.237,81.0,140.6,0.03,0.079,0.079,1030.0,1030.0
saiyan,paladin,supersaiyan,supersaiyan3,m0,3,10.0,10.0,10.0,1.0,1.0,8.44,2800.0,4260.0,1200.0,10.0,690.3,3275.5,0.211,145.8,435.2,0.1,0.142,0.142,1030.0,1030.0
saiyan,paladin,supersaiyan,supersaiyan3,m0,5,10.0,10.0,10.0,1.0,1.0,8.44,2800.0,4260.0,1200.0,10.0,622.2,3275.5,0.19,243.0,903.8,0.21,0.236,0.236,1030.0,1030.0
saiyan,paladin,supersaiyan,supersaiyan3,m0,7,10.0,10.0,10.0,1.0,1.0,8.44,2800.0,4260.0,1200.0,10.0,622.2,3275.5,0.19,307.8,1339.0,0.31,0.299,0.299,1030.0,1030.0
saiyan,paladin,supersaiyan,supersaiyan3,m100,1,15.0,15.0,15.0,1.0,1.0,12.66,4200.0,6390.0,1800.0,15.0,835.5,4911.6,0.17,85.3,140.6,0.02,0.083,0.083,1030.0,1030.0
saiyan,paladin,supersaiyan,supersaiyan3,m100,3,15.0,15.0,15.0,1.0,1.0,12.66,4200.0,6390.0,1800.0,15.0,745.2,4911.6,0.152,153.5,435.2,0.07,0.149,0.149,1030.0,1030.0
saiyan,paladin,supersaiyan,supersaiyan3,m100,5,15.0,15.0,15.0,1.0,1.0,12.66,4200.0,6390.0,1800.0,15.0,666.8,4911.6,0.136,255.9,903.8,0.14,0.248,0.248,1030.0,1030.0
saiyan,paladin,supersaiyan,supersaiyan3,m100,7,15.0,15.0,15.0,1.0,1.0,12.66,4200.0,6390.0,1800.0,15.0,666.8,4911.6,0.136,324.1,1339.0,0.21,0.315,0.315,1030.0,1030.0
saiyan,paladin,supersaiyan,supersaiyan4,m0,1,14.5,14.5,14.75,1.0,1.0,12.88,4060.0,6177.0,1770.0,14.75,830.0,4751.4,0.175,85.1,140.6,0.02,0.083,0.083,1030.0,1030.0
saiyan,paladin,supersaiyan,supersaiyan4,m0,3,14.5,14.5,14.75,1.0,1.0,12.88,4060.0,6177.0,1770.0,14.75,739.9,4751.4,0.156,153.2,435.2,0.07,0.149,0.149,1030.0,1030.0
saiyan,paladin,supersaiyan,supersaiyan4,m0,5,14.5,14.5,14.75,1.0,1.0,12.88,4060.0,6177.0,1770.0,14.75,662.4,4751.4,0.139,255.3,903.8,0.15,0.248,0.248,1030.0,1030.0
saiyan,paladin,supersaiyan,supersaiyan4,m0,7,14.5,14.5,14.75,1.0,1.0,12.88,4060.0,6177.0,1770.0,14.75,662.4,4751.4,0.139,323.4,1339.0,0.22,0.314,0.314,1030.0,1030.0
saiyan,paladin,supersaiyan,supersaiyan4,m100,1,21.75,21.75,22.12,1.0,1.0,19.31,6090.0,9265.5,2655.0,22.12,865.7,7125.4,0.122,89.4,140.6,0.02,0.087,0.087,1030.0,1030.0
saiyan,paladin,supersaiyan,supersaiyan4,m100,3,21.75,21.75,22.12,1.0,1.0,19.31,6090.0,9265.5,2655.0,22.12,791.6,7125.4,0.111,160.9,435.2,0.05,0.156,0.156,1030.0,1030.0
saiyan,paladin,supersaiyan,supersaiyan4,m100,5,21.75,21.75,22.12,1.0,1.0,19.31,6090.0,9265.5,2655.0,22.12,704.4,7125.4,0.099,268.2,903.8,0.1,0.26,0.26,1030.0,1030.0
saiyan,paladin,supersaiyan,supersaiyan4,m100,7,21.75,21.75,22.12,1.0,1.0,19.31,6090.0,9265.5,2655.0,22.12,704.4,7125.4,0.099,339.7,1339.0,0.14,0.33,0.33,1030.0,1030.0
saiyan,tank,base,Base,m0,1,1.0,1.0,1.0,1.0,1.0,1.0,120.0,140.0,50.0,1.0,113.3,113.3,1.0,23.8,245.0,1.75,0.013,0.06,1795.0,1795.0
saiyan,tank,base,Base,m0,3,1.0,1.0,1.0,1.0,1.0,1.0,120.0,140.0,50.0,1.0,113.3,113.3,1.0,73.7,758.4,5.42,0.041,0.099,1795.0,1795.0
saiyan,tank,base,Base,m0,5,1.0,1.0,1.0,1.0,1.0,1.0,120.0,140.0,50.0,1.0,113.3,113.3,1.0,153.0,1575.1,11.25,0.085,0.165,1795.0,1795.0
saiyan,tank,base,Base,m0,7,1.0,1.0,1.0,1.0,1.0,1.0,120.0,140.0,50.0,1.0,113.3,113.3,1.0,226.6,2333.5,16.67,0.126,0.209,1795.0,1795.0
saiyan,tank,androidforms,androidbase,m0,1,1.5,1.5,2.75,2.0,2.0,2.0,180.0,210.0,137.5,2.75,150.2,177.7,0.845,31.5,395.2,1.88,0.009,0.065,2895.0,3570.0
saiyan,tank,androidforms,androidbase,m0,3,1.5,1.5,2.75,2.0,2.0,2.0,180.0,210.0,137.5,2.75,160.9,177.7,0.905,104.6,1206.4,5.74,0.029,0.118,2855.3,3570.0
saiyan,tank,androidforms,androidbase,m0,5,1.5,1.5,2.75,2.0,2.0,2.0,180.0,210.0,137.5,2.75,137.5,177.7,0.773,196.7,2477.8,11.8,0.055,0.196,2823.7,3570.0
saiyan,tank,androidforms,androidbase,m0,7,1.5,1.5,2.75,2.0,2.0,2.0,180.0,210.0,137.5,2.75,137.5,177.7,0.773,302.4,3670.8,17.48,0.085,0.248,2823.7,3570.0
saiyan,tank,androidforms,androidbase,m100,1,2.25,2.25,4.12,3.0,3.0,3.0,270.0,315.0,206.2,4.12,184.5,266.6,0.692,38.7,515.8,1.64,0.007,0.07,3778.8,5345.0
saiyan,tank,androidforms,androidbase,m100,3,2.25,2.25,4.12,3.0,3.0,3.0,270.0,315.0,206.2,4.12,205.1,266.6,0.769,133.3,1566.3,4.97,0.025,0.125,3707.3,5345.0
saiyan,tank,androidforms,androidbase,m100,5,2.25,2.25,4.12,3.0,3.0,3.0,270.0,315.0,206.2,4.12,159.9,266.6,0.6,228.9,3203.2,10.17,0.043,0.209,3650.4,5345.0
saiyan,tank,androidforms,androidbase,m100,7,2.25,2.25,4.12,3.0,3.0,3.0,270.0,315.0,206.2,4.12,159.9,266.6,0.6,351.8,4745.5,15.07,0.066,0.264,3650.4,5345.0
saiyan,tank,androidforms,supersaiyandroid,m0,1,4.2,4.2,6.75,2.0,2.0,6.2,504.0,588.0,337.5,6.75,213.4,487.1,0.438,44.8,395.2,0.67,0.013,0.075,2895.0,3570.0
saiyan,tank,androidforms,supersaiyandroid,m0,3,4.2,4.2,6.75,2.0,2.0,6.2,504.0,588.0,337.5,6.75,194.2,487.1,0.399,126.2,1206.4,2.05,0.035,0.134,2855.3,3570.0
saiyan,tank,androidforms,supersaiyandroid,m0,5,4.2,4.2,6.75,2.0,2.0,6.2,504.0,588.0,337.5,6.75,178.9,487.1,0.367,256.0,2477.8,4.21,0.072,0.224,2823.7,3570.0
saiyan,tank,androidforms,supersaiyandroid,m0,7,4.2,4.2,6.75,2.0,2.0,6.2,504.0,588.0,337.5,6.75,178.9,487.1,0.367,393.5,3670.8,6.24,0.11,0.284,2823.7,3570.0
saiyan,tank,androidforms,supersaiyandroid,m100,1,6.3,6.3,10.12,3.0,3.0,9.3,756.0,882.0,506.2,10.12,235.7,730.6,0.323,49.5,492.7,0.56,0.009,0.079,3609.6,5345.0
saiyan,tank,androidforms,supersaiyandroid,m100,3,6.3,6.3,10.12,3.0,3.0,9.3,756.0,882.0,506.2,10.12,212.2,730.6,0.29,137.9,1525.1,1.73,0.026,0.142,3609.6,5345.0
saiyan,tank,androidforms,supersaiyandroid,m100,5,6.3,6.3,10.12,3.0,3.0,9.3,756.0,882.0,506.2,10.12,193.5,730.6,0.265,276.9,3135.8,3.56,0.052,0.236,3573.5,5345.0
saiyan,tank,androidforms,supersaiyandroid,m100,7,6.3,6.3,10.12,3.0,3.0,9.3,756.0,882.0,506.2,10.12,193.5,730.6,0.265,425.7,4645.6,5.27,0.08,0.299,3573.5,5345.0
saiyan,tank,androidforms,ssdroid2,m0,1,9.0,9.0,14.5,2.0,2.0,13.0,1080.0,1260.0,725.0,14.5,252.5,1040.7,0.243,53.0,381.8,0.3,0.015,0.082,2797.0,3570.0
saiyan,tank,androidforms,ssdroid2,m0,3,9.0,9.0,14.5,2.0,2.0,13.0,1080.0,1260.0,725.0,14.5,227.2,1040.7,0.218,147.7,1181.7,0.94,0.041,0.148,2797.0,3570.0
saiyan,tank,androidforms,ssdroid2,m0,5,9.0,9.0,14.5,2.0,2.0,13.0,1080.0,1260.0,725.0,14.5,205.7,1040.7,0.198,294.3,2454.3,1.95,0.082,0.247,2797.0,3570.0
saiyan,tank,androidforms,ssdroid2,m0,7,9.0,9.0,14.5,2.0,2.0,13.0,1080.0,1260.0,725.0,14.5,205.7,1040.7,0.198,452.4,3636.0,2.89,0.127,0.313,2797.0,3570.0
saiyan,tank,androidforms,ssdroid2,m100,1,13.5,13.5,21.75,3.0,3.0,19.5,1620.0,1890.0,1087.5,21.75,265.3,1561.0,0.17,55.7,455.4,0.24,0.01,0.087,3336.2,5345.0
saiyan,tank,androidforms,ssdroid2,m100,3,13.5,13.5,21.75,3.0,3.0,19.5,1620.0,1890.0,1087.5,21.75,244.0,1561.0,0.156,158.6,1409.6,0.75,0.03,0.156,3336.2,5345.0
saiyan,tank,androidforms,ssdroid2,m100,5,13.5,13.5,21.75,3.0,3.0,19.5,1620.0,1890.0,1087.5,21.75,219.2,1561.0,0.14,313.7,2927.5,1.55,0.059,0.26,3336.2,5345.0
saiyan,tank,androidforms,ssdroid2,m100,7,13.5,13.5,21.75,3.0,3.0,19.5,1620.0,1890.0,1087.5,21.75,219.2,1561.0,0.14,482.3,4337.1,2.29,0.09,0.329,3336.2,5345.0
saiyan,tank,androidforms,ssdroid3,m0,1,19.0,19.0,23.0,2.0,2.0,23.0,2280.0,2660.0,1150.0,23.0,285.4,2151.0,0.133,59.9,373.4,0.14,0.017,0.087,2735.8,3570.0
saiyan,tank,androidforms,ssdroid3,m0,3,19.0,19.0,23.0,2.0,2.0,23.0,2280.0,2660.0,1150.0,23.0,262.3,2151.0,0.122,170.5,1155.9,0.43,0.048,0.157,2735.8,3570.0
saiyan,tank,androidforms,ssdroid3,m0,5,19.0,19.0,23.0,2.0,2.0,23.0,2280.0,2660.0,1150.0,23.0,234.1,2151.0,0.109,335.1,2400.6,0.9,0.094,0.262,2735.8,3570.0
saiyan,tank,androidforms,ssdroid3,m0,7,19.0,19.0,23.0,2.0,2.0,23.0,2280.0,2660.0,1150.0,23.0,234.1,2151.0,0.109,515.1,3556.5,1.34,0.144,0.331,2735.8,3570.0
saiyan,tank,androidforms,ssdroid3,m100,1,28.5,28.5,34.5,3.0,3.0,34.5,3420.0,3990.0,1725.0,34.5,293.9,3226.5,0.091,61.7,434.6,0.11,0.012,0.091,3184.0,5345.0
saiyan,tank,androidforms,ssdroid3,m100,3,28.5,28.5,34.5,3.0,3.0,34.5,3420.0,3990.0,1725.0,34.5,278.1,3226.5,0.086,180.8,1345.2,0.34,0.034,0.164,3184.0,5345.0
saiyan,tank,androidforms,ssdroid3,m100,5,28.5,28.5,34.5,3.0,3.0,34.5,3420.0,3990.0,1725.0,34.5,246.9,3226.5,0.077,353.3,2794.0,0.7,0.066,0.274,3184.0,5345.0
saiyan,tank,androidforms,ssdroid3,m100,7,28.5,28.5,34.5,3.0,3.0,34.5,3420.0,3990.0,1725.0,34.5,246.9,3226.5,0.077,543.2,4139.2,1.04,0.102,0.347,3184.0,5345.0
saiyan,tank,androidforms,ssdroid4,m0,1,31.0,31.0,36.0,2.0,2.0,34.0,3720.0,4340.0,1800.0,36.0,297.1,3499.1,0.085,62.4,365.3,0.08,0.017,0.092,2676.3,3570.0
saiyan,tank,androidforms,ssdroid4,m0,3,31.0,31.0,36.0,2.0,2.0,34.0,3720.0,4340.0,1800.0,36.0,282.0,3499.1,0.081,183.3,1130.7,0.26,0.051,0.165,2676.3,3570.0
saiyan,tank,androidforms,ssdroid4,m0,5,31.0,31.0,36.0,2.0,2.0,34.0,3720.0,4340.0,1800.0,36.0,250.1,3499.1,0.071,357.9,2348.5,0.54,0.1,0.275,2676.3,3570.0
saiyan,tank,androidforms,ssdroid4,m0,7,31.0,31.0,36.0,2.0,2.0,34.0,3720.0,4340.0,1800.0,36.0,250.1,3499.1,0.071,550.2,3479.2,0.8,0.154,0.349,2676.3,3570.0
saiyan,tank,androidforms,ssdroid4,m100,1,46.5,46.5,54.0,3.0,3.0,51.0,5580.0,6510.0,2700.0,54.0,300.9,5248.7,0.057,63.2,415.6,0.06,0.012,0.096,3044.8,5345.0
saiyan,tank,androidforms,ssdroid4,m100,3,46.5,46.5,54.0,3.0,3.0,51.0,5580.0,6510.0,2700.0,54.0,295.4,5248.7,0.056,192.0,1286.4,0.2,0.036,0.173,3044.8,5345.0
saiyan,tank,androidforms,ssdroid4,m100,5,46.5,46.5,54.0,3.0,3.0,51.0,5580.0,6510.0,2700.0,54.0,261.0,5248.7,0.05,373.4,2671.8,0.41,0.07,0.288,3044.8,5345.0
saiyan,tank,androidforms,ssdroid4,m100,7,46.5,46.5,54.0,3.0,3.0,51.0,5580.0,6510.0,2700.0,54.0,261.0,5248.7,0.05,574.1,3958.3,0.61,0.107,0.365,3044.8,5345.0
saiyan,tank,godforms,beyond_god,m0,1,12.75,12.75,12.75,1.0,1.0,14.75,1530.0,1785.0,637.5,14.75,274.1,1427.8,0.192,57.6,245.0,0.14,0.032,0.083,1795.0,1795.0
saiyan,tank,godforms,beyond_god,m0,3,12.75,12.75,12.75,1.0,1.0,14.75,1530.0,1785.0,637.5,14.75,245.1,1427.8,0.172,159.3,758.4,0.42,0.089,0.149,1795.0,1795.0
saiyan,tank,godforms,beyond_god,m0,5,12.75,12.75,12.75,1.0,1.0,14.75,1530.0,1785.0,637.5,14.75,220.2,1427.8,0.154,315.1,1575.1,0.88,0.176,0.248,1795.0,1795.0
saiyan,tank,godforms,beyond_god,m0,7,12.75,12.75,12.75,1.0,1.0,14.75,1530.0,1785.0,637.5,14.75,220.2,1427.8,0.154,484.4,2333.5,1.31,0.27,0.314,1795.0,1795.0
saiyan,tank,godforms,beyond_god,m100,1,19.12,19.12,19.12,1.0,1.0,22.12,2295.0,2677.5,956.2,22.12,286.4,2141.0,0.134,60.1,245.0,0.09,0.034,0.087,1795.0,1795.0
saiyan,tank,godforms,beyond_god,m100,3,19.12,19.12,19.12,1.0,1.0,22.12,2295.0,2677.5,956.2,22.12,262.4,2141.0,0.123,170.6,758.4,0.28,0.095,0.156,1795.0,1795.0
saiyan,tank,godforms,beyond_god,m100,5,19.12,19.12,19.12,1.0,1.0,22.12,2295.0,2677.5,956.2,22.12,234.2,2141.0,0.109,335.2,1575.1,0.59,0.187,0.26,1795.0,1795.0
saiyan,tank,godforms,beyond_god,m100,7,19.12,19.12,19.12,1.0,1.0,22.12,2295.0,2677.5,956.2,22.12,234.2,2141.0,0.109,515.3,2333.5,0.87,0.287,0.33,1795.0,1795.0
saiyan,tank,godforms,supersaiyangod,m0,1,16.75,16.75,16.75,1.0,1.0,16.75,2010.0,2345.0,837.5,16.75,289.6,1875.3,0.154,60.8,245.0,0.1,0.034,0.084,1795.0,1795.0
saiyan,tank,godforms,supersaiyangod,m0,3,16.75,16.75,16.75,1.0,1.0,16.75,2010.0,2345.0,837.5,16.75,260.1,1875.3,0.139,169.0,758.4,0.32,0.094,0.151,1795.0,1795.0
saiyan,tank,godforms,supersaiyangod,m0,5,16.75,16.75,16.75,1.0,1.0,16.75,2010.0,2345.0,837.5,16.75,232.3,1875.3,0.124,332.4,1575.1,0.67,0.185,0.252,1795.0,1795.0
saiyan,tank,godforms,supersaiyangod,m0,7,16.75,16.75,16.75,1.0,1.0,16.75,2010.0,2345.0,837.5,16.75,232.3,1875.3,0.124,511.1,2333.5,1.0,0.285,0.319,1795.0,1795.0
saiyan,tank,godforms,supersaiyangod,m100,1,25.12,25.12,25.12,1.0,1.0,25.12,3015.0,3517.5,1256.2,25.12,300.7,2812.3,0.107,63.1,245.0,0.07,0.035,0.088,1795.0,1795.0
saiyan,tank,godforms,supersaiyangod,m100,3,25.12,25.12,25.12,1.0,1.0,25.12,3015.0,3517.5,1256.2,25.12,277.3,2812.3,0.099,180.3,758.4,0.22,0.1,0.159,1795.0,1795.0
saiyan,tank,godforms,supersaiyangod,m100,5,25.12,25.12,25.12,1.0,1.0,25.12,3015.0,3517.5,1256.2,25.12,246.3,2812.3,0.088,352.5,1575.1,0.45,0.196,0.264,1795.0,1795.0
saiyan,tank,godforms,supersaiyangod,m100,7,25.12,25.12,25.12,1.0,1.0,25.12,3015.0,3517.5,1256.2,25.12,246.3,2812.3,0.088,541.9,2333.5,0.66,0.302,0.335,1795.0,1795.0
saiyan,tank,godforms,supersaiyanblue,m0,1,32.75,32.75,32.75,1.0,1.0,32.75,3930.0,4585.0,1637.5,32.75,305.7,3665.3,0.083,64.2,245.0,0.05,0.036,0.091,1795.0,1795.0
saiyan,tank,godforms,supersaiyanblue,m0,3,32.75,32.75,32.75,1.0,1.0,32.75,3930.0,4585.0,1637.5,32.75,287.7,3665.3,0.078,187.0,758.4,0.17,0.104,0.163,1795.0,1795.0
saiyan,tank,godforms,supersaiyanblue,m0,5,32.75,32.75,32.75,1.0,1.0,32.75,3930.0,4585.0,1637.5,32.75,254.7,3665.3,0.069,364.4,1575.1,0.34,0.203,0.272,1795.0,1795.0
saiyan,tank,godforms,supersaiyanblue,m0,7,32.75,32.75,32.75,1.0,1.0,32.75,3930.0,4585.0,1637.5,32.75,254.7,3665.3,0.069,560.3,2333.5,0.51,0.312,0.345,1795.0,1795.0
saiyan,tank,godforms,supersaiyanblue,m100,1,49.12,49.12,49.12,1.0,1.0,49.12,5895.0,6877.5,2456.2,49.12,309.9,5497.3,0.056,65.1,245.0,0.04,0.036,0.095,1795.0,1795.0
saiyan,tank,godforms,supersaiyanblue,m100,3,49.12,49.12,49.12,1.0,1.0,49.12,5895.0,6877.5,2456.2,49.12,301.5,5497.3,0.055,196.0,758.4,0.11,0.109,0.171,1795.0,1795.0
saiyan,tank,godforms,supersaiyanblue,m100,5,49.12,49.12,49.12,1.0,1.0,49.12,5895.0,6877.5,2456.2,49.12,265.9,5497.3,0.048,380.5,1575.1,0.23,0.212,0.285,1795.0,1795.0
saiyan,tank,godforms,supersaiyanblue,m100,7,49.12,49.12,49.12,1.0,1.0,49.12,5895.0,6877.5,2456.2,49.12,265.9,5497.3,0.048,585.0,2333.5,0.34,0.326,0.361,1795.0,1795.0
saiyan,tank,legendaryforms,ikari,m0,1,3.4,3.4,3.4,1.0,1.0,2.62,408.0,476.0,170.0,3.4,222.0,381.8,0.581,46.6,245.0,0.51,0.026,0.068,1795.0,1795.0
saiyan,tank,legendaryforms,ikari,m0,3,3.4,3.4,3.4,1.0,1.0,2.62,408.0,476.0,170.0,3.4,253.5,381.8,0.664,164.8,758.4,1.59,0.092,0.122,1795.0,1795.0
saiyan,tank,legendaryforms,ikari,m0,5,3.4,3.4,3.4,1.0,1.0,2.62,408.0,476.0,170.0,3.4,184.5,381.8,0.483,264.0,1575.1,3.31,0.147,0.203,1795.0,1795.0
saiyan,tank,legendaryforms,ikari,m0,7,3.4,3.4,3.4,1.0,1.0,2.62,408.0,476.0,170.0,3.4,184.5,381.8,0.483,405.9,2333.5,4.9,0.226,0.257,1795.0,1795.0
saiyan,tank,legendaryforms,ikari,m100,1,5.1,5.1,5.1,1.0,1.0,3.94,612.0,714.0,255.0,5.1,275.7,572.0,0.482,57.9,245.0,0.34,0.032,0.072,1795.0,1795.0
saiyan,tank,legendaryforms,ikari,m100,3,5.1,5.1,5.1,1.0,1.0,3.94,612.0,714.0,255.0,5.1,322.8,572.0,0.564,209.8,758.4,1.06,0.117,0.129,1795.0,1795.0
saiyan,tank,legendaryforms,ikari,m100,5,5.1,5.1,5.1,1.0,1.0,3.94,612.0,714.0,255.0,5.1,219.7,572.0,0.384,314.4,1575.1,2.21,0.175,0.215,1795.0,1795.0
saiyan,tank,legendaryforms,ikari,m100,7,5.1,5.1,5.1,1.0,1.0,3.94,612.0,714.0,255.0,5.1,219.7,572.0,0.384,483.3,2333.5,3.27,0.269,0.273,1795.0,1795.0
saiyan,tank,legendaryforms,ssjhybrid,m0,1,8.3,8.3,8.3,1.0,1.0,6.25,996.0,1162.0,415.0,8.3,254.6,930.0,0.274,53.5,245.0,0.21,0.03,0.077,1795.0,1795.0
saiyan,tank,legendaryforms,ssjhybrid,m0,3,8.3,8.3,8.3,1.0,1.0,6.25,996.0,1162.0,415.0,8.3,227.5,930.0,0.245,147.9,758.4,0.65,0.082,0.138,1795.0,1795.0
saiyan,tank,legendaryforms,ssjhybrid,m0,5,8.3,8.3,8.3,1.0,1.0,6.25,996.0,1162.0,415.0,8.3,205.9,930.0,0.221,294.6,1575.1,1.36,0.164,0.23,1795.0,1795.0
saiyan,tank,legendaryforms,ssjhybrid,m0,7,8.3,8.3,8.3,1.0,1.0,6.25,996.0,1162.0,415.0,8.3,205.9,930.0,0.221,453.0,2333.5,2.01,0.252,0.292,1795.0,1795.0
saiyan,tank,legendaryforms,ssjhybrid,m100,1,12.45,12.45,12.45,1.0,1.0,9.38,1494.0,1743.0,622.5,12.45,278.3,1394.3,0.2,58.4,245.0,0.14,0.033,0.081,1795.0,1795.0
saiyan,tank,legendaryforms,ssjhybrid,m100,3,12.45,12.45,12.45,1.0,1.0,9.38,1494.0,1743.0,622.5,12.45,246.6,1394.3,0.177,160.3,758.4,0.44,0.089,0.146,1795.0,1795.0
saiyan,tank,legendaryforms,ssjhybrid,m100,5,12.45,12.45,12.45,1.0,1.0,9.38,1494.0,1743.0,622.5,12.45,221.4,1394.3,0.159,316.8,1575.1,0.9,0.176,0.243,1795.0,1795.0
saiyan,tank,legendaryforms,ssjhybrid,m100,7,12.45,12.45,12.45,1.0,1.0,9.38,1494.0,1743.0,622.5,12.45,221.4,1394.3,0.159,487.0,2333.5,1.34,0.271,0.307,1795.0,1795.0
saiyan,tank,legendaryforms,ssjfullpower,m0,1,14.5,14.5,14.0,1.0,1.0,12.62,1740.0,2030.0,700.0,14.5,284.7,1620.8,0.176,59.8,245.0,0.12,0.033,0.082,1795.0,1795.0
saiyan,tank,legendaryforms,ssjfullpower,m0,3,14.5,14.5,14.0,1.0,1.0,12.62,1740.0,2030.0,700.0,14.5,253.5,1620.8,0.156,164.8,758.4,0.37,0.092,0.148,1795.0,1795.0
saiyan,tank,legendaryforms,ssjfullpower,m0,5,14.5,14.5,14.0,1.0,1.0,12.62,1740.0,2030.0,700.0,14.5,227.0,1620.8,0.14,324.8,1575.1,0.78,0.181,0.247,1795.0,1795.0
saiyan,tank,legendaryforms,ssjfullpower,m0,7,14.5,14.5,14.0,1.0,1.0,12.62,1740.0,2030.0,700.0,14.5,227.0,1620.8,0.14,499.3,2333.5,1.15,0.278,0.313,1795.0,1795.0
saiyan,tank,legendaryforms,ssjfullpower,m100,1,21.75,21.75,21.0,1.0,1.0,18.94,2610.0,3045.0,1050.0,21.75,297.0,2430.5,0.122,62.4,245.0,0.08,0.035,0.087,1795.0,1795.0
saiyan,tank,legendaryforms,ssjfullpower,m100,3,21.75,21.75,21.0,1.0,1.0,18.94,2610.0,3045.0,1050.0,21.75,271.3,2430.5,0.112,176.3,758.4,0.25,0.098,0.156,1795.0,1795.0
saiyan,tank,legendaryforms,ssjfullpower,m100,5,21.75,21.75,21.0,1.0,1.0,18.94,2610.0,3045.0,1050.0,21.75,241.4,2430.5,0.099,345.4,1575.1,0.52,0.192,0.26,1795.0,1795.0
saiyan,tank,legendaryforms,ssjfullpower,m100,7,21.75,21.75,21.0,1.0,1.0,18.94,2610.0,3045.0,1050.0,21.75,241.4,2430.5,0.099,531.0,2333.5,0.77,0.296,0.329,1795.0,1795.0
saiyan,tank,oozaru,oozaru,m0,1,1.2,1.2,1.2,1.0,1.0,1.12,144.0,168.0,60.0,1.2,130.2,135.7,0.959,27.3,245.0,1.46,0.015,0.06,1795.0,1795.0
saiyan,tank,oozaru,oozaru,m0,3,1.2,1.2,1.2,1.0,1.0,1.12,144.0,168.0,60.0,1.2,135.1,135.7,0.995,87.8,758.4,4.51,0.049,0.102,1795.0,1795.0
saiyan,tank,oozaru,oozaru,m0,5,1.2,1.2,1.2,1.0,1.0,1.12,144.0,168.0,60.0,1.2,124.4,135.7,0.916,178.0,1575.1,9.38,0.099,0.171,1795.0,1795.0
saiyan,tank,oozaru,oozaru,m0,7,1.2,1.2,1.2,1.0,1.0,1.12,144.0,168.0,60.0,1.2,124.4,135.7,0.916,273.6,2333.5,13.89,0.152,0.216,1795.0,1795.0
saiyan,tank,oozaru,oozaru,m100,1,1.8,1.8,1.8,1.0,1.0,1.69,216.0,252.0,90.0,1.8,161.0,202.8,0.794,33.8,245.0,0.97,0.019,0.061,1795.0,1795.0
saiyan,tank,oozaru,oozaru,m100,3,1.8,1.8,1.8,1.0,1.0,1.69,216.0,252.0,90.0,1.8,174.8,202.8,0.862,113.6,758.4,3.01,0.063,0.11,1795.0,1795.0
saiyan,tank,oozaru,oozaru,m100,5,1.8,1.8,1.8,1.0,1.0,1.69,216.0,252.0,90.0,1.8,144.5,202.8,0.713,206.8,1575.1,6.25,0.115,0.183,1795.0,1795.0
saiyan,tank,oozaru,oozaru,m100,7,1.8,1.8,1.8,1.0,1.0,1.69,216.0,252.0,90.0,1.8,144.5,202.8,0.713,318.0,2333.5,9.26,0.177,0.232,1795.0,1795.0
saiyan,tank,oozaru,goldenoozaru,m0,1,10.0,10.0,10.0,1.0,1.0,8.12,1200.0,1400.0,500.0,10.0,265.6,1120.2,0.237,55.8,245.0,0.18,0.031,0.079,1795.0,1795.0
saiyan,tank,oozaru,goldenoozaru,m0,3,10.0,10.0,10.0,1.0,1.0,8.12,1200.0,1400.0,500.0,10.0,236.3,1120.2,0.211,153.6,758.4,0.54,0.086,0.142,1795.0,1795.0
saiyan,tank,oozaru,goldenoozaru,m0,5,10.0,10.0,10.0,1.0,1.0,8.12,1200.0,1400.0,500.0,10.0,213.1,1120.2,0.19,304.9,1575.1,1.13,0.17,0.236,1795.0,1795.0
saiyan,tank,oozaru,goldenoozaru,m0,7,10.0,10.0,10.0,1.0,1.0,8.12,1200.0,1400.0,500.0,10.0,213.1,1120.2,0.19,468.8,2333.5,1.67,0.261,0.299,1795.0,1795.0
saiyan,tank,oozaru,goldenoozaru,m100,1,15.0,15.0,15.0,1.0,1.0,12.19,1800.0,2100.0,750.0,15.0,286.0,1679.6,0.17,60.1,245.0,0.12,0.033,0.083,1795.0,1795.0
saiyan,tank,oozaru,goldenoozaru,m100,3,15.0,15.0,15.0,1.0,1.0,12.19,1800.0,2100.0,750.0,15.0,255.1,1679.6,0.152,165.8,758.4,0.36,0.092,0.149,1795.0,1795.0
saiyan,tank,oozaru,goldenoozaru,m100,5,15.0,15.0,15.0,1.0,1.0,12.19,1800.0,2100.0,750.0,15.0,228.3,1679.6,0.136,326.7,1575.1,0.75,0.182,0.248,1795.0,1795.0
saiyan,tank,oozaru,goldenoozaru,m100,7,15.0,15.0,15.0,1.0,1.0,12.19,1800.0,2100.0,750.0,15.0,228.3,1679.6,0.136,502.3,2333.5,1.11,0.28,0.315,1795.0,1795.0
saiyan,tank,oozaru,supersaiyan4,m0,1,14.5,14.5,14.5,1.0,1.0,12.88,1740.0,2030.0,725.0,14.5,284.8,1623.6,0.175,59.8,245.0,0.12,0.033,0.082,1795.0,1795.0
saiyan,tank,oozaru,supersaiyan4,m0,3,14.5,14.5,14.5,1.0,1.0,12.88,1740.0,2030.0,725.0,14.5,253.6,1623.6,0.156,164.8,758.4,0.37,0.092,0.148,1795.0,1795.0
saiyan,tank,oozaru,supersaiyan4,m0,5,14.5,14.5,14.5,1.0,1.0,12.88,1740.0,2030.0,725.0,14.5,227.1,1623.6,0.14,324.9,1575.1,0.78,0.181,0.247,1795.0,1795.0
saiyan,tank,oozaru,supersaiyan4,m0,7,14.5,14.5,14.5,1.0,1.0,12.88,1740.0,2030.0,725.0,14.5,227.1,1623.6,0.14,499.5,2333.5,1.15,0.278,0.313,1795.0,1795.0
saiyan,tank,oozaru,supersaiyan4,m100,1,21.75,21.75,21.75,1.0,1.0,19.31,2610.0,3045.0,1087.5,21.75,297.2,2434.7,0.122,62.4,245.0,0.08,0.035,0.087,1795.0,1795.0
saiyan,tank,oozaru,supersaiyan4,m100,3,21.75,21.75,21.75,1.0,1.0,19.31,2610.0,3045.0,1087.5,21.75,271.4,2434.7,0.111,176.4,758.4,0.25,0.098,0.156,1795.0,1795.0
saiyan,tank,oozaru,supersaiyan4,m100,5,21.75,21.75,21.75,1.0,1.0,19.31,2610.0,3045.0,1087.5,21.75,241.5,2434.7,0.099,345.5,1575.1,0.52,0.193,0.26,1795.0,1795.0
saiyan,tank,oozaru,supersaiyan4,m100,7,21.75,21.75,21.75,1.0,1.0,19.31,2610.0,3045.0,1087.5,21.75,241.5,2434.7,0.099,531.2,2333.5,0.77,0.296,0.329,1795.0,1795.0
saiyan,tank,salt,cumber,m0,1,1.3,1.3,1.3,1.3,1.0,1.0,156.0,182.0,65.0,1.3,136.5,147.3,0.926,28.7,245.0,1.35,0.016,0.06,1795.0,1795.0
saiyan,tank,salt,cumber,m0,3,1.3,1.3,1.3,1.3,1.0,1.0,156.0,182.0,65.0,1.3,143.2,147.3,0.972,93.1,758.4,4.17,0.052,0.104,1795.0,1795.0
saiyan,tank,salt,cumber,m0,5,1.3,1.3,1.3,1.3,1.0,1.0,156.0,182.0,65.0,1.3,128.5,147.3,0.872,183.8,1575.1,8.65,0.102,0.173,1795.0,1795.0
saiyan,tank,salt,cumber,m0,7,1.3,1.3,1.3,1.3,1.0,1.0,156.0,182.0,65.0,1.3,128.5,147.3,0.872,282.6,2333.5,12.82,0.157,0.219,1795.0,1795.0
saiyan,tank,salt,cumber,m100,1,1.3,1.3,1.3,1.3,1.0,1.0,156.0,182.0,65.0,1.3,136.5,147.3,0.926,28.7,245.0,1.35,0.016,0.06,1795.0,1795.0
saiyan,tank,salt,cumber,m100,3,1.3,1.3,1.3,1.3,1.0,1.0,156.0,182.0,65.0,1.3,143.2,147.3,0.972,93.1,758.4,4.17,0.052,0.104,1795.0,1795.0
saiyan,tank,salt,cumber,m100,5,1.3,1.3,1.3,1.3,1.0,1.0,156.0,182.0,65.0,1.3,128.5,147.3,0.872,183.8,1575.1,8.65,0.102,0.173,1795.0,1795.0
saiyan,tank,salt,cumber,m100,7,1.3,1.3,1.3,1.3,1.0,1.0,156.0,182.0,65.0,1.3,128.5,147.3,0.872,282.6,2333.5,12.82,0.157,0.219,1795.0,1795.0
saiyan,tank,ssgrades,supersaiyan,m0,1,3.25,3.25,3.25,1.0,1.0,3.31,390.0,455.0,162.5,3.31,216.9,365.0,0.594,45.5,245.0,0.54,0.025,0.067,1795.0,1795.0
saiyan,tank,ssgrades,supersaiyan,m0,3,3.25,3.25,3.25,1.0,1.0,3.31,390.0,455.0,162.5,3.31,246.9,365.0,0.676,160.5,758.4,1.67,0.089,0.121,1795.0,1795.0
saiyan,tank,ssgrades,supersaiyan,m0,5,3.25,3.25,3.25,1.0,1.0,3.31,390.0,455.0,162.5,3.31,181.1,365.0,0.496,259.2,1575.1,3.46,0.144,0.202,1795.0,1795.0
saiyan,tank,ssgrades,supersaiyan,m0,7,3.25,3.25,3.25,1.0,1.0,3.31,390.0,455.0,162.5,3.31,181.1,365.0,0.496,398.5,2333.5,5.13,0.222,0.256,1795.0,1795.0
saiyan,tank,ssgrades,supersaiyan,m100,1,4.88,4.88,4.88,1.0,1.0,4.97,585.0,682.5,243.8,4.97,269.0,546.8,0.492,56.5,245.0,0.36,0.031,0.071,1795.0,1795.0
saiyan,tank,ssgrades,supersaiyan,m100,3,4.88,4.88,4.88,1.0,1.0,4.97,585.0,682.5,243.8,4.97,314.2,546.8,0.575,204.2,758.4,1.11,0.114,0.129,1795.0,1795.0
saiyan,tank,ssgrades,supersaiyan,m100,5,4.88,4.88,4.88,1.0,1.0,4.97,585.0,682.5,243.8,4.97,215.3,546.8,0.394,308.1,1575.1,2.31,0.172,0.214,1795.0,1795.0
saiyan,tank,ssgrades,supersaiyan,m100,7,4.88,4.88,4.88,1.0,1.0,4.97,585.0,682.5,243.8,4.97,215.3,546.8,0.394,473.6,2333.5,3.42,0.264,0.272,1795.0,1795.0
saiyan,tank,ssgrades,supersaiyangrade2,m0,1,3.75,3.75,3.75,1.0,1.0,3.5,450.0,525.0,187.5,3.75,233.7,421.0,0.555,49.1,245.0,0.47,0.027,0.069,1795.0,1795.0
saiyan,tank,ssgrades,supersaiyangrade2,m0,3,3.75,3.75,3.75,1.0,1.0,3.5,450.0,525.0,187.5,3.75,268.6,421.0,0.638,174.6,758.4,1.44,0.097,0.123,1795.0,1795.0
saiyan,tank,ssgrades,supersaiyangrade2,m0,5,3.75,3.75,3.75,1.0,1.0,3.5,450.0,525.0,187.5,3.75,192.2,421.0,0.456,275.0,1575.1,3.0,0.153,0.206,1795.0,1795.0
saiyan,tank,ssgrades,supersaiyangrade2,m0,7,3.75,3.75,3.75,1.0,1.0,3.5,450.0,525.0,187.5,3.75,192.2,421.0,0.456,422.7,2333.5,4.44,0.236,0.261,1795.0,1795.0
saiyan,tank,ssgrades,supersaiyangrade2,m100,1,5.62,5.62,5.62,1.0,1.0,5.25,675.0,787.5,281.2,5.62,291.1,630.7,0.461,61.1,245.0,0.31,0.034,0.073,1795.0,1795.0
saiyan,tank,ssgrades,supersaiyangrade2,m100,3,5.62,5.62,5.62,1.0,1.0,5.25,675.0,787.5,281.2,5.62,342.7,630.7,0.543,222.7,758.4,0.96,0.124,0.131,1795.0,1795.0
saiyan,tank,ssgrades,supersaiyangrade2,m100,5,5.62,5.62,5.62,1.0,1.0,5.25,675.0,787.5,281.2,5.62,229.7,630.7,0.364,328.8,1575.1,2.0,0.183,0.218,1795.0,1795.0
saiyan,tank,ssgrades,supersaiyangrade2,m100,7,5.62,5.62,5.62,1.0,1.0,5.25,675.0,787.5,281.2,5.62,229.7,630.7,0.364,496.1,2333.5,2.96,0.276,0.276,1795.0,1795.0
saiyan,tank,ssgrades,supersaiyangrade3,m0,1,4.75,4.75,4.75,1.0,1.0,4.0,570.0,665.0,237.5,4.75,265.2,532.8,0.498,55.7,245.0,0.37,0.031,0.071,1795.0,1795.0
saiyan,tank,ssgrades,supersaiyangrade3,m0,3,4.75,4.75,4.75,1.0,1.0,4.0,570.0,665.0,237.5,4.75,309.3,532.8,0.58,201.0,758.4,1.14,0.112,0.128,1795.0,1795.0
saiyan,tank,ssgrades,supersaiyangrade3,m0,5,4.75,4.75,4.75,1.0,1.0,4.0,570.0,665.0,237.5,4.75,212.8,532.8,0.399,304.5,1575.1,2.37,0.17,0.213,1795.0,1795.0
saiyan,tank,ssgrades,supersaiyangrade3,m0,7,4.75,4.75,4.75,1.0,1.0,4.0,570.0,665.0,237.5,4.75,212.8,532.8,0.399,468.2,2333.5,3.51,0.261,0.27,1795.0,1795.0
saiyan,tank,ssgrades,supersaiyangrade3,m100,1,7.12,7.12,7.12,1.0,1.0,6.0,855.0,997.5,356.2,7.12,245.6,798.5,0.308,51.6,245.0,0.25,0.029,0.075,1795.0,1795.0
saiyan,tank,ssgrades,supersaiyangrade3,m100,3,7.12,7.12,7.12,1.0,1.0,6.0,855.0,997.5,356.2,7.12,220.2,798.5,0.276,143.1,758.4,0.76,0.08,0.135,1795.0,1795.0
saiyan,tank,ssgrades,supersaiyangrade3,m100,5,7.12,7.12,7.12,1.0,1.0,6.0,855.0,997.5,356.2,7.12,200.0,798.5,0.25,286.1,1575.1,1.58,0.159,0.225,1795.0,1795.0
saiyan,tank,ssgrades,supersaiyangrade3,m100,7,7.12,7.12,7.12,1.0,1.0,6.0,855.0,997.5,356.2,7.12,200.0,798.5,0.25,439.9,2333.5,2.34,0.245,0.286,1795.0,1795.0
saiyan,tank,supersaiyan,supersaiyanmastered,m0,1,3.75,3.75,3.75,1.0,1.0,3.44,450.0,525.0,187.5,3.75,233.7,421.0,0.555,49.1,245.0,0.47,0.027,0.069,1795.0,1795.0
saiyan,tank,supersaiyan,supersaiyanmastered,m0,3,3.75,3.75,3.75,1.0,1.0,3.44,450.0,525.0,187.5,3.75,268.6,421.0,0.638,174.6,758.4,1.44,0.097,0.123,1795.0,1795.0
saiyan,tank,supersaiyan,supersaiyanmastered,m0,5,3.75,3.75,3.75,1.0,1.0,3.44,450.0,525.0,187.5,3.75,192.2,421.0,0.456,275.0,1575.1,3.0,0.153,0.206,1795.0,1795.0
saiyan,tank,supersaiyan,supersaiyanmastered,m0,7,3.75,3.75,3.75,1.0,1.0,3.44,450.0,525.0,187.5,3.75,192.2,421.0,0.456,422.7,2333.5,4.44,0.236,0.261,1795.0,1795.0
saiyan,tank,supersaiyan,supersaiyanmastered,m100,1,5.62,5.62,5.62,1.0,1.0,5.16,675.0,787.5,281.2,5.62,291.1,630.7,0.461,61.1,245.0,0.31,0.034,0.073,1795.0,1795.0
saiyan,tank,supersaiyan,supersaiyanmastered,m100,3,5.62,5.62,5.62,1.0,1.0,5.16,675.0,787.5,281.2,5.62,342.7,630.7,0.543,222.7,758.4,0.96,0.124,0.131,1795.0,1795.0
saiyan,tank,supersaiyan,supersaiyanmastered,m100,5,5.62,5.62,5.62,1.0,1.0,5.16,675.0,787.5,281.2,5.62,229.7,630.7,0.364,328.8,1575.1,2.0,0.183,0.218,1795.0,1795.0
saiyan,tank,supersaiyan,supersaiyanmastered,m100,7,5.62,5.62,5.62,1.0,1.0,5.16,675.0,787.5,281.2,5.62,229.7,630.7,0.364,496.1,2333.5,2.96,0.276,0.276,1795.0,1795.0
saiyan,tank,supersaiyan,supersaiyan2,m0,1,6.25,6.25,6.25,1.0,1.0,5.81,750.0,875.0,312.5,6.25,237.8,700.7,0.339,49.9,245.0,0.28,0.028,0.074,1795.0,1795.0
saiyan,tank,supersaiyan,supersaiyan2,m0,3,6.25,6.25,6.25,1.0,1.0,5.81,750.0,875.0,312.5,6.25,213.9,700.7,0.305,139.0,758.4,0.87,0.077,0.133,1795.0,1795.0
saiyan,tank,supersaiyan,supersaiyan2,m0,5,6.25,6.25,6.25,1.0,1.0,5.81,750.0,875.0,312.5,6.25,194.8,700.7,0.278,278.8,1575.1,1.8,0.155,0.221,1795.0,1795.0
saiyan,tank,supersaiyan,supersaiyan2,m0,7,6.25,6.25,6.25,1.0,1.0,5.81,750.0,875.0,312.5,6.25,194.8,700.7,0.278,428.7,2333.5,2.67,0.239,0.281,1795.0,1795.0
saiyan,tank,supersaiyan,supersaiyan2,m100,1,9.38,9.38,9.38,1.0,1.0,8.72,1125.0,1312.5,468.8,9.38,261.8,1050.3,0.249,55.0,245.0,0.19,0.031,0.078,1795.0,1795.0
saiyan,tank,supersaiyan,supersaiyan2,m100,3,9.38,9.38,9.38,1.0,1.0,8.72,1125.0,1312.5,468.8,9.38,233.3,1050.3,0.222,151.6,758.4,0.58,0.084,0.14,1795.0,1795.0
saiyan,tank,supersaiyan,supersaiyan2,m100,5,9.38,9.38,9.38,1.0,1.0,8.72,1125.0,1312.5,468.8,9.38,210.6,1050.3,0.201,301.4,1575.1,1.2,0.168,0.234,1795.0,1795.0
saiyan,tank,supersaiyan,supersaiyan2,m100,7,9.38,9.38,9.38,1.0,1.0,8.72,1125.0,1312.5,468.8,9.38,210.6,1050.3,0.201,463.3,2333.5,1.78,0.258,0.296,1795.0,1795.0
saiyan,tank,supersaiyan,supersaiyan3,m0,1,10.0,10.0,10.0,1.0,1.0,8.44,1200.0,1400.0,500.0,10.0,265.6,1120.2,0.237,55.8,245.0,0.18,0.031,0.079,1795.0,1795.0
saiyan,tank,supersaiyan,supersaiyan3,m0,3,10.0,10.0,10.0,1.0,1.0,8.44,1200.0,1400.0,500.0,10.0,236.3,1120.2,0.211,153.6,758.4,0.54,0.086,0.142,1795.0,1795.0
saiyan,tank,supersaiyan,supersaiyan3,m0,5,10.0,10.0,10.0,1.0,1.0,8.44,1200.0,1400.0,500.0,10.0,213.1,1120.2,0.19,304.9,1575.1,1.13,0.17,0.236,1795.0,1795.0
saiyan,tank,supersaiyan,supersaiyan3,m0,7,10.0,10.0,10.0,1.0,1.0,8.44,1200.0,1400.0,500.0,10.0,213.1,1120.2,0.19,468.8,2333.5,1.67,0.261,0.299,1795.0,1795.0
saiyan,tank,supersaiyan,supersaiyan3,m100,1,15.0,15.0,15.0,1.0,1.0,12.66,1800.0,2100.0,750.0,15.0,286.0,1679.6,0.17,60.1,245.0,0.12,0.033,0.083,1795.0,1795.0
saiyan,tank,supersaiyan,supersaiyan3,m100,3,15.0,15.0,15.0,1.0,1.0,12.66,1800.0,2100.0,750.0,15.0,255.1,1679.6,0.152,165.8,758.4,0.36,0.092,0.149,1795.0,1795.0
saiyan,tank,supersaiyan,supersaiyan3,m100,5,15.0,15.0,15.0,1.0,1.0,12.66,1800.0,2100.0,750.0,15.0,228.3,1679.6,0.136,326.7,1575.1,0.75,0.182,0.248,1795.0,1795.0
saiyan,tank,supersaiyan,supersaiyan3,m100,7,15.0,15.0,15.0,1.0,1.0,12.66,1800.0,2100.0,750.0,15.0,228.3,1679.6,0.136,502.3,2333.5,1.11,0.28,0.315,1795.0,1795.0
saiyan,tank,supersaiyan,supersaiyan4,m0,1,14.5,14.5,14.75,1.0,1.0,12.88,1740.0,2030.0,737.5,14.75,284.1,1625.0,0.175,59.7,245.0,0.12,0.033,0.083,1795.0,1795.0
saiyan,tank,supersaiyan,supersaiyan4,m0,3,14.5,14.5,14.75,1.0,1.0,12.88,1740.0,2030.0,737.5,14.75,253.3,1625.0,0.156,164.7,758.4,0.37,0.092,0.149,1795.0,1795.0
saiyan,tank,supersaiyan,supersaiyan4,m0,5,14.5,14.5,14.75,1.0,1.0,12.88,1740.0,2030.0,737.5,14.75,226.8,1625.0,0.14,324.6,1575.1,0.78,0.181,0.248,1795.0,1795.0
saiyan,tank,supersaiyan,supersaiyan4,m0,7,14.5,14.5,14.75,1.0,1.0,12.88,1740.0,2030.0,737.5,14.75,226.8,1625.0,0.14,499.0,2333.5,1.15,0.278,0.314,1795.0,1795.0
saiyan,tank,supersaiyan,supersaiyan4,m100,1,21.75,21.75,22.12,1.0,1.0,19.31,2610.0,3045.0,1106.2,22.12,296.3,2436.8,0.122,62.2,245.0,0.08,0.035,0.087,1795.0,1795.0
saiyan,tank,supersaiyan,supersaiyan4,m100,3,21.75,21.75,22.12,1.0,1.0,19.31,2610.0,3045.0,1106.2,22.12,271.0,2436.8,0.111,176.1,758.4,0.25,0.098,0.156,1795.0,1795.0
saiyan,tank,supersaiyan,supersaiyan4,m100,5,21.75,21.75,22.12,1.0,1.0,19.31,2610.0,3045.0,1106.2,22.12,241.2,2436.8,0.099,345.1,1575.1,0.52,0.192,0.26,1795.0,1795.0
saiyan,tank,supersaiyan,supersaiyan4,m100,7,21.75,21.75,22.12,1.0,1.0,19.31,2610.0,3045.0,1106.2,22.12,241.2,2436.8,0.099,530.6,2333.5,0.77,0.296,0.33,1795.0,1795.0
sento_saiyan,berserker,base,Base,m0,1,1.0,1.0,1.0,1.0,1.0,1.0,1600.0,80.0,40.0,1.0,1076.2,1076.2,1.0,226.0,657.9,0.41,0.047,0.06,4820.0,4820.0
sento_saiyan,berserker,base,Base,m0,3,1.0,1.0,1.0,1.0,1.0,1.0,1600.0,80.0,40.0,1.0,1076.2,1076.2,1.0,477.2,2036.5,1.27,0.099,0.099,4820.0,4820.0
sento_saiyan,berserker,base,Base,m0,5,1.0,1.0,1.0,1.0,1.0,1.0,1600.0,80.0,40.0,1.0,1076.2,1076.2,1.0,795.3,4229.6,2.64,0.165,0.165,4820.0,4820.0
sento_saiyan,berserker,base,Base,m0,7,1.0,1.0,1.0,1.0,1.0,1.0,1600.0,80.0,40.0,1.0,1076.2,1076.2,1.0,1007.4,6266.0,3.92,0.209,0.209,4820.0,4820.0
sento_saiyan,berserker,ancestral_bloodline,primal_awakening,m0,1,2.0,1.0,1.0,1.0,1.0,4.0,3200.0,80.0,40.0,4.0,1610.2,2136.2,0.754,333.7,657.9,0.21,0.069,0.069,4820.0,4820.0
sento_saiyan,berserker,ancestral_bloodline,primal_awakening,m0,3,2.0,1.0,1.0,1.0,1.0,4.0,3200.0,80.0,40.0,4.0,1765.2,2136.2,0.826,600.7,2036.5,0.64,0.125,0.125,4820.0,4820.0
sento_saiyan,berserker,ancestral_bloodline,primal_awakening,m0,5,2.0,1.0,1.0,1.0,1.0,4.0,3200.0,80.0,40.0,4.0,1426.0,2136.2,0.668,1001.2,4229.6,1.32,0.208,0.208,4820.0,4820.0
sento_saiyan,berserker,ancestral_bloodline,primal_awakening,m0,7,2.0,1.0,1.0,1.0,1.0,4.0,3200.0,80.0,40.0,4.0,1426.0,2136.2,0.668,1268.1,6266.0,1.96,0.263,0.263,4820.0,4820.0
sento_saiyan,berserker,ancestral_bloodline,primal_awakening,m100,1,3.5,1.0,1.0,1.0,1.0,7.0,5600.0,80.0,40.0,7.0,1898.9,3726.2,0.51,361.4,657.9,0.12,0.075,0.075,4820.0,4820.0
sento_saiyan,berserker,ancestral_bloodline,primal_awakening,m100,3,3.5,1.0,1.0,1.0,1.0,7.0,5600.0,80.0,40.0,7.0,1740.9,3726.2,0.467,650.6,2036.5,0.36,0.135,0.135,4820.0,4820.0
sento_saiyan,berserker,ancestral_bloodline,primal_awakening,m100,5,3.5,1.0,1.0,1.0,1.0,7.0,5600.0,80.0,40.0,7.0,1615.1,3726.2,0.433,1084.3,4229.6,0.76,0.225,0.225,4820.0,4820.0
sento_saiyan,berserker,ancestral_bloodline,primal_awakening,m100,7,3.5,1.0,1.0,1.0,1.0,7.0,5600.0,80.0,40.0,7.0,1615.1,3726.2,0.433,1373.4,6266.0,1.12,0.285,0.285,4820.0,4820.0
sento_saiyan,berserker,ancestral_bloodline,ancestral_outburst,m0,1,6.75,6.75,6.75,1.0,1.0,8.75,10800.0,540.0,270.0,8.75,2284.6,7248.8,0.315,372.5,657.9,0.06,0.077,0.077,4820.0,4820.0
sento_saiyan,berserker,ancestral_bloodline,ancestral_outburst,m0,3,6.75,6.75,6.75,1.0,1.0,8.75,10800.0,540.0,270.0,8.75,2052.4,7248.8,0.283,670.4,2036.5,0.19,0.139,0.139,4820.0,4820.0
sento_saiyan,berserker,ancestral_bloodline,ancestral_outburst,m0,5,6.75,6.75,6.75,1.0,1.0,8.75,10800.0,540.0,270.0,8.75,1867.7,7248.8,0.258,1117.4,4229.6,0.39,0.232,0.232,4820.0,4820.0
sento_saiyan,berserker,ancestral_bloodline,ancestral_outburst,m0,7,6.75,6.75,6.75,1.0,1.0,8.75,10800.0,540.0,270.0,8.75,1867.7,7248.8,0.258,1415.4,6266.0,0.58,0.294,0.294,4820.0,4820.0
sento_saiyan,berserker,ancestral_bloodline,ancestral_outburst,m100,1,11.81,11.81,11.81,1.0,1.0,15.31,18900.0,945.0,472.5,15.31,2551.0,12683.4,0.201,400.2,657.9,0.03,0.083,0.083,4820.0,4820.0
sento_saiyan,berserker,ancestral_bloodline,ancestral_outburst,m100,3,11.81,11.81,11.81,1.0,1.0,15.31,18900.0,945.0,472.5,15.31,2290.5,12683.4,0.181,720.3,2036.5,0.11,0.149,0.149,4820.0,4820.0
sento_saiyan,berserker,ancestral_bloodline,ancestral_outburst,m100,5,11.81,11.81,11.81,1.0,1.0,15.31,18900.0,945.0,472.5,15.31,2060.8,12683.4,0.162,1200.5,4229.6,0.22,0.249,0.249,4820.0,4820.0
sento_saiyan,berserker,ancestral_bloodline,ancestral_outburst,m100,7,11.81,11.81,11.81,1.0,1.0,15.31,18900.0,945.0,472.5,15.31,2060.8,12683.4,0.162,1520.6,6266.0,0.33,0.315,0.315,4820.0,4820.0
sento_saiyan,berserker,ancestral_bloodline,ancestral_rage,m0,1,8.0,9.0,1.0,9.0,1.0,10.0,12800.0,720.0,40.0,10.0,2379.2,8589.8,0.277,379.1,657.9,0.05,0.079,0.079,4820.0,4820.0
sento_saiyan,berserker,ancestral_bloodline,ancestral_rage,m0,3,8.0,9.0,1.0,9.0,1.0,10.0,12800.0,720.0,40.0,10.0,2128.8,8589.8,0.248,682.3,2036.5,0.16,0.142,0.142,4820.0,4820.0
sento_saiyan,berserker,ancestral_bloodline,ancestral_rage,m0,5,8.0,9.0,1.0,9.0,1.0,10.0,12800.0,720.0,40.0,10.0,1929.7,8589.8,0.225,1137.2,4229.6,0.33,0.236,0.236,4820.0,4820.0
sento_saiyan,berserker,ancestral_bloodline,ancestral_rage,m0,7,8.0,9.0,1.0,9.0,1.0,10.0,12800.0,720.0,40.0,10.0,1929.7,8589.8,0.225,1440.5,6266.0,0.49,0.299,0.299,4820.0,4820.0
sento_saiyan,berserker,ancestral_bloodline,ancestral_rage,m100,1,14.0,15.75,1.0,15.75,1.0,17.5,22400.0,1260.0,40.0,17.5,2616.2,15028.8,0.174,406.8,657.9,0.03,0.084,0.084,4820.0,4820.0
sento_saiyan,berserker,ancestral_bloodline,ancestral_rage,m100,3,14.0,15.75,1.0,15.75,1.0,17.5,22400.0,1260.0,40.0,17.5,2365.0,15028.8,0.157,732.2,2036.5,0.09,0.152,0.152,4820.0,4820.0
sento_saiyan,berserker,ancestral_bloodline,ancestral_rage,m100,5,14.0,15.75,1.0,15.75,1.0,17.5,22400.0,1260.0,40.0,17.5,2121.1,15028.8,0.141,1220.3,4229.6,0.19,0.253,0.253,4820.0,4820.0
sento_saiyan,berserker,ancestral_bloodline,ancestral_rage,m100,7,14.0,15.75,1.0,15.75,1.0,17.5,22400.0,1260.0,40.0,17.5,2121.1,15028.8,0.141,1545.7,6266.0,0.28,0.321,0.321,4820.0,4820.0
sento_saiyan,berserker,ancestral_bloodline,ancestral_truth,m0,1,14.75,7.5,14.75,3.0,1.0,14.75,23600.0,600.0,590.0,14.75,2725.3,15777.0,0.173,398.3,657.9,0.03,0.083,0.083,4820.0,4820.0
sento_saiyan,berserker,ancestral_bloodline,ancestral_truth,m0,3,14.75,7.5,14.75,3.0,1.0,14.75,23600.0,600.0,590.0,14.75,2428.0,15777.0,0.154,717.0,2036.5,0.09,0.149,0.149,4820.0,4820.0
sento_saiyan,berserker,ancestral_bloodline,ancestral_truth,m0,5,14.75,7.5,14.75,3.0,1.0,14.75,23600.0,600.0,590.0,14.75,2172.3,15777.0,0.138,1194.9,4229.6,0.18,0.248,0.248,4820.0,4820.0
sento_saiyan,berserker,ancestral_bloodline,ancestral_truth,m0,7,14.75,7.5,14.75,3.0,1.0,14.75,23600.0,600.0,590.0,14.75,2172.3,15777.0,0.138,1513.6,6266.0,0.27,0.314,0.314,4820.0,4820.0
sento_saiyan,berserker,ancestral_bloodline,ancestral_truth,m100,1,25.81,13.12,25.81,5.25,1.0,25.81,41300.0,1050.0,1032.5,25.81,2878.0,27609.7,0.104,426.0,657.9,0.02,0.088,0.088,4820.0,4820.0
sento_saiyan,berserker,ancestral_bloodline,ancestral_truth,m100,3,25.81,13.12,25.81,5.25,1.0,25.81,41300.0,1050.0,1032.5,25.81,2659.2,27609.7,0.096,766.8,2036.5,0.05,0.159,0.159,4820.0,4820.0
sento_saiyan,berserker,ancestral_bloodline,ancestral_truth,m100,5,25.81,13.12,25.81,5.25,1.0,25.81,41300.0,1050.0,1032.5,25.81,2359.7,27609.7,0.085,1278.0,4229.6,0.1,0.265,0.265,4820.0,4820.0
sento_saiyan,berserker,ancestral_bloodline,ancestral_truth,m100,7,25.81,13.12,25.81,5.25,1.0,25.81,41300.0,1050.0,1032.5,25.81,2359.7,27609.7,0.085,1618.8,6266.0,0.15,0.336,0.336,4820.0,4820.0
sento_saiyan,berserker,ancestral_bloodline,ancestral_justice,m0,1,20.0,20.0,25.0,3.0,1.5,25.0,32000.0,1600.0,1000.0,25.0,2713.7,21500.6,0.126,562.7,872.2,0.03,0.078,0.088,6389.8,7220.0
sento_saiyan,berserker,ancestral_bloodline,ancestral_justice,m0,3,20.0,20.0,25.0,3.0,1.5,25.0,32000.0,1600.0,1000.0,25.0,2509.0,21500.6,0.117,1012.8,2699.7,0.08,0.14,0.158,6389.8,7220.0
sento_saiyan,berserker,ancestral_bloodline,ancestral_justice,m0,5,20.0,20.0,25.0,3.0,1.5,25.0,32000.0,1600.0,1000.0,25.0,2237.9,21500.6,0.104,1688.0,5607.0,0.18,0.234,0.264,6389.8,7220.0
sento_saiyan,berserker,ancestral_bloodline,ancestral_justice,m0,7,20.0,20.0,25.0,3.0,1.5,25.0,32000.0,1600.0,1000.0,25.0,2237.9,21500.6,0.104,2138.1,8306.7,0.26,0.296,0.335,6389.8,7220.0
sento_saiyan,berserker,ancestral_bloodline,ancestral_justice,m100,1,40.0,40.0,50.0,6.0,3.0,50.0,64000.0,3200.0,2000.0,50.0,2814.7,43001.2,0.065,591.1,1129.9,0.02,0.041,0.095,8277.4,14420.0
sento_saiyan,berserker,ancestral_bloodline,ancestral_justice,m100,3,40.0,40.0,50.0,6.0,3.0,50.0,64000.0,3200.0,2000.0,50.0,2745.2,43001.2,0.064,1418.0,3497.2,0.05,0.098,0.171,8277.4,14420.0
sento_saiyan,berserker,ancestral_bloodline,ancestral_justice,m100,5,40.0,40.0,50.0,6.0,3.0,50.0,64000.0,3200.0,2000.0,50.0,2429.4,43001.2,0.056,2363.4,7263.5,0.11,0.164,0.286,8277.4,14420.0
sento_saiyan,berserker,ancestral_bloodline,ancestral_justice,m100,7,40.0,40.0,50.0,6.0,3.0,50.0,64000.0,3200.0,2000.0,50.0,2429.4,43001.2,0.056,2993.6,10760.7,0.17,0.208,0.362,8277.4,14420.0
sento_saiyan,berserker,ancestral_divinity,primal_trancendance,m0,1,20.0,23.0,20.0,3.0,1.0,23.0,32000.0,1840.0,800.0,23.0,2753.4,21505.1,0.128,420.3,657.9,0.02,0.087,0.087,4820.0,4820.0
sento_saiyan,berserker,ancestral_divinity,primal_trancendance,m0,3,20.0,23.0,20.0,3.0,1.0,23.0,32000.0,1840.0,800.0,23.0,2528.3,21505.1,0.118,756.5,2036.5,0.06,0.157,0.157,4820.0,4820.0
sento_saiyan,berserker,ancestral_divinity,primal_trancendance,m0,5,20.0,23.0,20.0,3.0,1.0,23.0,32000.0,1840.0,800.0,23.0,2253.6,21505.1,0.105,1260.9,4229.6,0.13,0.262,0.262,4820.0,4820.0
sento_saiyan,berserker,ancestral_divinity,primal_trancendance,m0,7,20.0,23.0,20.0,3.0,1.0,23.0,32000.0,1840.0,800.0,23.0,2253.6,21505.1,0.105,1597.1,6266.0,0.2,0.331,0.331,4820.0,4820.0
sento_saiyan,berserker,ancestral_divinity,primal_trancendance,m100,1,35.0,40.25,35.0,5.25,1.0,40.25,56000.0,3220.0,1400.0,40.25,2852.0,37633.9,0.076,448.0,657.9,0.01,0.093,0.093,4820.0,4820.0
sento_saiyan,berserker,ancestral_divinity,primal_trancendance,m100,3,35.0,40.25,35.0,5.25,1.0,40.25,56000.0,3220.0,1400.0,40.25,2730.7,37633.9,0.073,806.4,2036.5,0.04,0.167,0.167,4820.0,4820.0
sento_saiyan,berserker,ancestral_divinity,primal_trancendance,m100,5,35.0,40.25,35.0,5.25,1.0,40.25,56000.0,3220.0,1400.0,40.25,2417.7,37633.9,0.064,1344.0,4229.6,0.08,0.279,0.279,4820.0,4820.0
sento_saiyan,berserker,ancestral_divinity,primal_trancendance,m100,7,35.0,40.25,35.0,5.25,1.0,40.25,56000.0,3220.0,1400.0,40.25,2417.7,37633.9,0.064,1702.4,6266.0,0.11,0.353,0.353,4820.0,4820.0
sento_saiyan,berserker,ancestral_divinity,primal_evolved,m0,1,32.0,32.0,32.0,4.0,2.0,38.0,51200.0,2560.0,1280.0,38.0,2822.1,34362.8,0.082,592.6,981.8,0.02,0.062,0.092,7192.5,9620.0
sento_saiyan,berserker,ancestral_divinity,primal_evolved,m0,3,32.0,32.0,32.0,4.0,2.0,38.0,51200.0,2560.0,1280.0,38.0,2690.2,34362.8,0.078,1195.7,3038.8,0.06,0.124,0.166,7192.5,9620.0
sento_saiyan,berserker,ancestral_divinity,primal_evolved,m0,5,32.0,32.0,32.0,4.0,2.0,38.0,51200.0,2560.0,1280.0,38.0,2384.9,34362.8,0.069,1992.8,6311.4,0.12,0.207,0.277,7192.5,9620.0
sento_saiyan,berserker,ancestral_divinity,primal_evolved,m0,7,32.0,32.0,32.0,4.0,2.0,38.0,51200.0,2560.0,1280.0,38.0,2384.9,34362.8,0.069,2524.2,9350.3,0.18,0.262,0.351,7192.5,9620.0
sento_saiyan,berserker,ancestral_divinity,primal_evolved,m100,1,48.0,48.0,48.0,6.0,3.0,57.0,76800.0,3840.0,1920.0,57.0,2853.2,51544.2,0.055,599.2,1115.3,0.01,0.042,0.097,8170.7,14420.0
sento_saiyan,berserker,ancestral_divinity,primal_evolved,m100,3,48.0,48.0,48.0,6.0,3.0,57.0,76800.0,3840.0,1920.0,57.0,2814.1,51544.2,0.055,1419.5,3452.1,0.04,0.098,0.174,8170.7,14420.0
sento_saiyan,berserker,ancestral_divinity,primal_evolved,m100,5,48.0,48.0,48.0,6.0,3.0,57.0,76800.0,3840.0,1920.0,57.0,2485.3,51544.2,0.048,2365.9,7169.8,0.09,0.164,0.29,8170.7,14420.0
sento_saiyan,berserker,ancestral_divinity,primal_evolved,m100,7,48.0,48.0,48.0,6.0,3.0,57.0,76800.0,3840.0,1920.0,57.0,2485.3,51544.2,0.048,2996.8,10621.9,0.14,0.208,0.367,8170.7,14420.0
sento_saiyan,berserker,ancestral_hope,ancestral_hope,m0,1,1.0,1.0,1.0,1.0,1.0,1.0,1600.0,80.0,40.0,1.0,1076.2,1076.2,1.0,226.0,657.9,0.41,0.047,0.06,4820.0,4820.0
sento_saiyan,berserker,ancestral_hope,ancestral_hope,m0,3,1.0,1.0,1.0,1.0,1.0,1.0,1600.0,80.0,40.0,1.0,1076.2,1076.2,1.0,477.2,2036.5,1.27,0.099,0.099,4820.0,4820.0
sento_saiyan,berserker,ancestral_hope,ancestral_hope,m0,5,1.0,1.0,1.0,1.0,1.0,1.0,1600.0,80.0,40.0,1.0,1076.2,1076.2,1.0,795.3,4229.6,2.64,0.165,0.165,4820.0,4820.0
sento_saiyan,berserker,ancestral_hope,ancestral_hope,m0,7,1.0,1.0,1.0,1.0,1.0,1.0,1600.0,80.0,40.0,1.0,1076.2,1076.2,1.0,1007.4,6266.0,3.92,0.209,0.209,4820.0,4820.0
sento_saiyan,berserker,ancestral_hope,ancestral_hope,m100,1,1.0,1.0,1.0,1.0,1.0,1.0,1600.0,80.0,40.0,1.0,1076.2,1076.2,1.0,226.0,657.9,0.41,0.047,0.06,4820.0,4820.0
sento_saiyan,berserker,ancestral_hope,ancestral_hope,m100,3,1.0,1.0,1.0,1.0,1.0,1.0,1600.0,80.0,40.0,1.0,1076.2,1076.2,1.0,477.2,2036.5,1.27,0.099,0.099,4820.0,4820.0
sento_saiyan,berserker,ancestral_hope,ancestral_hope,m100,5,1.0,1.0,1.0,1.0,1.0,1.0,1600.0,80.0,40.0,1.0,1076.2,1076.2,1.0,795.3,4229.6,2.64,0.165,0.165,4820.0,4820.0
sento_saiyan,berserker,ancestral_hope,ancestral_hope,m100,7,1.0,1.0,1.0,1.0,1.0,1.0,1600.0,80.0,40.0,1.0,1076.2,1076.2,1.0,1007.4,6266.0,3.92,0.209,0.209,4820.0,4820.0
sento_saiyan,berserker,ancestral_hope,brilliant_2,m0,1,1.0,1.0,1.0,1.0,1.0,1.0,1600.0,80.0,40.0,1.0,1076.2,1076.2,1.0,226.0,657.9,0.41,0.047,0.06,4820.0,4820.0
sento_saiyan,berserker,ancestral_hope,brilliant_2,m0,3,1.0,1.0,1.0,1.0,1.0,1.0,1600.0,80.0,40.0,1.0,1076.2,1076.2,1.0,477.2,2036.5,1.27,0.099,0.099,4820.0,4820.0
sento_saiyan,berserker,ancestral_hope,brilliant_2,m0,5,1.0,1.0,1.0,1.0,1.0,1.0,1600.0,80.0,40.0,1.0,1076.2,1076.2,1.0,795.3,4229.6,2.64,0.165,0.165,4820.0,4820.0
sento_saiyan,berserker,ancestral_hope,brilliant_2,m0,7,1.0,1.0,1.0,1.0,1.0,1.0,1600.0,80.0,40.0,1.0,1076.2,1076.2,1.0,1007.4,6266.0,3.92,0.209,0.209,4820.0,4820.0
sento_saiyan,berserker,ancestral_hope,brilliant_2,m100,1,1.0,1.0,1.0,1.0,1.0,1.0,1600.0,80.0,40.0,1.0,1076.2,1076.2,1.0,226.0,657.9,0.41,0.047,0.06,4820.0,4820.0
sento_saiyan,berserker,ancestral_hope,brilliant_2,m100,3,1.0,1.0,1.0,1.0,1.0,1.0,1600.0,80.0,40.0,1.0,1076.2,1076.2,1.0,477.2,2036.5,1.27,0.099,0.099,4820.0,4820.0
sento_saiyan,berserker,ancestral_hope,brilliant_2,m100,5,1.0,1.0,1.0,1.0,1.0,1.0,1600.0,80.0,40.0,1.0,1076.2,1076.2,1.0,795.3,4229.6,2.64,0.165,0.165,4820.0,4820.0
sento_saiyan,berserker,ancestral_hope,brilliant_2,m100,7,1.0,1.0,1.0,1.0,1.0,1.0,1600.0,80.0,40.0,1.0,1076.2,1076.2,1.0,1007.4,6266.0,3.92,0.209,0.209,4820.0,4820.0
sento_saiyan,berserker,darkness_incarnate,ancestral_despair,m0,1,1.0,1.0,1.0,1.0,1.0,1.0,1600.0,80.0,40.0,1.0,1076.2,1076.2,1.0,226.0,657.9,0.41,0.047,0.06,4820.0,4820.0
sento_saiyan,berserker,darkness_incarnate,ancestral_despair,m0,3,1.0,1.0,1.0,1.0,1.0,1.0,1600.0,80.0,40.0,1.0,1076.2,1076.2,1.0,477.2,2036.5,1.27,0.099,0.099,4820.0,4820.0
sento_saiyan,berserker,darkness_incarnate,ancestral_despair,m0,5,1.0,1.0,1.0,1.0,1.0,1.0,1600.0,80.0,40.0,1.0,1076.2,1076.2,1.0,795.3,4229.6,2.64,0.165,0.165,4820.0,4820.0
sento_saiyan,berserker,darkness_incarnate,ancestral_despair,m0,7,1.0,1.0,1.0,1.0,1.0,1.0,1600.0,80.0,40.0,1.0,1076.2,1076.2,1.0,1007.4,6266.0,3.92,0.209,0.209,4820.0,4820.0
sento_saiyan,berserker,darkness_incarnate,ancestral_despair,m100,1,1.0,1.0,1.0,1.0,1.0,1.0,1600.0,80.0,40.0,1.0,1076.2,1076.2,1.0,226.0,657.9,0.41,0.047,0.06,4820.0,4820.0
sento_saiyan,berserker,darkness_incarnate,ancestral_despair,m100,3,1.0,1.0,1.0,1.0,1.0,1.0,1600.0,80.0,40.0,1.0,1076.2,1076.2,1.0,477.2,2036.5,1.27,0.099,0.099,4820.0,4820.0
sento_saiyan,berserker,darkness_incarnate,ancestral_despair,m100,5,1.0,1.0,1.0,1.0,1.0,1.0,1600.0,80.0,40.0,1.0,1076.2,1076.2,1.0,795.3,4229.6,2.64,0.165,0.165,4820.0,4820.0
sento_saiyan,berserker,darkness_incarnate,ancestral_despair,m100,7,1.0,1.0,1.0,1.0,1.0,1.0,1600.0,80.0,40.0,1.0,1076.2,1076.2,1.0,1007.4,6266.0,3.92,0.209,0.209,4820.0,4820.0
sento_saiyan,berserker,darkness_incarnate,ancestral_torment,m0,1,1.0,1.0,1.0,1.0,1.0,1.0,1600.0,80.0,40.0,1.0,1076.2,1076.2,1.0,226.0,657.9,0.41,0.047,0.06,4820.0,4820.0
sento_saiyan,berserker,darkness_incarnate,ancestral_torment,m0,3,1.0,1.0,1.0,1.0,1.0,1.0,1600.0,80.0,40.0,1.0,1076.2,1076.2,1.0,477.2,2036.5,1.27,0.099,0.099,4820.0,4820.0
sento_saiyan,berserker,darkness_incarnate,ancestral_torment,m0,5,1.0,1.0,1.0,1.0,1.0,1.0,1600.0,80.0,40.0,1.0,1076.2,1076.2,1.0,795.3,4229.6,2.64,0.165,0.165,4820.0,4820.0
sento_saiyan,berserker,darkness_incarnate,ancestral_torment,m0,7,1.0,1.0,1.0,1.0,1.0,1.0,1600.0,80.0,40.0,1.0,1076.2,1076.2,1.0,1007.4,6266.0,3.92,0.209,0.209,4820.0,4820.0
sento_saiyan,berserker,darkness_incarnate,ancestral_torment,m100,1,1.0,1.0,1.0,1.0,1.0,1.0,1600.0,80.0,40.0,1.0,1076.2,1076.2,1.0,226.0,657.9,0.41,0.047,0.06,4820.0,4820.0
sento_saiyan,berserker,darkness_incarnate,ancestral_torment,m100,3,1.0,1.0,1.0,1.0,1.0,1.0,1600.0,80.0,40.0,1.0,1076.2,1076.2,1.0,477.2,2036.5,1.27,0.099,0.099,4820.0,4820.0
sento_saiyan,berserker,darkness_incarnate,ancestral_torment,m100,5,1.0,1.0,1.0,1.0,1.0,1.0,1600.0,80.0,40.0,1.0,1076.2,1076.2,1.0,795.3,4229.6,2.64,0.165,0.165,4820.0,4820.0
sento_saiyan,berserker,darkness_incarnate,ancestral_torment,m100,7,1.0,1.0,1.0,1.0,1.0,1.0,1600.0,80.0,40.0,1.0,1076.2,1076.2,1.0,1007.4,6266.0,3.92,0.209,0.209,4820.0,4820.0
sento_saiyan,cleric,base,Base,m0,1,1.0,1.0,1.0,1.0,1.0,1.0,195.0,80.0,340.0,1.0,265.2,265.2,1.0,46.2,105.1,0.31,0.06,0.06,770.0,770.0
sento_saiyan,cleric,base,Base,m0,3,1.0,1.0,1.0,1.0,1.0,1.0,195.0,80.0,340.0,1.0,265.2,265.2,1.0,76.2,325.3,0.96,0.099,0.099,770.0,770.0
sento_saiyan,cleric,base,Base,m0,5,1.0,1.0,1.0,1.0,1.0,1.0,195.0,80.0,340.0,1.0,265.2,265.2,1.0,127.1,675.7,1.99,0.165,0.165,770.0,770.0
sento_saiyan,cleric,base,Base,m0,7,1.0,1.0,1.0,1.0,1.0,1.0,195.0,80.0,340.0,1.0,265.2,265.2,1.0,160.9,1001.0,2.94,0.209,0.209,770.0,770.0
sento_saiyan,cleric,ancestral_bloodline,primal_awakening,m0,1,2.0,1.0,1.0,1.0,1.0,4.0,390.0,80.0,340.0,4.0,276.2,314.6,0.878,53.3,105.1,0.27,0.069,0.069,770.0,770.0
sento_saiyan,cleric,ancestral_bloodline,primal_awakening,m0,3,2.0,1.0,1.0,1.0,1.0,4.0,390.0,80.0,340.0,4.0,279.4,314.6,0.888,96.0,325.3,0.83,0.125,0.125,770.0,770.0
sento_saiyan,cleric,ancestral_bloodline,primal_awakening,m0,5,2.0,1.0,1.0,1.0,1.0,4.0,390.0,80.0,340.0,4.0,272.4,314.6,0.866,159.9,675.7,1.73,0.208,0.208,770.0,770.0
sento_saiyan,cleric,ancestral_bloodline,primal_awakening,m0,7,2.0,1.0,1.0,1.0,1.0,4.0,390.0,80.0,340.0,4.0,272.4,314.6,0.866,202.6,1001.0,2.57,0.263,0.263,770.0,770.0
sento_saiyan,cleric,ancestral_bloodline,primal_awakening,m100,1,3.5,1.0,1.0,1.0,1.0,7.0,682.5,80.0,340.0,7.0,285.7,508.4,0.562,57.7,105.1,0.15,0.075,0.075,770.0,770.0
sento_saiyan,cleric,ancestral_bloodline,primal_awakening,m100,3,3.5,1.0,1.0,1.0,1.0,7.0,682.5,80.0,340.0,7.0,278.9,508.4,0.549,103.9,325.3,0.48,0.135,0.135,770.0,770.0
sento_saiyan,cleric,ancestral_bloodline,primal_awakening,m100,5,3.5,1.0,1.0,1.0,1.0,7.0,682.5,80.0,340.0,7.0,276.3,508.4,0.544,173.2,675.7,0.99,0.225,0.225,770.0,770.0
sento_saiyan,cleric,ancestral_bloodline,primal_awakening,m100,7,3.5,1.0,1.0,1.0,1.0,7.0,682.5,80.0,340.0,7.0,276.3,508.4,0.544,219.4,1001.0,1.47,0.285,0.285,770.0,770.0
sento_saiyan,cleric,ancestral_bloodline,ancestral_outburst,m0,1,6.75,6.75,6.75,1.0,1.0,8.75,1316.2,540.0,2295.0,8.75,553.6,1738.3,0.318,59.5,105.1,0.05,0.077,0.077,770.0,770.0
sento_saiyan,cleric,ancestral_bloodline,ancestral_outburst,m0,3,6.75,6.75,6.75,1.0,1.0,8.75,1316.2,540.0,2295.0,8.75,498.2,1738.3,0.287,107.1,325.3,0.14,0.139,0.139,770.0,770.0
sento_saiyan,cleric,ancestral_bloodline,ancestral_outburst,m0,5,6.75,6.75,6.75,1.0,1.0,8.75,1316.2,540.0,2295.0,8.75,454.1,1738.3,0.261,178.5,675.7,0.29,0.232,0.232,770.0,770.0
sento_saiyan,cleric,ancestral_bloodline,ancestral_outburst,m0,7,6.75,6.75,6.75,1.0,1.0,8.75,1316.2,540.0,2295.0,8.75,454.1,1738.3,0.261,226.1,1001.0,0.44,0.294,0.294,770.0,770.0
sento_saiyan,cleric,ancestral_bloodline,ancestral_outburst,m100,1,11.81,11.81,11.81,1.0,1.0,15.31,2303.4,945.0,4016.2,15.31,617.1,3035.2,0.203,63.9,105.1,0.03,0.083,0.083,770.0,770.0
sento_saiyan,cleric,ancestral_bloodline,ancestral_outburst,m100,3,11.81,11.81,11.81,1.0,1.0,15.31,2303.4,945.0,4016.2,15.31,555.0,3035.2,0.183,115.1,325.3,0.08,0.149,0.149,770.0,770.0
sento_saiyan,cleric,ancestral_bloodline,ancestral_outburst,m100,5,11.81,11.81,11.81,1.0,1.0,15.31,2303.4,945.0,4016.2,15.31,500.2,3035.2,0.165,191.8,675.7,0.17,0.249,0.249,770.0,770.0
sento_saiyan,cleric,ancestral_bloodline,ancestral_outburst,m100,7,11.81,11.81,11.81,1.0,1.0,15.31,2303.4,945.0,4016.2,15.31,500.2,3035.2,0.165,242.9,1001.0,0.25,0.315,0.315,770.0,770.0
sento_saiyan,cleric,ancestral_bloodline,ancestral_rage,m0,1,8.0,9.0,1.0,9.0,1.0,10.0,1560.0,720.0,340.0,10.0,365.6,1233.8,0.296,60.6,105.1,0.07,0.079,0.079,770.0,770.0
sento_saiyan,cleric,ancestral_bloodline,ancestral_rage,m0,3,8.0,9.0,1.0,9.0,1.0,10.0,1560.0,720.0,340.0,10.0,331.0,1233.8,0.268,109.0,325.3,0.21,0.142,0.142,770.0,770.0
sento_saiyan,cleric,ancestral_bloodline,ancestral_rage,m0,5,8.0,9.0,1.0,9.0,1.0,10.0,1560.0,720.0,340.0,10.0,303.5,1233.8,0.246,181.7,675.7,0.43,0.236,0.236,770.0,770.0
sento_saiyan,cleric,ancestral_bloodline,ancestral_rage,m0,7,8.0,9.0,1.0,9.0,1.0,10.0,1560.0,720.0,340.0,10.0,303.5,1233.8,0.246,230.1,1001.0,0.64,0.299,0.299,770.0,770.0
sento_saiyan,cleric,ancestral_bloodline,ancestral_rage,m100,1,14.0,15.75,1.0,15.75,1.0,17.5,2730.0,1260.0,340.0,17.5,398.2,2130.4,0.187,65.0,105.1,0.04,0.084,0.084,770.0,770.0
sento_saiyan,cleric,ancestral_bloodline,ancestral_rage,m100,3,14.0,15.75,1.0,15.75,1.0,17.5,2730.0,1260.0,340.0,17.5,363.5,2130.4,0.171,117.0,325.3,0.12,0.152,0.152,770.0,770.0
sento_saiyan,cleric,ancestral_bloodline,ancestral_rage,m100,5,14.0,15.75,1.0,15.75,1.0,17.5,2730.0,1260.0,340.0,17.5,329.8,2130.4,0.155,194.9,675.7,0.25,0.253,0.253,770.0,770.0
sento_saiyan,cleric,ancestral_bloodline,ancestral_rage,m100,7,14.0,15.75,1.0,15.75,1.0,17.5,2730.0,1260.0,340.0,17.5,329.8,2130.4,0.155,246.9,1001.0,0.37,0.321,0.321,770.0,770.0
sento_saiyan,cleric,ancestral_bloodline,ancestral_truth,m0,1,14.75,7.5,14.75,3.0,1.0,14.75,2876.2,600.0,5015.0,14.75,661.4,3740.5,0.177,63.6,105.1,0.02,0.083,0.083,770.0,770.0
sento_saiyan,cleric,ancestral_bloodline,ancestral_truth,m0,3,14.75,7.5,14.75,3.0,1.0,14.75,2876.2,600.0,5015.0,14.75,590.0,3740.5,0.158,114.5,325.3,0.06,0.149,0.149,770.0,770.0
sento_saiyan,cleric,ancestral_bloodline,ancestral_truth,m0,5,14.75,7.5,14.75,3.0,1.0,14.75,2876.2,600.0,5015.0,14.75,528.5,3740.5,0.141,190.9,675.7,0.13,0.248,0.248,770.0,770.0
sento_saiyan,cleric,ancestral_bloodline,ancestral_truth,m0,7,14.75,7.5,14.75,3.0,1.0,14.75,2876.2,600.0,5015.0,14.75,528.5,3740.5,0.141,241.8,1001.0,0.2,0.314,0.314,770.0,770.0
sento_saiyan,cleric,ancestral_bloodline,ancestral_truth,m100,1,25.81,13.12,25.81,5.25,1.0,25.81,5033.4,1050.0,8776.2,25.81,699.2,6545.9,0.107,68.1,105.1,0.01,0.088,0.088,770.0,770.0
sento_saiyan,cleric,ancestral_bloodline,ancestral_truth,m100,3,25.81,13.12,25.81,5.25,1.0,25.81,5033.4,1050.0,8776.2,25.81,646.5,6545.9,0.099,122.5,325.3,0.04,0.159,0.159,770.0,770.0
sento_saiyan,cleric,ancestral_bloodline,ancestral_truth,m100,5,25.81,13.12,25.81,5.25,1.0,25.81,5033.4,1050.0,8776.2,25.81,574.4,6545.9,0.088,204.2,675.7,0.08,0.265,0.265,770.0,770.0
sento_saiyan,cleric,ancestral_bloodline,ancestral_truth,m100,7,25.81,13.12,25.81,5.25,1.0,25.81,5033.4,1050.0,8776.2,25.81,574.4,6545.9,0.088,258.6,1001.0,0.11,0.336,0.336,770.0,770.0
sento_saiyan,cleric,ancestral_bloodline,ancestral_justice,m0,1,20.0,20.0,25.0,3.0,1.5,25.0,3900.0,1600.0,8500.0,25.0,694.8,6277.0,0.111,89.2,138.3,0.02,0.078,0.088,1013.3,1145.0
sento_saiyan,cleric,ancestral_bloodline,ancestral_justice,m0,3,20.0,20.0,25.0,3.0,1.5,25.0,3900.0,1600.0,8500.0,25.0,641.1,6277.0,0.102,160.6,428.1,0.05,0.14,0.158,1013.3,1145.0
sento_saiyan,cleric,ancestral_bloodline,ancestral_justice,m0,5,20.0,20.0,25.0,3.0,1.5,25.0,3900.0,1600.0,8500.0,25.0,570.0,6277.0,0.091,267.7,889.2,0.1,0.234,0.264,1013.3,1145.0
sento_saiyan,cleric,ancestral_bloodline,ancestral_justice,m0,7,20.0,20.0,25.0,3.0,1.5,25.0,3900.0,1600.0,8500.0,25.0,570.0,6277.0,0.091,339.1,1317.3,0.15,0.296,0.335,1013.3,1145.0
sento_saiyan,cleric,ancestral_bloodline,ancestral_justice,m100,1,40.0,40.0,50.0,6.0,3.0,50.0,7800.0,3200.0,17000.0,50.0,718.0,12554.0,0.057,124.0,177.9,0.01,0.055,0.095,1303.0,2270.0
sento_saiyan,cleric,ancestral_bloodline,ancestral_justice,m100,3,40.0,40.0,50.0,6.0,3.0,50.0,7800.0,3200.0,17000.0,50.0,699.9,12554.0,0.056,223.2,550.5,0.03,0.098,0.171,1303.0,2270.0
sento_saiyan,cleric,ancestral_bloodline,ancestral_justice,m100,5,40.0,40.0,50.0,6.0,3.0,50.0,7800.0,3200.0,17000.0,50.0,617.6,12554.0,0.049,372.0,1143.4,0.07,0.164,0.286,1303.0,2270.0
sento_saiyan,cleric,ancestral_bloodline,ancestral_justice,m100,7,40.0,40.0,50.0,6.0,3.0,50.0,7800.0,3200.0,17000.0,50.0,617.6,12554.0,0.049,471.3,1693.9,0.1,0.208,0.362,1303.0,2270.0
sento_saiyan,cleric,ancestral_divinity,primal_trancendance,m0,1,20.0,23.0,20.0,3.0,1.0,23.0,3900.0,1840.0,6800.0,23.0,671.3,5177.8,0.13,67.1,105.1,0.02,0.087,0.087,770.0,770.0
sento_saiyan,cleric,ancestral_divinity,primal_trancendance,m0,3,20.0,23.0,20.0,3.0,1.0,23.0,3900.0,1840.0,6800.0,23.0,616.8,5177.8,0.119,120.9,325.3,0.05,0.157,0.157,770.0,770.0
sento_saiyan,cleric,ancestral_divinity,primal_trancendance,m0,5,20.0,23.0,20.0,3.0,1.0,23.0,3900.0,1840.0,6800.0,23.0,550.3,5177.8,0.106,201.4,675.7,0.1,0.262,0.262,770.0,770.0
sento_saiyan,cleric,ancestral_divinity,primal_trancendance,m0,7,20.0,23.0,20.0,3.0,1.0,23.0,3900.0,1840.0,6800.0,23.0,550.3,5177.8,0.106,255.1,1001.0,0.15,0.331,0.331,770.0,770.0
sento_saiyan,cleric,ancestral_divinity,primal_trancendance,m100,1,35.0,40.25,35.0,5.25,1.0,40.25,6825.0,3220.0,11900.0,40.25,695.9,9061.1,0.077,71.6,105.1,0.01,0.093,0.093,770.0,770.0
sento_saiyan,cleric,ancestral_divinity,primal_trancendance,m100,3,35.0,40.25,35.0,5.25,1.0,40.25,6825.0,3220.0,11900.0,40.25,666.5,9061.1,0.074,128.8,325.3,0.03,0.167,0.167,770.0,770.0
sento_saiyan,cleric,ancestral_divinity,primal_trancendance,m100,5,35.0,40.25,35.0,5.25,1.0,40.25,6825.0,3220.0,11900.0,40.25,590.6,9061.1,0.065,214.7,675.7,0.06,0.279,0.279,770.0,770.0
sento_saiyan,cleric,ancestral_divinity,primal_trancendance,m100,7,35.0,40.25,35.0,5.25,1.0,40.25,6825.0,3220.0,11900.0,40.25,590.6,9061.1,0.065,272.0,1001.0,0.08,0.353,0.353,770.0,770.0
sento_saiyan,cleric,ancestral_divinity,primal_evolved,m0,1,32.0,32.0,32.0,4.0,2.0,38.0,6240.0,2560.0,10880.0,38.0,687.4,8234.0,0.083,105.0,155.1,0.01,0.069,0.092,1136.4,1520.0
sento_saiyan,cleric,ancestral_divinity,primal_evolved,m0,3,32.0,32.0,32.0,4.0,2.0,38.0,6240.0,2560.0,10880.0,38.0,655.5,8234.0,0.08,188.9,480.1,0.04,0.124,0.166,1136.4,1520.0
sento_saiyan,cleric,ancestral_divinity,primal_evolved,m0,5,32.0,32.0,32.0,4.0,2.0,38.0,6240.0,2560.0,10880.0,38.0,581.7,8234.0,0.071,314.9,997.2,0.09,0.207,0.277,1136.4,1520.0
sento_saiyan,cleric,ancestral_divinity,primal_evolved,m0,7,32.0,32.0,32.0,4.0,2.0,38.0,6240.0,2560.0,10880.0,38.0,581.7,8234.0,0.071,398.8,1477.4,0.14,0.262,0.351,1136.4,1520.0
sento_saiyan,cleric,ancestral_divinity,primal_evolved,m100,1,48.0,48.0,48.0,6.0,3.0,57.0,9360.0,3840.0,16320.0,57.0,695.5,12351.0,0.056,124.1,175.6,0.01,0.055,0.097,1286.2,2270.0
sento_saiyan,cleric,ancestral_divinity,primal_evolved,m100,3,48.0,48.0,48.0,6.0,3.0,57.0,9360.0,3840.0,16320.0,57.0,686.0,12351.0,0.056,223.5,543.4,0.03,0.098,0.174,1286.2,2270.0
sento_saiyan,cleric,ancestral_divinity,primal_evolved,m100,5,48.0,48.0,48.0,6.0,3.0,57.0,9360.0,3840.0,16320.0,57.0,606.4,12351.0,0.049,372.4,1128.7,0.07,0.164,0.29,1286.2,2270.0
sento_saiyan,cleric,ancestral_divinity,primal_evolved,m100,7,48.0,48.0,48.0,6.0,3.0,57.0,9360.0,3840.0,16320.0,57.0,606.4,12351.0,0.049,471.8,1672.1,0.1,0.208,0.367,1286.2,2270.0
sento_saiyan,cleric,ancestral_hope,ancestral_hope,m0,1,1.0,1.0,1.0,1.0,1.0,1.0,195.0,80.0,340.0,1.0,265.2,265.2,1.0,46.2,105.1,0.31,0.06,0.06,770.0,770.0
sento_saiyan,cleric,ancestral_hope,ancestral_hope,m0,3,1.0,1.0,1.0,1.0,1.0,1.0,195.0,80.0,340.0,1.0,265.2,265.2,1.0,76.2,325.3,0.96,0.099,0.099,770.0,770.0
sento_saiyan,cleric,ancestral_hope,ancestral_hope,m0,5,1.0,1.0,1.0,1.0,1.0,1.0,195.0,80.0,340.0,1.0,265.2,265.2,1.0,127.1,675.7,1.99,0.165,0.165,770.0,770.0
sento_saiyan,cleric,ancestral_hope,ancestral_hope,m0,7,1.0,1.0,1.0,1.0,1.0,1.0,195.0,80.0,340.0,1.0,265.2,265.2,1.0,160.9,1001.0,2.94,0.209,0.209,770.0,770.0
sento_saiyan,cleric,ancestral_hope,ancestral_hope,m100,1,1.0,1.0,1.0,1.0,1.0,1.0,195.0,80.0,340.0,1.0,265.2,265.2,1.0,46.2,105.1,0.31,0.06,0.06,770.0,770.0
sento_saiyan,cleric,ancestral_hope,ancestral_hope,m100,3,1.0,1.0,1.0,1.0,1.0,1.0,195.0,80.0,340.0,1.0,265.2,265.2,1.0,76.2,325.3,0.96,0.099,0.099,770.0,770.0
sento_saiyan,cleric,ancestral_hope,ancestral_hope,m100,5,1.0,1.0,1.0,1.0,1.0,1.0,195.0,80.0,340.0,1.0,265.2,265.2,1.0,127.1,675.7,1.99,0.165,0.165,770.0,770.0
sento_saiyan,cleric,ancestral_hope,ancestral_hope,m100,7,1.0,1.0,1.0,1.0,1.0,1.0,195.0,80.0,340.0,1.0,265.2,265.2,1.0,160.9,1001.0,2.94,0.209,0.209,770.0,770.0
sento_saiyan,cleric,ancestral_hope,brilliant_2,m0,1,1.0,1.0,1.0,1.0,1.0,1.0,195.0,80.0,340.0,1.0,265.2,265.2,1.0,46.2,105.1,0.31,0.06,0.06,770.0,770.0
sento_saiyan,cleric,ancestral_hope,brilliant_2,m0,3,1.0,1.0,1.0,1.0,1.0,1.0,195.0,80.0,340.0,1.0,265.2,265.2,1.0,76.2,325.3,0.96,0.099,0.099,770.0,770.0
sento_saiyan,cleric,ancestral_hope,brilliant_2,m0,5,1.0,1.0,1.0,1.0,1.0,1.0,195.0,80.0,340.0,1.0,265.2,265.2,1.0,127.1,675.7,1.99,0.165,0.165,770.0,770.0
sento_saiyan,cleric,ancestral_hope,brilliant_2,m0,7,1.0,1.0,1.0,1.0,1.0,1.0,195.0,80.0,340.0,1.0,265.2,265.2,1.0,160.9,1001.0,2.94,0.209,0.209,770.0,770.0
sento_saiyan,cleric,ancestral_hope,brilliant_2,m100,1,1.0,1.0,1.0,1.0,1.0,1.0,195.0,80.0,340.0,1.0,265.2,265.2,1.0,46.2,105.1,0.31,0.06,0.06,770.0,770.0
sento_saiyan,cleric,ancestral_hope,brilliant_2,m100,3,1.0,1.0,1.0,1.0,1.0,1.0,195.0,80.0,340.0,1.0,265.2,265.2,1.0,76.2,325.3,0.96,0.099,0.099,770.0,770.0
sento_saiyan,cleric,ancestral_hope,brilliant_2,m100,5,1.0,1.0,1.0,1.0,1.0,1.0,195.0,80.0,340.0,1.0,265.2,265.2,1.0,127.1,675.7,1.99,0.165,0.165,770.0,770.0
sento_saiyan,cleric,ancestral_hope,brilliant_2,m100,7,1.0,1.0,1.0,1.0,1.0,1.0,195.0,80.0,340.0,1.0,265.2,265.2,1.0,160.9,1001.0,2.94,0.209,0.209,770.0,770.0
sento_saiyan,cleric,darkness_incarnate,ancestral_despair,m0,1,1.0,1.0,1.0,1.0,1.0,1.0,195.0,80.0,340.0,1.0,265.2,265.2,1.0,46.2,105.1,0.31,0.06,0.06,770.0,770.0
sento_saiyan,cleric,darkness_incarnate,ancestral_despair,m0,3,1.0,1.0,1.0,1.0,1.0,1.0,195.0,80.0,340.0,1.0,265.2,265.2,1.0,76.2,325.3,0.96,0.099,0.099,770.0,770.0
sento_saiyan,cleric,darkness_incarnate,ancestral_despair,m0,5,1.0,1.0,1.0,1.0,1.0,1.0,195.0,80.0,340.0,1.0,265.2,265.2,1.0,127.1,675.7,1.99,0.165,0.165,770.0,770.0
sento_saiyan,cleric,darkness_incarnate,ancestral_despair,m0,7,1.0,1.0,1.0,1.0,1.0,1.0,195.0,80.0,340.0,1.0,265.2,265.2,1.0,160.9,1001.0,2.94,0.209,0.209,770.0,770.0
sento_saiyan,cleric,darkness_incarnate,ancestral_despair,m100,1,1.0,1.0,1.0,1.0,1.0,1.0,195.0,80.0,340.0,1.0,265.2,265.2,1.0,46.2,105.1,0.31,0.06,0.06,770.0,770.0
sento_saiyan,cleric,darkness_incarnate,ancestral_despair,m100,3,1.0,1.0,1.0,1.0,1.0,1.0,195.0,80.0,340.0,1.0,265.2,265.2,1.0,76.2,325.3,0.96,0.099,0.099,770.0,770.0
sento_saiyan,cleric,darkness_incarnate,ancestral_despair,m100,5,1.0,1.0,1.0,1.0,1.0,1.0,195.0,80.0,340.0,1.0,265.2,265.2,1.0,127.1,675.7,1.99,0.165,0.165,770.0,770.0
sento_saiyan,cleric,darkness_incarnate,ancestral_despair,m100,7,1.0,1.0,1.0,1.0,1.0,1.0,195.0,80.0,340.0,1.0,265.2,265.2,1.0,160.9,1001.0,2.94,0.209,0.209,770.0,770.0
sento_saiyan,cleric,darkness_incarnate,ancestral_torment,m0,1,1.0,1.0,1.0,1.0,1.0,1.0,195.0,80.0,340.0,1.0,265.2,265.2,1.0,46.2,105.1,0.31,0.06,0.06,770.0,770.0
sento_saiyan,cleric,darkness_incarnate,ancestral_torment,m0,3,1.0,1.0,1.0,1.0,1.0,1.0,195.0,80.0,340.0,1.0,265.2,265.2,1.0,76.2,325.3,0.96,0.099,0.099,770.0,770.0
sento_saiyan,cleric,darkness_incarnate,ancestral_torment,m0,5,1.0,1.0,1.0,1.0,1.0,1.0,195.0,80.0,340.0,1.0,265.2,265.2,1.0,127.1,675.7,1.99,0.165,0.165,770.0,770.0
sento_saiyan,cleric,darkness_incarnate,ancestral_torment,m0,7,1.0,1.0,1.0,1.0,1.0,1.0,195.0,80.0,340.0,1.0,265.2,265.2,1.0,160.9,1001.0,2.94,0.209,0.209,770.0,770.0
sento_saiyan,cleric,darkness_incarnate,ancestral_torment,m100,1,1.0,1.0,1.0,1.0,1.0,1.0,195.0,80.0,340.0,1.0,265.2,265.2,1.0,46.2,105.1,0.31,0.06,0.06,770.0,770.0
sento_saiyan,cleric,darkness_incarnate,ancestral_torment,m100,3,1.0,1.0,1.0,1.0,1.0,1.0,195.0,80.0,340.0,1.0,265.2,265.2,1.0,76.2,325.3,0.96,0.099,0.099,770.0,770.0
sento_saiyan,cleric,darkness_incarnate,ancestral_torment,m100,5,1.0,1.0,1.0,1.0,1.0,1.0,195.0,80.0,340.0,1.0,265.2,265.2,1.0,127.1,675.7,1.99,0.165,0.165,770.0,770.0
sento_saiyan,cleric,darkness_incarnate,ancestral_torment,m100,7,1.0,1.0,1.0,1.0,1.0,1.0,195.0,80.0,340.0,1.0,265.2,265.2,1.0,160.9,1001.0,2.94,0.209,0.209,770.0,770.0
sento_saiyan,martialartist,base,Base,m0,1,1.0,1.0,1.0,1.0,1.0,1.0,450.0,780.0,180.0,1.0,591.1,591.1,1.0,124.1,985.5,1.26,0.017,0.06,7220.0,7220.0
sento_saiyan,martialartist,base,Base,m0,3,1.0,1.0,1.0,1.0,1.0,1.0,450.0,780.0,180.0,1.0,591.1,591.1,1.0,384.2,3050.5,3.91,0.053,0.099,7220.0,7220.0
sento_saiyan,martialartist,base,Base,m0,5,1.0,1.0,1.0,1.0,1.0,1.0,450.0,780.0,180.0,1.0,591.1,591.1,1.0,798.0,6335.6,8.12,0.111,0.165,7220.0,7220.0
sento_saiyan,martialartist,base,Base,m0,7,1.0,1.0,1.0,1.0,1.0,1.0,450.0,780.0,180.0,1.0,591.1,591.1,1.0,1182.3,9386.0,12.03,0.164,0.209,7220.0,7220.0
sento_saiyan,martialartist,ancestral_bloodline,primal_awakening,m0,1,2.0,1.0,1.0,1.0,1.0,4.0,900.0,780.0,180.0,4.0,616.6,707.8,0.871,129.5,985.5,1.1,0.018,0.069,7220.0,7220.0
sento_saiyan,martialartist,ancestral_bloodline,primal_awakening,m0,3,2.0,1.0,1.0,1.0,1.0,4.0,900.0,780.0,180.0,4.0,624.0,707.8,0.882,405.6,3050.5,3.39,0.056,0.125,7220.0,7220.0
sento_saiyan,martialartist,ancestral_bloodline,primal_awakening,m0,5,2.0,1.0,1.0,1.0,1.0,4.0,900.0,780.0,180.0,4.0,607.8,707.8,0.859,869.8,6335.6,7.04,0.12,0.208,7220.0,7220.0
sento_saiyan,martialartist,ancestral_bloodline,primal_awakening,m0,7,2.0,1.0,1.0,1.0,1.0,4.0,900.0,780.0,180.0,4.0,607.8,707.8,0.859,1337.3,9386.0,10.43,0.185,0.263,7220.0,7220.0
sento_saiyan,martialartist,ancestral_bloodline,primal_awakening,m100,1,3.5,1.0,1.0,1.0,1.0,7.0,1575.0,780.0,180.0,7.0,641.0,1154.9,0.555,134.6,985.5,0.63,0.019,0.075,7220.0,7220.0
sento_saiyan,martialartist,ancestral_bloodline,primal_awakening,m100,3,3.5,1.0,1.0,1.0,1.0,7.0,1575.0,780.0,180.0,7.0,622.9,1154.9,0.539,404.9,3050.5,1.94,0.056,0.135,7220.0,7220.0
sento_saiyan,martialartist,ancestral_bloodline,primal_awakening,m100,5,3.5,1.0,1.0,1.0,1.0,7.0,1575.0,780.0,180.0,7.0,616.9,1154.9,0.534,882.7,6335.6,4.02,0.122,0.225,7220.0,7220.0
sento_saiyan,martialartist,ancestral_bloodline,primal_awakening,m100,7,3.5,1.0,1.0,1.0,1.0,7.0,1575.0,780.0,180.0,7.0,616.9,1154.9,0.534,1357.1,9386.0,5.96,0.188,0.285,7220.0,7220.0
sento_saiyan,martialartist,ancestral_bloodline,ancestral_outburst,m0,1,6.75,6.75,6.75,1.0,1.0,8.75,3037.5,5265.0,1215.0,8.75,1252.6,3970.0,0.316,263.0,985.5,0.19,0.036,0.077,7220.0,7220.0
sento_saiyan,martialartist,ancestral_bloodline,ancestral_outburst,m0,3,6.75,6.75,6.75,1.0,1.0,8.75,3037.5,5265.0,1215.0,8.75,1125.5,3970.0,0.284,731.6,3050.5,0.58,0.101,0.139,7220.0,7220.0
sento_saiyan,martialartist,ancestral_bloodline,ancestral_outburst,m0,5,6.75,6.75,6.75,1.0,1.0,8.75,3037.5,5265.0,1215.0,8.75,1024.4,3970.0,0.258,1465.9,6335.6,1.2,0.203,0.232,7220.0,7220.0
sento_saiyan,martialartist,ancestral_bloodline,ancestral_outburst,m0,7,6.75,6.75,6.75,1.0,1.0,8.75,3037.5,5265.0,1215.0,8.75,1024.4,3970.0,0.258,2120.1,9386.0,1.78,0.294,0.294,7220.0,7220.0
sento_saiyan,martialartist,ancestral_bloodline,ancestral_outburst,m100,1,11.81,11.81,11.81,1.0,1.0,15.31,5315.6,9213.8,2126.2,15.31,1398.4,6944.8,0.201,293.7,985.5,0.11,0.041,0.083,7220.0,7220.0
sento_saiyan,martialartist,ancestral_bloodline,ancestral_outburst,m100,3,11.81,11.81,11.81,1.0,1.0,15.31,5315.6,9213.8,2126.2,15.31,1255.8,6944.8,0.181,816.3,3050.5,0.33,0.113,0.149,7220.0,7220.0
sento_saiyan,martialartist,ancestral_bloodline,ancestral_outburst,m100,5,11.81,11.81,11.81,1.0,1.0,15.31,5315.6,9213.8,2126.2,15.31,1130.1,6944.8,0.163,1617.1,6335.6,0.69,0.224,0.249,7220.0,7220.0
sento_saiyan,martialartist,ancestral_bloodline,ancestral_outburst,m100,7,11.81,11.81,11.81,1.0,1.0,15.31,5315.6,9213.8,2126.2,15.31,1130.1,6944.8,0.163,2277.8,9386.0,1.02,0.315,0.315,7220.0,7220.0
sento_saiyan,martialartist,ancestral_bloodline,ancestral_rage,m0,1,8.0,9.0,1.0,9.0,1.0,10.0,3600.0,7020.0,180.0,10.0,1324.1,5107.6,0.259,278.1,985.5,0.14,0.039,0.079,7220.0,7220.0
sento_saiyan,martialartist,ancestral_bloodline,ancestral_rage,m0,3,8.0,9.0,1.0,9.0,1.0,10.0,3600.0,7020.0,180.0,10.0,1183.3,5107.6,0.232,769.1,3050.5,0.43,0.107,0.142,7220.0,7220.0
sento_saiyan,martialartist,ancestral_bloodline,ancestral_rage,m0,5,8.0,9.0,1.0,9.0,1.0,10.0,3600.0,7020.0,180.0,10.0,1071.3,5107.6,0.21,1533.0,6335.6,0.9,0.212,0.236,7220.0,7220.0
sento_saiyan,martialartist,ancestral_bloodline,ancestral_rage,m0,7,8.0,9.0,1.0,9.0,1.0,10.0,3600.0,7020.0,180.0,10.0,1071.3,5107.6,0.21,2157.7,9386.0,1.34,0.299,0.299,7220.0,7220.0
sento_saiyan,martialartist,ancestral_bloodline,ancestral_rage,m100,1,14.0,15.75,1.0,15.75,1.0,17.5,6300.0,12285.0,180.0,17.5,1451.9,8923.1,0.163,304.9,985.5,0.08,0.042,0.084,7220.0,7220.0
sento_saiyan,martialartist,ancestral_bloodline,ancestral_rage,m100,3,14.0,15.75,1.0,15.75,1.0,17.5,6300.0,12285.0,180.0,17.5,1311.5,8923.1,0.147,852.5,3050.5,0.25,0.118,0.152,7220.0,7220.0
sento_saiyan,martialartist,ancestral_bloodline,ancestral_rage,m100,5,14.0,15.75,1.0,15.75,1.0,17.5,6300.0,12285.0,180.0,17.5,1175.2,8923.1,0.132,1681.7,6335.6,0.52,0.233,0.253,7220.0,7220.0
sento_saiyan,martialartist,ancestral_bloodline,ancestral_rage,m100,7,14.0,15.75,1.0,15.75,1.0,17.5,6300.0,12285.0,180.0,17.5,1175.2,8923.1,0.132,2315.4,9386.0,0.76,0.321,0.321,7220.0,7220.0
sento_saiyan,martialartist,ancestral_bloodline,ancestral_truth,m0,1,14.75,7.5,14.75,3.0,1.0,14.75,6637.5,5850.0,2655.0,14.75,1277.8,5364.7,0.238,268.3,985.5,0.15,0.037,0.083,7220.0,7220.0
sento_saiyan,martialartist,ancestral_bloodline,ancestral_truth,m0,3,14.75,7.5,14.75,3.0,1.0,14.75,6637.5,5850.0,2655.0,14.75,1154.0,5364.7,0.215,750.1,3050.5,0.46,0.104,0.149,7220.0,7220.0
sento_saiyan,martialartist,ancestral_bloodline,ancestral_truth,m0,5,14.75,7.5,14.75,3.0,1.0,14.75,6637.5,5850.0,2655.0,14.75,1047.5,5364.7,0.195,1499.0,6335.6,0.95,0.208,0.248,7220.0,7220.0
sento_saiyan,martialartist,ancestral_bloodline,ancestral_truth,m0,7,14.75,7.5,14.75,3.0,1.0,14.75,6637.5,5850.0,2655.0,14.75,1047.5,5364.7,0.195,2267.2,9386.0,1.41,0.314,0.314,7220.0,7220.0
sento_saiyan,martialartist,ancestral_bloodline,ancestral_truth,m100,1,25.81,13.12,25.81,5.25,1.0,25.81,11615.6,10237.5,4646.2,25.81,1364.4,9388.2,0.145,286.5,985.5,0.08,0.04,0.088,7220.0,7220.0
sento_saiyan,martialartist,ancestral_bloodline,ancestral_truth,m100,3,25.81,13.12,25.81,5.25,1.0,25.81,11615.6,10237.5,4646.2,25.81,1270.5,9388.2,0.135,825.8,3050.5,0.26,0.114,0.159,7220.0,7220.0
sento_saiyan,martialartist,ancestral_bloodline,ancestral_truth,m100,5,25.81,13.12,25.81,5.25,1.0,25.81,11615.6,10237.5,4646.2,25.81,1142.0,9388.2,0.122,1634.2,6335.6,0.55,0.226,0.265,7220.0,7220.0
sento_saiyan,martialartist,ancestral_bloodline,ancestral_truth,m100,7,25.81,13.12,25.81,5.25,1.0,25.81,11615.6,10237.5,4646.2,25.81,1142.0,9388.2,0.122,2424.9,9386.0,0.81,0.336,0.336,7220.0,7220.0
sento_saiyan,martialartist,ancestral_bloodline,ancestral_justice,m0,1,20.0,20.0,25.0,3.0,1.5,25.0,9000.0,15600.0,4500.0,25.0,1491.4,11864.3,0.126,313.2,1307.1,0.08,0.029,0.088,9575.8,10820.0
sento_saiyan,martialartist,ancestral_bloodline,ancestral_justice,m0,3,20.0,20.0,25.0,3.0,1.5,25.0,9000.0,15600.0,4500.0,25.0,1378.9,11864.3,0.116,896.3,4045.8,0.26,0.083,0.158,9575.8,10820.0
sento_saiyan,martialartist,ancestral_bloodline,ancestral_justice,m0,5,20.0,20.0,25.0,3.0,1.5,25.0,9000.0,15600.0,4500.0,25.0,1229.8,11864.3,0.104,1759.9,8402.8,0.54,0.163,0.264,9575.8,10820.0
sento_saiyan,martialartist,ancestral_bloodline,ancestral_justice,m0,7,20.0,20.0,25.0,3.0,1.5,25.0,9000.0,15600.0,4500.0,25.0,1229.8,11864.3,0.104,2705.6,12448.5,0.8,0.25,0.335,9575.8,10820.0
sento_saiyan,martialartist,ancestral_bloodline,ancestral_justice,m100,1,40.0,40.0,50.0,6.0,3.0,50.0,18000.0,31200.0,9000.0,50.0,1546.8,23728.6,0.065,324.8,1694.0,0.05,0.015,0.095,12410.4,21620.0
sento_saiyan,martialartist,ancestral_bloodline,ancestral_justice,m100,3,40.0,40.0,50.0,6.0,3.0,50.0,18000.0,31200.0,9000.0,50.0,1508.6,23728.6,0.064,980.6,5243.4,0.17,0.045,0.171,12410.4,21620.0
sento_saiyan,martialartist,ancestral_bloodline,ancestral_justice,m100,5,40.0,40.0,50.0,6.0,3.0,50.0,18000.0,31200.0,9000.0,50.0,1335.0,23728.6,0.056,1910.4,10890.1,0.35,0.088,0.286,12410.4,21620.0
sento_saiyan,martialartist,ancestral_bloodline,ancestral_justice,m100,7,40.0,40.0,50.0,6.0,3.0,50.0,18000.0,31200.0,9000.0,50.0,1335.0,23728.6,0.056,2937.1,16133.5,0.52,0.136,0.362,12410.4,21620.0
sento_saiyan,martialartist,ancestral_divinity,primal_trancendance,m0,1,20.0,23.0,20.0,3.0,1.0,23.0,9000.0,17940.0,3600.0,23.0,1559.6,13313.3,0.117,327.5,985.5,0.05,0.045,0.087,7220.0,7220.0
sento_saiyan,martialartist,ancestral_divinity,primal_trancendance,m0,3,20.0,23.0,20.0,3.0,1.0,23.0,9000.0,17940.0,3600.0,23.0,1429.6,13313.3,0.107,929.3,3050.5,0.17,0.129,0.157,7220.0,7220.0
sento_saiyan,martialartist,ancestral_divinity,primal_trancendance,m0,5,20.0,23.0,20.0,3.0,1.0,23.0,9000.0,17940.0,3600.0,23.0,1271.0,13313.3,0.095,1818.8,6335.6,0.35,0.252,0.262,7220.0,7220.0
sento_saiyan,martialartist,ancestral_divinity,primal_trancendance,m0,7,20.0,23.0,20.0,3.0,1.0,23.0,9000.0,17940.0,3600.0,23.0,1271.0,13313.3,0.095,2392.4,9386.0,0.52,0.331,0.331,7220.0,7220.0
sento_saiyan,martialartist,ancestral_divinity,primal_trancendance,m100,1,35.0,40.25,35.0,5.25,1.0,40.25,15750.0,31395.0,6300.0,40.25,1611.7,23298.2,0.069,338.5,985.5,0.03,0.047,0.093,7220.0,7220.0
sento_saiyan,martialartist,ancestral_divinity,primal_trancendance,m100,3,35.0,40.25,35.0,5.25,1.0,40.25,15750.0,31395.0,6300.0,40.25,1542.0,23298.2,0.066,1002.3,3050.5,0.1,0.139,0.167,7220.0,7220.0
sento_saiyan,martialartist,ancestral_divinity,primal_trancendance,m100,5,35.0,40.25,35.0,5.25,1.0,40.25,15750.0,31395.0,6300.0,40.25,1362.1,23298.2,0.058,1949.2,6335.6,0.2,0.27,0.279,7220.0,7220.0
sento_saiyan,martialartist,ancestral_divinity,primal_trancendance,m100,7,35.0,40.25,35.0,5.25,1.0,40.25,15750.0,31395.0,6300.0,40.25,1362.1,23298.2,0.058,2550.1,9386.0,0.3,0.353,0.353,7220.0,7220.0
sento_saiyan,martialartist,ancestral_divinity,primal_evolved,m0,1,32.0,32.0,32.0,4.0,2.0,38.0,14400.0,24960.0,5760.0,38.0,1548.2,18818.0,0.082,325.1,1471.6,0.06,0.023,0.092,10781.3,14420.0
sento_saiyan,martialartist,ancestral_divinity,primal_evolved,m0,3,32.0,32.0,32.0,4.0,2.0,38.0,14400.0,24960.0,5760.0,38.0,1475.9,18818.0,0.078,959.3,4555.1,0.18,0.067,0.166,10781.3,14420.0
sento_saiyan,martialartist,ancestral_divinity,primal_evolved,m0,5,32.0,32.0,32.0,4.0,2.0,38.0,14400.0,24960.0,5760.0,38.0,1308.5,18818.0,0.07,1872.5,9460.6,0.38,0.13,0.277,10781.3,14420.0
sento_saiyan,martialartist,ancestral_divinity,primal_evolved,m0,7,32.0,32.0,32.0,4.0,2.0,38.0,14400.0,24960.0,5760.0,38.0,1308.5,18818.0,0.07,2878.7,14015.7,0.56,0.2,0.351,10781.3,14420.0
sento_saiyan,martialartist,ancestral_divinity,primal_evolved,m100,1,48.0,48.0,48.0,6.0,3.0,57.0,21600.0,37440.0,8640.0,57.0,1565.4,28227.1,0.055,328.7,1672.2,0.04,0.015,0.097,12250.4,21620.0
sento_saiyan,martialartist,ancestral_divinity,primal_evolved,m100,3,48.0,48.0,48.0,6.0,3.0,57.0,21600.0,37440.0,8640.0,57.0,1543.9,28227.1,0.055,1003.6,5175.8,0.14,0.046,0.174,12250.4,21620.0
sento_saiyan,martialartist,ancestral_divinity,primal_evolved,m100,5,48.0,48.0,48.0,6.0,3.0,57.0,21600.0,37440.0,8640.0,57.0,1363.7,28227.1,0.048,1951.4,10749.7,0.29,0.09,0.29,12250.4,21620.0
sento_saiyan,martialartist,ancestral_divinity,primal_evolved,m100,7,48.0,48.0,48.0,6.0,3.0,57.0,21600.0,37440.0,8640.0,57.0,1363.7,28227.1,0.048,3000.1,15925.5,0.43,0.139,0.367,12250.4,21620.0
sento_saiyan,martialartist,ancestral_hope,ancestral_hope,m0,1,1.0,1.0,1.0,1.0,1.0,1.0,450.0,780.0,180.0,1.0,591.1,591.1,1.0,124.1,985.5,1.26,0.017,0.06,7220.0,7220.0
sento_saiyan,martialartist,ancestral_hope,ancestral_hope,m0,3,1.0,1.0,1.0,1.0,1.0,1.0,450.0,780.0,180.0,1.0,591.1,591.1,1.0,384.2,3050.5,3.91,0.053,0.099,7220.0,7220.0
sento_saiyan,martialartist,ancestral_hope,ancestral_hope,m0,5,1.0,1.0,1.0,1.0,1.0,1.0,450.0,780.0,180.0,1.0,591.1,591.1,1.0,798.0,6335.6,8.12,0.111,0.165,7220.0,7220.0
sento_saiyan,martialartist,ancestral_hope,ancestral_hope,m0,7,1.0,1.0,1.0,1.0,1.0,1.0,450.0,780.0,180.0,1.0,591.1,591.1,1.0,1182.3,9386.0,12.03,0.164,0.209,7220.0,7220.0
sento_saiyan,martialartist,ancestral_hope,ancestral_hope,m100,1,1.0,1.0,1.0,1.0,1.0,1.0,450.0,780.0,180.0,1.0,591.1,591.1,1.0,124.1,985.5,1.26,0.017,0.06,7220.0,7220.0
sento_saiyan,martialartist,ancestral_hope,ancestral_hope,m100,3,1.0,1.0,1.0,1.0,1.0,1.0,450.0,780.0,180.0,1.0,591.1,591.1,1.0,384.2,3050.5,3.91,0.053,0.099,7220.0,7220.0
sento_saiyan,martialartist,ancestral_hope,ancestral_hope,m100,5,1.0,1.0,1.0,1.0,1.0,1.0,450.0,780.0,180.0,1.0,591.1,591.1,1.0,798.0,6335.6,8.12,0.111,0.165,7220.0,7220.0
sento_saiyan,martialartist,ancestral_hope,ancestral_hope,m100,7,1.0,1.0,1.0,1.0,1.0,1.0,450.0,780.0,180.0,1.0,591.1,591.1,1.0,1182.3,9386.0,12.03,0.164,0.209,7220.0,7220.0
sento_saiyan,martialartist,ancestral_hope,brilliant_2,m0,1,1.0,1.0,1.0,1.0,1.0,1.0,450.0,780.0,180.0,1.0,591.1,591.1,1.0,124.1,985.5,1.26,0.017,0.06,7220.0,7220.0
sento_saiyan,martialartist,ancestral_hope,brilliant_2,m0,3,1.0,1.0,1.0,1.0,1.0,1.0,450.0,780.0,180.0,1.0,591.1,591.1,1.0,384.2,3050.5,3.91,0.053,0.099,7220.0,7220.0
sento_saiyan,martialartist,ancestral_hope,brilliant_2,m0,5,1.0,1.0,1.0,1.0,1.0,1.0,450.0,780.0,180.0,1.0,591.1,591.1,1.0,798.0,6335.6,8.12,0.111,0.165,7220.0,7220.0
sento_saiyan,martialartist,ancestral_hope,brilliant_2,m0,7,1.0,1.0,1.0,1.0,1.0,1.0,450.0,780.0,180.0,1.0,591.1,591.1,1.0,1182.3,9386.0,12.03,0.164,0.209,7220.0,7220.0
sento_saiyan,martialartist,ancestral_hope,brilliant_2,m100,1,1.0,1.0,1.0,1.0,1.0,1.0,450.0,780.0,180.0,1.0,591.1,591.1,1.0,124.1,985.5,1.26,0.017,0.06,7220.0,7220.0
sento_saiyan,martialartist,ancestral_hope,brilliant_2,m100,3,1.0,1.0,1.0,1.0,1.0,1.0,450.0,780.0,180.0,1.0,591.1,591.1,1.0,384.2,3050.5,3.91,0.053,0.099,7220.0,7220.0
sento_saiyan,martialartist,ancestral_hope,brilliant_2,m100,5,1.0,1.0,1.0,1.0,1.0,1.0,450.0,780.0,180.0,1.0,591.1,591.1,1.0,798.0,6335.6,8.12,0.111,0.165,7220.0,7220.0
sento_saiyan,martialartist,ancestral_hope,brilliant_2,m100,7,1.0,1.0,1.0,1.0,1.0,1.0,450.0,780.0,180.0,1.0,591.1,591.1,1.0,1182.3,9386.0,12.03,0.164,0.209,7220.0,7220.0
sento_saiyan,martialartist,darkness_incarnate,ancestral_despair,m0,1,1.0,1.0,1.0,1.0,1.0,1.0,450.0,780.0,180.0,1.0,591.1,591.1,1.0,124.1,985.5,1.26,0.017,0.06,7220.0,7220.0
sento_saiyan,martialartist,darkness_incarnate,ancestral_despair,m0,3,1.0,1.0,1.0,1.0,1.0,1.0,450.0,780.0,180.0,1.0,591.1,591.1,1.0,384.2,3050.5,3.91,0.053,0.099,7220.0,7220.0
sento_saiyan,martialartist,darkness_incarnate,ancestral_despair,m0,5,1.0,1.0,1.0,1.0,1.0,1.0,450.0,780.0,180.0,1.0,591.1,591.1,1.0,798.0,6335.6,8.12,0.111,0.165,7220.0,7220.0
sento_saiyan,martialartist,darkness_incarnate,ancestral_despair,m0,7,1.0,1.0,1.0,1.0,1.0,1.0,450.0,780.0,180.0,1.0,591.1,591.1,1.0,1182.3,9386.0,12.03,0.164,0.209,7220.0,7220.0
sento_saiyan,martialartist,darkness_incarnate,ancestral_despair,m100,1,1.0,1.0,1.0,1.0,1.0,1.0,450.0,780.0,180.0,1.0,591.1,591.1,1.0,124.1,985.5,1.26,0.017,0.06,7220.0,7220.0
sento_saiyan,martialartist,darkness_incarnate,ancestral_despair,m100,3,1.0,1.0,1.0,1.0,1.0,1.0,450.0,780.0,180.0,1.0,591.1,591.1,1.0,384.2,3050.5,3.91,0.053,0.099,7220.0,7220.0
sento_saiyan,martialartist,darkness_incarnate,ancestral_despair,m100,5,1.0,1.0,1.0,1.0,1.0,1.0,450.0,780.0,180.0,1.0,591.1,591.1,1.0,798.0,6335.6,8.12,0.111,0.165,7220.0,7220.0
sento_saiyan,martialartist,darkness_incarnate,ancestral_despair,m100,7,1.0,1.0,1.0,1.0,1.0,1.0,450.0,780.0,180.0,1.0,591.1,591.1,1.0,1182.3,9386.0,12.03,0.164,0.209,7220.0,7220.0
sento_saiyan,martialartist,darkness_incarnate,ancestral_torment,m0,1,1.0,1.0,1.0,1.0,1.0,1.0,450.0,780.0,180.0,1.0,591.1,591.1,1.0,124.1,985.5,1.26,0.017,0.06,7220.0,7220.0
sento_saiyan,martialartist,darkness_incarnate,ancestral_torment,m0,3,1.0,1.0,1.0,1.0,1.0,1.0,450.0,780.0,180.0,1.0,591.1,591.1,1.0,384.2,3050.5,3.91,0.053,0.099,7220.0,7220.0
sento_saiyan,martialartist,darkness_incarnate,ancestral_torment,m0,5,1.0,1.0,1.0,1.0,1.0,1.0,450.0,780.0,180.0,1.0,591.1,591.1,1.0,798.0,6335.6,8.12,0.111,0.165,7220.0,7220.0
sento_saiyan,martialartist,darkness_incarnate,ancestral_torment,m0,7,1.0,1.0,1.0,1.0,1.0,1.0,450.0,780.0,180.0,1.0,591.1,591.1,1.0,1182.3,9386.0,12.03,0.164,0.209,7220.0,7220.0
sento_saiyan,martialartist,darkness_incarnate,ancestral_torment,m100,1,1.0,1.0,1.0,1.0,1.0,1.0,450.0,780.0,180.0,1.0,591.1,591.1,1.0,124.1,985.5,1.26,0.017,0.06,7220.0,7220.0
sento_saiyan,martialartist,darkness_incarnate,ancestral_torment,m100,3,1.0,1.0,1.0,1.0,1.0,1.0,450.0,780.0,180.0,1.0,591.1,591.1,1.0,384.2,3050.5,3.91,0.053,0.099,7220.0,7220.0
sento_saiyan,martialartist,darkness_incarnate,ancestral_torment,m100,5,1.0,1.0,1.0,1.0,1.0,1.0,450.0,780.0,180.0,1.0,591.1,591.1,1.0,798.0,6335.6,8.12,0.111,0.165,7220.0,7220.0
sento_saiyan,martialartist,darkness_incarnate,ancestral_torment,m100,7,1.0,1.0,1.0,1.0,1.0,1.0,450.0,780.0,180.0,1.0,591.1,591.1,1.0,1182.3,9386.0,12.03,0.164,0.209,7220.0,7220.0
sento_saiyan,paladin,base,Base,m0,1,1.0,1.0,1.0,1.0,1.0,1.0,266.0,294.0,175.0,1.0,251.9,251.9,1.0,52.9,821.7,2.79,0.009,0.06,6020.0,6020.0
sento_saiyan,paladin,base,Base,m0,3,1.0,1.0,1.0,1.0,1.0,1.0,266.0,294.0,175.0,1.0,251.9,251.9,1.0,163.8,2543.5,8.65,0.027,0.099,6020.0,6020.0
sento_saiyan,paladin,base,Base,m0,5,1.0,1.0,1.0,1.0,1.0,1.0,266.0,294.0,175.0,1.0,251.9,251.9,1.0,340.1,5282.6,17.97,0.056,0.165,6020.0,6020.0
sento_saiyan,paladin,base,Base,m0,7,1.0,1.0,1.0,1.0,1.0,1.0,266.0,294.0,175.0,1.0,251.9,251.9,1.0,503.9,7826.0,26.62,0.084,0.209,6020.0,6020.0
sento_saiyan,paladin,ancestral_bloodline,primal_awakening,m0,1,2.0,1.0,1.0,1.0,1.0,4.0,532.0,294.0,175.0,4.0,325.3,412.8,0.788,68.3,821.7,1.54,0.011,0.069,6020.0,6020.0
sento_saiyan,paladin,ancestral_bloodline,primal_awakening,m0,3,2.0,1.0,1.0,1.0,1.0,4.0,532.0,294.0,175.0,4.0,351.1,412.8,0.851,228.2,2543.5,4.78,0.038,0.125,6020.0,6020.0
sento_saiyan,paladin,ancestral_bloodline,primal_awakening,m0,5,2.0,1.0,1.0,1.0,1.0,4.0,532.0,294.0,175.0,4.0,294.7,412.8,0.714,421.7,5282.6,9.93,0.07,0.208,6020.0,6020.0
sento_saiyan,paladin,ancestral_bloodline,primal_awakening,m0,7,2.0,1.0,1.0,1.0,1.0,4.0,532.0,294.0,175.0,4.0,294.7,412.8,0.714,648.3,7826.0,14.71,0.108,0.263,6020.0,6020.0
sento_saiyan,paladin,ancestral_bloodline,primal_awakening,m100,1,3.5,1.0,1.0,1.0,1.0,7.0,931.0,294.0,175.0,7.0,373.3,677.1,0.551,78.4,821.7,0.88,0.013,0.075,6020.0,6020.0
sento_saiyan,paladin,ancestral_bloodline,primal_awakening,m100,3,3.5,1.0,1.0,1.0,1.0,7.0,931.0,294.0,175.0,7.0,347.0,677.1,0.513,225.6,2543.5,2.73,0.037,0.135,6020.0,6020.0
sento_saiyan,paladin,ancestral_bloodline,primal_awakening,m100,5,3.5,1.0,1.0,1.0,1.0,7.0,931.0,294.0,175.0,7.0,326.1,677.1,0.482,466.7,5282.6,5.67,0.078,0.225,6020.0,6020.0
sento_saiyan,paladin,ancestral_bloodline,primal_awakening,m100,7,3.5,1.0,1.0,1.0,1.0,7.0,931.0,294.0,175.0,7.0,326.1,677.1,0.482,717.5,7826.0,8.41,0.119,0.285,6020.0,6020.0
sento_saiyan,paladin,ancestral_bloodline,ancestral_outburst,m0,1,6.75,6.75,6.75,1.0,1.0,8.75,1795.5,1984.5,1181.2,8.75,527.0,1657.2,0.318,110.7,821.7,0.41,0.018,0.077,6020.0,6020.0
sento_saiyan,paladin,ancestral_bloodline,ancestral_outburst,m0,3,6.75,6.75,6.75,1.0,1.0,8.75,1795.5,1984.5,1181.2,8.75,474.2,1657.2,0.286,308.2,2543.5,1.28,0.051,0.139,6020.0,6020.0
sento_saiyan,paladin,ancestral_bloodline,ancestral_outburst,m0,5,6.75,6.75,6.75,1.0,1.0,8.75,1795.5,1984.5,1181.2,8.75,432.1,1657.2,0.261,618.4,5282.6,2.66,0.103,0.232,6020.0,6020.0
sento_saiyan,paladin,ancestral_bloodline,ancestral_outburst,m0,7,6.75,6.75,6.75,1.0,1.0,8.75,1795.5,1984.5,1181.2,8.75,432.1,1657.2,0.261,950.7,7826.0,3.94,0.158,0.294,6020.0,6020.0
sento_saiyan,paladin,ancestral_bloodline,ancestral_outburst,m100,1,11.81,11.81,11.81,1.0,1.0,15.31,3142.1,3472.9,2067.2,15.31,587.7,2894.4,0.203,123.4,821.7,0.24,0.021,0.083,6020.0,6020.0
sento_saiyan,paladin,ancestral_bloodline,ancestral_outburst,m100,3,11.81,11.81,11.81,1.0,1.0,15.31,3142.1,3472.9,2067.2,15.31,528.4,2894.4,0.183,343.5,2543.5,0.73,0.057,0.149,6020.0,6020.0
sento_saiyan,paladin,ancestral_bloodline,ancestral_outburst,m100,5,11.81,11.81,11.81,1.0,1.0,15.31,3142.1,3472.9,2067.2,15.31,476.1,2894.4,0.164,681.3,5282.6,1.52,0.113,0.249,6020.0,6020.0
sento_saiyan,paladin,ancestral_bloodline,ancestral_outburst,m100,7,11.81,11.81,11.81,1.0,1.0,15.31,3142.1,3472.9,2067.2,15.31,476.1,2894.4,0.164,1047.4,7826.0,2.25,0.174,0.315,6020.0,6020.0
sento_saiyan,paladin,ancestral_bloodline,ancestral_rage,m0,1,8.0,9.0,1.0,9.0,1.0,10.0,2128.0,2646.0,175.0,10.0,549.4,2080.1,0.264,115.4,821.7,0.31,0.019,0.079,6020.0,6020.0
sento_saiyan,paladin,ancestral_bloodline,ancestral_rage,m0,3,8.0,9.0,1.0,9.0,1.0,10.0,2128.0,2646.0,175.0,10.0,492.3,2080.1,0.237,320.0,2543.5,0.96,0.053,0.142,6020.0,6020.0
sento_saiyan,paladin,ancestral_bloodline,ancestral_rage,m0,5,8.0,9.0,1.0,9.0,1.0,10.0,2128.0,2646.0,175.0,10.0,446.8,2080.1,0.215,639.4,5282.6,2.0,0.106,0.236,6020.0,6020.0
sento_saiyan,paladin,ancestral_bloodline,ancestral_rage,m0,7,8.0,9.0,1.0,9.0,1.0,10.0,2128.0,2646.0,175.0,10.0,446.8,2080.1,0.215,983.0,7826.0,2.96,0.163,0.299,6020.0,6020.0
sento_saiyan,paladin,ancestral_bloodline,ancestral_rage,m100,1,14.0,15.75,1.0,15.75,1.0,17.5,3724.0,4630.5,175.0,17.5,601.4,3625.4,0.166,126.3,821.7,0.18,0.021,0.084,6020.0,6020.0
sento_saiyan,paladin,ancestral_bloodline,ancestral_rage,m100,3,14.0,15.75,1.0,15.75,1.0,17.5,3724.0,4630.5,175.0,17.5,544.4,3625.4,0.15,353.9,2543.5,0.55,0.059,0.152,6020.0,6020.0
sento_saiyan,paladin,ancestral_bloodline,ancestral_rage,m100,5,14.0,15.75,1.0,15.75,1.0,17.5,3724.0,4630.5,175.0,17.5,489.1,3625.4,0.135,699.9,5282.6,1.14,0.116,0.253,6020.0,6020.0
sento_saiyan,paladin,ancestral_bloodline,ancestral_rage,m100,7,14.0,15.75,1.0,15.75,1.0,17.5,3724.0,4630.5,175.0,17.5,489.1,3625.4,0.135,1076.0,7826.0,1.69,0.179,0.321,6020.0,6020.0
sento_saiyan,paladin,ancestral_bloodline,ancestral_truth,m0,1,14.75,7.5,14.75,3.0,1.0,14.75,3923.5,2205.0,2581.2,14.75,579.8,3160.5,0.183,121.8,821.7,0.21,0.02,0.083,6020.0,6020.0
sento_saiyan,paladin,ancestral_bloodline,ancestral_truth,m0,3,14.75,7.5,14.75,3.0,1.0,14.75,3923.5,2205.0,2581.2,14.75,517.9,3160.5,0.164,336.6,2543.5,0.65,0.056,0.149,6020.0,6020.0
sento_saiyan,paladin,ancestral_bloodline,ancestral_truth,m0,5,14.75,7.5,14.75,3.0,1.0,14.75,3923.5,2205.0,2581.2,14.75,464.7,3160.5,0.147,664.9,5282.6,1.35,0.11,0.248,6020.0,6020.0
sento_saiyan,paladin,ancestral_bloodline,ancestral_truth,m0,7,14.75,7.5,14.75,3.0,1.0,14.75,3923.5,2205.0,2581.2,14.75,464.7,3160.5,0.147,1022.2,7826.0,1.99,0.17,0.314,6020.0,6020.0
sento_saiyan,paladin,ancestral_bloodline,ancestral_truth,m100,1,25.81,13.12,25.81,5.25,1.0,25.81,6866.1,3858.8,4517.2,25.81,613.6,5530.8,0.111,128.9,821.7,0.12,0.021,0.088,6020.0,6020.0
sento_saiyan,paladin,ancestral_bloodline,ancestral_truth,m100,3,25.81,13.12,25.81,5.25,1.0,25.81,6866.1,3858.8,4517.2,25.81,567.8,5530.8,0.103,369.1,2543.5,0.37,0.061,0.159,6020.0,6020.0
sento_saiyan,paladin,ancestral_bloodline,ancestral_truth,m100,5,25.81,13.12,25.81,5.25,1.0,25.81,6866.1,3858.8,4517.2,25.81,505.1,5530.8,0.091,722.9,5282.6,0.77,0.12,0.265,6020.0,6020.0
sento_saiyan,paladin,ancestral_bloodline,ancestral_truth,m100,7,25.81,13.12,25.81,5.25,1.0,25.81,6866.1,3858.8,4517.2,25.81,505.1,5530.8,0.091,1111.3,7826.0,1.14,0.185,0.336,6020.0,6020.0
sento_saiyan,paladin,ancestral_bloodline,ancestral_justice,m0,1,20.0,20.0,25.0,3.0,1.5,25.0,5320.0,5880.0,4375.0,25.0,631.8,5008.9,0.126,132.7,1089.7,0.19,0.015,0.088,7982.8,9020.0
sento_saiyan,paladin,ancestral_bloodline,ancestral_justice,m0,3,20.0,20.0,25.0,3.0,1.5,25.0,5320.0,5880.0,4375.0,25.0,584.3,5008.9,0.117,379.8,3372.7,0.57,0.042,0.158,7982.8,9020.0
sento_saiyan,paladin,ancestral_bloodline,ancestral_justice,m0,5,20.0,20.0,25.0,3.0,1.5,25.0,5320.0,5880.0,4375.0,25.0,521.4,5008.9,0.104,746.2,7004.9,1.19,0.083,0.264,7982.8,9020.0
sento_saiyan,paladin,ancestral_bloodline,ancestral_justice,m0,7,20.0,20.0,25.0,3.0,1.5,25.0,5320.0,5880.0,4375.0,25.0,521.4,5008.9,0.104,1147.2,10377.6,1.76,0.127,0.335,7982.8,9020.0
sento_saiyan,paladin,ancestral_bloodline,ancestral_justice,m100,1,40.0,40.0,50.0,6.0,3.0,50.0,10640.0,11760.0,8750.0,50.0,655.6,10017.7,0.065,137.7,1411.9,0.12,0.008,0.095,10343.9,18020.0
sento_saiyan,paladin,ancestral_bloodline,ancestral_justice,m100,3,40.0,40.0,50.0,6.0,3.0,50.0,10640.0,11760.0,8750.0,50.0,639.5,10017.7,0.064,415.7,4370.3,0.37,0.023,0.171,10343.9,18020.0
sento_saiyan,paladin,ancestral_bloodline,ancestral_justice,m100,5,40.0,40.0,50.0,6.0,3.0,50.0,10640.0,11760.0,8750.0,50.0,566.2,10017.7,0.057,810.2,9076.8,0.77,0.045,0.286,10343.9,18020.0
sento_saiyan,paladin,ancestral_bloodline,ancestral_justice,m100,7,40.0,40.0,50.0,6.0,3.0,50.0,10640.0,11760.0,8750.0,50.0,566.2,10017.7,0.057,1245.6,13447.1,1.14,0.069,0.362,10343.9,18020.0
sento_saiyan,paladin,ancestral_divinity,primal_trancendance,m0,1,20.0,23.0,20.0,3.0,1.0,23.0,5320.0,6762.0,3500.0,23.0,656.6,5494.8,0.119,137.9,821.7,0.12,0.023,0.087,6020.0,6020.0
sento_saiyan,paladin,ancestral_divinity,primal_trancendance,m0,3,20.0,23.0,20.0,3.0,1.0,23.0,5320.0,6762.0,3500.0,23.0,602.3,5494.8,0.11,391.5,2543.5,0.38,0.065,0.157,6020.0,6020.0
sento_saiyan,paladin,ancestral_divinity,primal_trancendance,m0,5,20.0,23.0,20.0,3.0,1.0,23.0,5320.0,6762.0,3500.0,23.0,536.0,5494.8,0.098,767.0,5282.6,0.78,0.127,0.262,6020.0,6020.0
sento_saiyan,paladin,ancestral_divinity,primal_trancendance,m0,7,20.0,23.0,20.0,3.0,1.0,23.0,5320.0,6762.0,3500.0,23.0,536.0,5494.8,0.098,1179.2,7826.0,1.16,0.196,0.331,6020.0,6020.0
sento_saiyan,paladin,ancestral_divinity,primal_trancendance,m100,1,35.0,40.25,35.0,5.25,1.0,40.25,9310.0,11833.5,6125.0,40.25,679.2,9615.8,0.071,142.6,821.7,0.07,0.024,0.093,6020.0,6020.0
sento_saiyan,paladin,ancestral_divinity,primal_trancendance,m100,3,35.0,40.25,35.0,5.25,1.0,40.25,9310.0,11833.5,6125.0,40.25,650.0,9615.8,0.068,422.5,2543.5,0.21,0.07,0.167,6020.0,6020.0
sento_saiyan,paladin,ancestral_divinity,primal_trancendance,m100,5,35.0,40.25,35.0,5.25,1.0,40.25,9310.0,11833.5,6125.0,40.25,574.7,9615.8,0.06,822.4,5282.6,0.45,0.137,0.279,6020.0,6020.0
sento_saiyan,paladin,ancestral_divinity,primal_trancendance,m100,7,35.0,40.25,35.0,5.25,1.0,40.25,9310.0,11833.5,6125.0,40.25,574.7,9615.8,0.06,1264.3,7826.0,0.66,0.21,0.353,6020.0,6020.0
sento_saiyan,paladin,ancestral_divinity,primal_evolved,m0,1,32.0,32.0,32.0,4.0,2.0,38.0,8512.0,9408.0,5600.0,38.0,654.1,7850.6,0.083,137.4,1226.7,0.13,0.011,0.092,8986.9,12020.0
sento_saiyan,paladin,ancestral_divinity,primal_evolved,m0,3,32.0,32.0,32.0,4.0,2.0,38.0,8512.0,9408.0,5600.0,38.0,623.7,7850.6,0.079,405.4,3797.0,0.4,0.034,0.166,8986.9,12020.0
sento_saiyan,paladin,ancestral_divinity,primal_evolved,m0,5,32.0,32.0,32.0,4.0,2.0,38.0,8512.0,9408.0,5600.0,38.0,553.4,7850.6,0.07,791.9,7886.0,0.84,0.066,0.277,8986.9,12020.0
sento_saiyan,paladin,ancestral_divinity,primal_evolved,m0,7,32.0,32.0,32.0,4.0,2.0,38.0,8512.0,9408.0,5600.0,38.0,553.4,7850.6,0.07,1217.4,11683.0,1.24,0.101,0.351,8986.9,12020.0
sento_saiyan,paladin,ancestral_divinity,primal_evolved,m100,1,48.0,48.0,48.0,6.0,3.0,57.0,12768.0,14112.0,8400.0,57.0,661.6,11776.0,0.056,138.9,1393.7,0.1,0.008,0.097,10210.5,18020.0
sento_saiyan,paladin,ancestral_divinity,primal_evolved,m100,3,48.0,48.0,48.0,6.0,3.0,57.0,12768.0,14112.0,8400.0,57.0,652.6,11776.0,0.055,424.2,4314.0,0.31,0.024,0.174,10210.5,18020.0
sento_saiyan,paladin,ancestral_divinity,primal_evolved,m100,5,48.0,48.0,48.0,6.0,3.0,57.0,12768.0,14112.0,8400.0,57.0,576.8,11776.0,0.049,825.4,8959.8,0.63,0.046,0.29,10210.5,18020.0
sento_saiyan,paladin,ancestral_divinity,primal_evolved,m100,7,48.0,48.0,48.0,6.0,3.0,57.0,12768.0,14112.0,8400.0,57.0,576.8,11776.0,0.049,1269.0,13273.7,0.94,0.07,0.367,10210.5,18020.0
sento_saiyan,paladin,ancestral_hope,ancestral_hope,m0,1,1.0,1.0,1.0,1.0,1.0,1.0,266.0,294.0,175.0,1.0,251.9,251.9,1.0,52.9,821.7,2.79,0.009,0.06,6020.0,6020.0
sento_saiyan,paladin,ancestral_hope,ancestral_hope,m0,3,1.0,1.0,1.0,1.0,1.0,1.0,266.0,294.0,175.0,1.0,251.9,251.9,1.0,163.8,2543.5,8.65,0.027,0.099,6020.0,6020.0
sento_saiyan,paladin,ancestral_hope,ancestral_hope,m0,5,1.0,1.0,1.0,1.0,1.0,1.0,266.0,294.0,175.0,1.0,251.9,251.9,1.0,340.1,5282.6,17.97,0.056,0.165,6020.0,6020.0
sento_saiyan,paladin,ancestral_hope,ancestral_hope,m0,7,1.0,1.0,1.0,1.0,1.0,1.0,266.0,294.0,175.0,1.0,251.9,251.9,1.0,503.9,7826.0,26.62,0.084,0.209,6020.0,6020.0
sento_saiyan,paladin,ancestral_hope,ancestral_hope,m100,1,1.0,1.0,1.0,1.0,1.0,1.0,266.0,294.0,175.0,1.0,251.9,251.9,1.0,52.9,821.7,2.79,0.009,0.06,6020.0,6020.0
sento_saiyan,paladin,ancestral_hope,ancestral_hope,m100,3,1.0,1.0,1.0,1.0,1.0,1.0,266.0,294.0,175.0,1.0,251.9,251.9,1.0,163.8,2543.5,8.65,0.027,0.099,6020.0,6020.0
sento_saiyan,paladin,ancestral_hope,ancestral_hope,m100,5,1.0,1.0,1.0,1.0,1.0,1.0,266.0,294.0,175.0,1.0,251.9,251.9,1.0,340.1,5282.6,17.97,0.056,0.165,6020.0,6020.0
sento_saiyan,paladin,ancestral_hope,ancestral_hope,m100,7,1.0,1.0,1.0,1.0,1.0,1.0,266.0,294.0,175.0,1.0,251.9,251.9,1.0,503.9,7826.0,26.62,0.084,0.209,6020.0,6020.0
sento_saiyan,paladin,ancestral_hope,brilliant_2,m0,1,1.0,1.0,1.0,1.0,1.0,1.0,266.0,294.0,175.0,1.0,251.9,251.9,1.0,52.9,821.7,2.79,0.009,0.06,6020.0,6020.0
sento_saiyan,paladin,ancestral_hope,brilliant_2,m0,3,1.0,1.0,1.0,1.0,1.0,1.0,266.0,294.0,175.0,1.0,251.9,251.9,1.0,163.8,2543.5,8.65,0.027,0.099,6020.0,6020.0
sento_saiyan,paladin,ancestral_hope,brilliant_2,m0,5,1.0,1.0,1.0,1.0,1.0,1.0,266.0,294.0,175.0,1.0,251.9,251.9,1.0,340.1,5282.6,17.97,0.056,0.165,6020.0,6020.0
sento_saiyan,paladin,ancestral_hope,brilliant_2,m0,7,1.0,1.0,1.0,1.0,1.0,1.0,266.0,294.0,175.0,1.0,251.9,251.9,1.0,503.9,7826.0,26.62,0.084,0.209,6020.0,6020.0
sento_saiyan,paladin,ancestral_hope,brilliant_2,m100,1,1.0,1.0,1.0,1.0,1.0,1.0,266.0,294.0,175.0,1.0,251.9,251.9,1.0,52.9,821.7,2.79,0.009,0.06,6020.0,6020.0
sento_saiyan,paladin,ancestral_hope,brilliant_2,m100,3,1.0,1.0,1.0,1.0,1.0,1.0,266.0,294.0,175.0,1.0,251.9,251.9,1.0,163.8,2543.5,8.65,0.027,0.099,6020.0,6020.0
sento_saiyan,paladin,ancestral_hope,brilliant_2,m100,5,1.0,1.0,1.0,1.0,1.0,1.0,266.0,294.0,175.0,1.0,251.9,251.9,1.0,340.1,5282.6,17.97,0.056,0.165,6020.0,6020.0
sento_saiyan,paladin,ancestral_hope,brilliant_2,m100,7,1.0,1.0,1.0,1.0,1.0,1.0,266.0,294.0,175.0,1.0,251.9,251.9,1.0,503.9,7826.0,26.62,0.084,0.209,6020.0,6020.0
sento_saiyan,paladin,darkness_incarnate,ancestral_despair,m0,1,1.0,1.0,1.0,1.0,1.0,1.0,266.0,294.0,175.0,1.0,251.9,251.9,1.0,52.9,821.7,2.79,0.009,0.06,6020.0,6020.0
sento_saiyan,paladin,darkness_incarnate,ancestral_despair,m0,3,1.0,1.0,1.0,1.0,1.0,1.0,266.0,294.0,175.0,1.0,251.9,251.9,1.0,163.8,2543.5,8.65,0.027,0.099,6020.0,6020.0
sento_saiyan,paladin,darkness_incarnate,ancestral_despair,m0,5,1.0,1.0,1.0,1.0,1.0,1.0,266.0,294.0,175.0,1.0,251.9,251.9,1.0,340.1,5282.6,17.97,0.056,0.165,6020.0,6020.0
sento_saiyan,paladin,darkness_incarnate,ancestral_despair,m0,7,1.0,1.0,1.0,1.0,1.0,1.0,266.0,294.0,175.0,1.0,251.9,251.9,1.0,503.9,7826.0,26.62,0.084,0.209,6020.0,6020.0
sento_saiyan,paladin,darkness_incarnate,ancestral_despair,m100,1,1.0,1.0,1.0,1.0,1.0,1.0,266.0,294.0,175.0,1.0,251.9,251.9,1.0,52.9,821.7,2.79,0.009,0.06,6020.0,6020.0
sento_saiyan,paladin,darkness_incarnate,ancestral_despair,m100,3,1.0,1.0,1.0,1.0,1.0,1.0,266.0,294.0,175.0,1.0,251.9,251.9,1.0,163.8,2543.5,8.65,0.027,0.099,6020.0,6020.0
sento_saiyan,paladin,darkness_incarnate,ancestral_despair,m100,5,1.0,1.0,1.0,1.0,1.0,1.0,266.0,294.0,175.0,1.0,251.9,251.9,1.0,340.1,5282.6,17.97,0.056,0.165,6020.0,6020.0
sento_saiyan,paladin,darkness_incarnate,ancestral_despair,m100,7,1.0,1.0,1.0,1.0,1.0,1.0,266.0,294.0,175.0,1.0,251.9,251.9,1.0,503.9,7826.0,26.62,0.084,0.209,6020.0,6020.0
sento_saiyan,paladin,darkness_incarnate,ancestral_torment,m0,1,1.0,1.0,1.0,1.0,1.0,1.0,266.0,294.0,175.0,1.0,251.9,251.9,1.0,52.9,821.7,2.79,0.009,0.06,6020.0,6020.0
sento_saiyan,paladin,darkness_incarnate,ancestral_torment,m0,3,1.0,1.0,1.0,1.0,1.0,1.0,266.0,294.0,175.0,1.0,251.9,251.9,1.0,163.8,2543.5,8.65,0.027,0.099,6020.0,6020.0
sento_saiyan,paladin,darkness_incarnate,ancestral_torment,m0,5,1.0,1.0,1.0,1.0,1.0,1.0,266.0,294.0,175.0,1.0,251.9,251.9,1.0,340.1,5282.6,17.97,0.056,0.165,6020.0,6020.0
sento_saiyan,paladin,darkness_incarnate,ancestral_torment,m0,7,1.0,1.0,1.0,1.0,1.0,1.0,266.0,294.0,175.0,1.0,251.9,251.9,1.0,503.9,7826.0,26.62,0.084,0.209,6020.0,6020.0
sento_saiyan,paladin,darkness_incarnate,ancestral_torment,m100,1,1.0,1.0,1.0,1.0,1.0,1.0,266.0,294.0,175.0,1.0,251.9,251.9,1.0,52.9,821.7,2.79,0.009,0.06,6020.0,6020.0
sento_saiyan,paladin,darkness_incarnate,ancestral_torment,m100,3,1.0,1.0,1.0,1.0,1.0,1.0,266.0,294.0,175.0,1.0,251.9,251.9,1.0,163.8,2543.5,8.65,0.027,0.099,6020.0,6020.0
sento_saiyan,paladin,darkness_incarnate,ancestral_torment,m100,5,1.0,1.0,1.0,1.0,1.0,1.0,266.0,294.0,175.0,1.0,251.9,251.9,1.0,340.1,5282.6,17.97,0.056,0.165,6020.0,6020.0
sento_saiyan,paladin,darkness_incarnate,ancestral_torment,m100,7,1.0,1.0,1.0,1.0,1.0,1.0,266.0,294.0,175.0,1.0,251.9,251.9,1.0,503.9,7826.0,26.62,0.084,0.209,6020.0,6020.0
sento_saiyan,tank,base,Base,m0,1,1.0,1.0,1.0,1.0,1.0,1.0,87.5,100.0,60.0,1.0,86.9,86.9,1.0,18.2,1313.1,13.13,0.002,0.06,9620.0,9620.0
sento_saiyan,tank,base,Base,m0,3,1.0,1.0,1.0,1.0,1.0,1.0,87.5,100.0,60.0,1.0,86.9,86.9,1.0,56.5,4064.5,40.64,0.006,0.099,9620.0,9620.0
sento_saiyan,tank,base,Base,m0,5,1.0,1.0,1.0,1.0,1.0,1.0,87.5,100.0,60.0,1.0,86.9,86.9,1.0,117.3,8441.6,84.42,0.012,0.165,9620.0,9620.0
sento_saiyan,tank,base,Base,m0,7,1.0,1.0,1.0,1.0,1.0,1.0,87.5,100.0,60.0,1.0,86.9,86.9,1.0,173.8,12506.0,125.06,0.018,0.209,9620.0,9620.0
sento_saiyan,tank,ancestral_bloodline,primal_awakening,m0,1,2.0,1.0,1.0,1.0,1.0,4.0,175.0,100.0,60.0,4.0,109.2,138.0,0.792,22.9,1313.1,7.5,0.002,0.069,9620.0,9620.0
sento_saiyan,tank,ancestral_bloodline,primal_awakening,m0,3,2.0,1.0,1.0,1.0,1.0,4.0,175.0,100.0,60.0,4.0,117.7,138.0,0.853,76.5,4064.5,23.23,0.008,0.125,9620.0,9620.0
sento_saiyan,tank,ancestral_bloodline,primal_awakening,m0,5,2.0,1.0,1.0,1.0,1.0,4.0,175.0,100.0,60.0,4.0,99.1,138.0,0.719,141.9,8441.6,48.24,0.015,0.208,9620.0,9620.0
sento_saiyan,tank,ancestral_bloodline,primal_awakening,m0,7,2.0,1.0,1.0,1.0,1.0,4.0,175.0,100.0,60.0,4.0,99.1,138.0,0.719,218.1,12506.0,71.46,0.023,0.263,9620.0,9620.0
sento_saiyan,tank,ancestral_bloodline,primal_awakening,m100,1,3.5,1.0,1.0,1.0,1.0,7.0,306.2,100.0,60.0,7.0,125.0,224.9,0.556,26.3,1313.1,4.29,0.003,0.075,9620.0,9620.0
sento_saiyan,tank,ancestral_bloodline,primal_awakening,m100,3,3.5,1.0,1.0,1.0,1.0,7.0,306.2,100.0,60.0,7.0,116.4,224.9,0.517,75.6,4064.5,13.27,0.008,0.135,9620.0,9620.0
sento_saiyan,tank,ancestral_bloodline,primal_awakening,m100,5,3.5,1.0,1.0,1.0,1.0,7.0,306.2,100.0,60.0,7.0,109.5,224.9,0.487,156.7,8441.6,27.56,0.016,0.225,9620.0,9620.0
sento_saiyan,tank,ancestral_bloodline,primal_awakening,m100,7,3.5,1.0,1.0,1.0,1.0,7.0,306.2,100.0,60.0,7.0,109.5,224.9,0.487,240.9,12506.0,40.84,0.025,0.285,9620.0,9620.0
sento_saiyan,tank,ancestral_bloodline,ancestral_outburst,m0,1,6.75,6.75,6.75,1.0,1.0,8.75,590.6,675.0,405.0,8.75,180.1,563.2,0.32,37.8,1313.1,1.95,0.004,0.077,9620.0,9620.0
sento_saiyan,tank,ancestral_bloodline,ancestral_outburst,m0,3,6.75,6.75,6.75,1.0,1.0,8.75,590.6,675.0,405.0,8.75,162.2,563.2,0.288,105.4,4064.5,6.02,0.011,0.139,9620.0,9620.0
sento_saiyan,tank,ancestral_bloodline,ancestral_outburst,m0,5,6.75,6.75,6.75,1.0,1.0,8.75,590.6,675.0,405.0,8.75,148.0,563.2,0.263,211.8,8441.6,12.51,0.022,0.232,9620.0,9620.0
sento_saiyan,tank,ancestral_bloodline,ancestral_outburst,m0,7,6.75,6.75,6.75,1.0,1.0,8.75,590.6,675.0,405.0,8.75,148.0,563.2,0.263,325.5,12506.0,18.53,0.034,0.294,9620.0,9620.0
sento_saiyan,tank,ancestral_bloodline,ancestral_outburst,m100,1,11.81,11.81,11.81,1.0,1.0,15.31,1033.6,1181.2,708.8,15.31,200.7,982.6,0.204,42.1,1313.1,1.11,0.004,0.083,9620.0,9620.0
sento_saiyan,tank,ancestral_bloodline,ancestral_outburst,m100,3,11.81,11.81,11.81,1.0,1.0,15.31,1033.6,1181.2,708.8,15.31,180.6,982.6,0.184,117.4,4064.5,3.44,0.012,0.149,9620.0,9620.0
sento_saiyan,tank,ancestral_bloodline,ancestral_outburst,m100,5,11.81,11.81,11.81,1.0,1.0,15.31,1033.6,1181.2,708.8,15.31,162.9,982.6,0.166,233.1,8441.6,7.15,0.024,0.249,9620.0,9620.0
sento_saiyan,tank,ancestral_bloodline,ancestral_outburst,m100,7,11.81,11.81,11.81,1.0,1.0,15.31,1033.6,1181.2,708.8,15.31,162.9,982.6,0.166,358.3,12506.0,10.59,0.037,0.315,9620.0,9620.0
sento_saiyan,tank,ancestral_bloodline,ancestral_rage,m0,1,8.0,9.0,1.0,9.0,1.0,10.0,700.0,900.0,60.0,10.0,189.6,718.2,0.264,39.8,1313.1,1.46,0.004,0.079,9620.0,9620.0
sento_saiyan,tank,ancestral_bloodline,ancestral_rage,m0,3,8.0,9.0,1.0,9.0,1.0,10.0,700.0,900.0,60.0,10.0,169.9,718.2,0.237,110.4,4064.5,4.52,0.011,0.142,9620.0,9620.0
sento_saiyan,tank,ancestral_bloodline,ancestral_rage,m0,5,8.0,9.0,1.0,9.0,1.0,10.0,700.0,900.0,60.0,10.0,154.2,718.2,0.215,220.6,8441.6,9.38,0.023,0.236,9620.0,9620.0
sento_saiyan,tank,ancestral_bloodline,ancestral_rage,m0,7,8.0,9.0,1.0,9.0,1.0,10.0,700.0,900.0,60.0,10.0,154.2,718.2,0.215,339.2,12506.0,13.9,0.035,0.299,9620.0,9620.0
sento_saiyan,tank,ancestral_bloodline,ancestral_rage,m100,1,14.0,15.75,1.0,15.75,1.0,17.5,1225.0,1575.0,60.0,17.5,207.5,1251.8,0.166,43.6,1313.1,0.83,0.005,0.084,9620.0,9620.0
sento_saiyan,tank,ancestral_bloodline,ancestral_rage,m100,3,14.0,15.75,1.0,15.75,1.0,17.5,1225.0,1575.0,60.0,17.5,187.8,1251.8,0.15,122.1,4064.5,2.58,0.013,0.152,9620.0,9620.0
sento_saiyan,tank,ancestral_bloodline,ancestral_rage,m100,5,14.0,15.75,1.0,15.75,1.0,17.5,1225.0,1575.0,60.0,17.5,168.7,1251.8,0.135,241.5,8441.6,5.36,0.025,0.253,9620.0,9620.0
sento_saiyan,tank,ancestral_bloodline,ancestral_rage,m100,7,14.0,15.75,1.0,15.75,1.0,17.5,1225.0,1575.0,60.0,17.5,168.7,1251.8,0.135,371.2,12506.0,7.94,0.039,0.321,9620.0,9620.0
sento_saiyan,tank,ancestral_bloodline,ancestral_truth,m0,1,14.75,7.5,14.75,3.0,1.0,14.75,1290.6,750.0,885.0,14.75,194.8,1051.1,0.185,40.9,1313.1,1.02,0.004,0.083,9620.0,9620.0
sento_saiyan,tank,ancestral_bloodline,ancestral_truth,m0,3,14.75,7.5,14.75,3.0,1.0,14.75,1290.6,750.0,885.0,14.75,174.1,1051.1,0.166,113.2,4064.5,3.15,0.012,0.149,9620.0,9620.0
sento_saiyan,tank,ancestral_bloodline,ancestral_truth,m0,5,14.75,7.5,14.75,3.0,1.0,14.75,1290.6,750.0,885.0,14.75,156.3,1051.1,0.149,223.7,8441.6,6.54,0.023,0.248,9620.0,9620.0
sento_saiyan,tank,ancestral_bloodline,ancestral_truth,m0,7,14.75,7.5,14.75,3.0,1.0,14.75,1290.6,750.0,885.0,14.75,156.3,1051.1,0.149,343.9,12506.0,9.69,0.036,0.314,9620.0,9620.0
sento_saiyan,tank,ancestral_bloodline,ancestral_truth,m100,1,25.81,13.12,25.81,5.25,1.0,25.81,2258.6,1312.5,1548.8,25.81,206.3,1839.5,0.112,43.3,1313.1,0.58,0.005,0.088,9620.0,9620.0
sento_saiyan,tank,ancestral_bloodline,ancestral_truth,m100,3,25.81,13.12,25.81,5.25,1.0,25.81,2258.6,1312.5,1548.8,25.81,190.9,1839.5,0.104,124.1,4064.5,1.8,0.013,0.159,9620.0,9620.0
sento_saiyan,tank,ancestral_bloodline,ancestral_truth,m100,5,25.81,13.12,25.81,5.25,1.0,25.81,2258.6,1312.5,1548.8,25.81,170.0,1839.5,0.092,243.2,8441.6,3.74,0.025,0.265,9620.0,9620.0
sento_saiyan,tank,ancestral_bloodline,ancestral_truth,m100,7,25.81,13.12,25.81,5.25,1.0,25.81,2258.6,1312.5,1548.8,25.81,170.0,1839.5,0.092,373.9,12506.0,5.54,0.039,0.336,9620.0,9620.0
sento_saiyan,tank,ancestral_bloodline,ancestral_justice,m0,1,20.0,20.0,25.0,3.0,1.5,25.0,1750.0,2000.0,1500.0,25.0,216.6,1702.8,0.127,45.5,1742.0,0.87,0.003,0.088,12761.8,14420.0
sento_saiyan,tank,ancestral_bloodline,ancestral_justice,m0,3,20.0,20.0,25.0,3.0,1.5,25.0,1750.0,2000.0,1500.0,25.0,200.4,1702.8,0.118,130.2,5391.9,2.7,0.009,0.158,12761.8,14420.0
sento_saiyan,tank,ancestral_bloodline,ancestral_justice,m0,5,20.0,20.0,25.0,3.0,1.5,25.0,1750.0,2000.0,1500.0,25.0,178.9,1702.8,0.105,256.0,11198.5,5.6,0.018,0.264,12761.8,14420.0
sento_saiyan,tank,ancestral_bloodline,ancestral_justice,m0,7,20.0,20.0,25.0,3.0,1.5,25.0,1750.0,2000.0,1500.0,25.0,178.9,1702.8,0.105,393.6,16590.4,8.3,0.027,0.335,12761.8,14420.0
sento_saiyan,tank,ancestral_bloodline,ancestral_justice,m100,1,40.0,40.0,50.0,6.0,3.0,50.0,3500.0,4000.0,3000.0,50.0,224.9,3405.6,0.066,47.2,2258.2,0.56,0.002,0.095,16543.4,28820.0
sento_saiyan,tank,ancestral_bloodline,ancestral_justice,m100,3,40.0,40.0,50.0,6.0,3.0,50.0,3500.0,4000.0,3000.0,50.0,219.4,3405.6,0.064,142.6,6989.6,1.75,0.005,0.171,16543.4,28820.0
sento_saiyan,tank,ancestral_bloodline,ancestral_justice,m100,5,40.0,40.0,50.0,6.0,3.0,50.0,3500.0,4000.0,3000.0,50.0,194.3,3405.6,0.057,278.1,14516.8,3.63,0.01,0.286,16543.4,28820.0
sento_saiyan,tank,ancestral_bloodline,ancestral_justice,m100,7,40.0,40.0,50.0,6.0,3.0,50.0,3500.0,4000.0,3000.0,50.0,194.3,3405.6,0.057,427.5,21506.4,5.38,0.015,0.362,16543.4,28820.0
sento_saiyan,tank,ancestral_divinity,primal_trancendance,m0,1,20.0,23.0,20.0,3.0,1.0,23.0,1750.0,2300.0,1200.0,23.0,225.0,1867.8,0.12,47.3,1313.1,0.57,0.005,0.087,9620.0,9620.0
sento_saiyan,tank,ancestral_divinity,primal_trancendance,m0,3,20.0,23.0,20.0,3.0,1.0,23.0,1750.0,2300.0,1200.0,23.0,206.5,1867.8,0.111,134.2,4064.5,1.77,0.014,0.157,9620.0,9620.0
sento_saiyan,tank,ancestral_divinity,primal_trancendance,m0,5,20.0,23.0,20.0,3.0,1.0,23.0,1750.0,2300.0,1200.0,23.0,183.9,1867.8,0.098,263.1,8441.6,3.67,0.027,0.262,9620.0,9620.0
sento_saiyan,tank,ancestral_divinity,primal_trancendance,m0,7,20.0,23.0,20.0,3.0,1.0,23.0,1750.0,2300.0,1200.0,23.0,183.9,1867.8,0.098,404.5,12506.0,5.44,0.042,0.331,9620.0,9620.0
sento_saiyan,tank,ancestral_divinity,primal_trancendance,m100,1,35.0,40.25,35.0,5.25,1.0,40.25,3062.5,4025.0,2100.0,40.25,232.9,3268.6,0.071,48.9,1313.1,0.33,0.005,0.093,9620.0,9620.0
sento_saiyan,tank,ancestral_divinity,primal_trancendance,m100,3,35.0,40.25,35.0,5.25,1.0,40.25,3062.5,4025.0,2100.0,40.25,222.9,3268.6,0.068,144.9,4064.5,1.01,0.015,0.167,9620.0,9620.0
sento_saiyan,tank,ancestral_divinity,primal_trancendance,m100,5,35.0,40.25,35.0,5.25,1.0,40.25,3062.5,4025.0,2100.0,40.25,197.2,3268.6,0.06,282.1,8441.6,2.1,0.029,0.279,9620.0,9620.0
sento_saiyan,tank,ancestral_divinity,primal_trancendance,m100,7,35.0,40.25,35.0,5.25,1.0,40.25,3062.5,4025.0,2100.0,40.25,197.2,3268.6,0.06,433.7,12506.0,3.11,0.045,0.353,9620.0,9620.0
sento_saiyan,tank,ancestral_divinity,primal_evolved,m0,1,32.0,32.0,32.0,4.0,2.0,38.0,2800.0,3200.0,1920.0,38.0,224.2,2667.2,0.084,47.1,1961.5,0.61,0.002,0.092,14370.1,19220.0
sento_saiyan,tank,ancestral_divinity,primal_evolved,m0,3,32.0,32.0,32.0,4.0,2.0,38.0,2800.0,3200.0,1920.0,38.0,213.8,2667.2,0.08,139.0,6071.4,1.9,0.007,0.166,14370.1,19220.0
sento_saiyan,tank,ancestral_divinity,primal_evolved,m0,5,32.0,32.0,32.0,4.0,2.0,38.0,2800.0,3200.0,1920.0,38.0,189.8,2667.2,0.071,271.6,12609.7,3.94,0.014,0.277,14370.1,19220.0
sento_saiyan,tank,ancestral_divinity,primal_evolved,m0,7,32.0,32.0,32.0,4.0,2.0,38.0,2800.0,3200.0,1920.0,38.0,189.8,2667.2,0.071,417.6,18681.1,5.84,0.022,0.351,14370.1,19220.0
sento_saiyan,tank,ancestral_divinity,primal_evolved,m100,1,48.0,48.0,48.0,6.0,3.0,57.0,4200.0,4800.0,2880.0,57.0,226.9,4000.8,0.057,47.6,2229.1,0.46,0.002,0.097,16330.1,28820.0
sento_saiyan,tank,ancestral_divinity,primal_evolved,m100,3,48.0,48.0,48.0,6.0,3.0,57.0,4200.0,4800.0,2880.0,57.0,223.8,4000.8,0.056,145.5,6899.5,1.44,0.005,0.174,16330.1,28820.0
sento_saiyan,tank,ancestral_divinity,primal_evolved,m100,5,48.0,48.0,48.0,6.0,3.0,57.0,4200.0,4800.0,2880.0,57.0,197.9,4000.8,0.049,283.2,14329.6,2.99,0.01,0.29,16330.1,28820.0
sento_saiyan,tank,ancestral_divinity,primal_evolved,m100,7,48.0,48.0,48.0,6.0,3.0,57.0,4200.0,4800.0,2880.0,57.0,197.9,4000.8,0.049,435.4,21229.1,4.42,0.015,0.367,16330.1,28820.0
sento_saiyan,tank,ancestral_hope,ancestral_hope,m0,1,1.0,1.0,1.0,1.0,1.0,1.0,87.5,100.0,60.0,1.0,86.9,86.9,1.0,18.2,1313.1,13.13,0.002,0.06,9620.0,9620.0
sento_saiyan,tank,ancestral_hope,ancestral_hope,m0,3,1.0,1.0,1.0,1.0,1.0,1.0,87.5,100.0,60.0,1.0,86.9,86.9,1.0,56.5,4064.5,40.64,0.006,0.099,9620.0,9620.0
sento_saiyan,tank,ancestral_hope,ancestral_hope,m0,5,1.0,1.0,1.0,1.0,1.0,1.0,87.5,100.0,60.0,1.0,86.9,86.9,1.0,117.3,8441.6,84.42,0.012,0.165,9620.0,9620.0
sento_saiyan,tank,ancestral_hope,ancestral_hope,m0,7,1.0,1.0,1.0,1.0,1.0,1.0,87.5,100.0,60.0,1.0,86.9,86.9,1.0,173.8,12506.0,125.06,0.018,0.209,9620.0,9620.0
sento_saiyan,tank,ancestral_hope,ancestral_hope,m100,1,1.0,1.0,1.0,1.0,1.0,1.0,87.5,100.0,60.0,1.0,86.9,86.9,1.0,18.2,1313.1,13.13,0.002,0.06,9620.0,9620.0
sento_saiyan,tank,ancestral_hope,ancestral_hope,m100,3,1.0,1.0,1.0,1.0,1.0,1.0,87.5,100.0,60.0,1.0,86.9,86.9,1.0,56.5,4064.5,40.64,0.006,0.099,9620.0,9620.0
sento_saiyan,tank,ancestral_hope,ancestral_hope,m100,5,1.0,1.0,1.0,1.0,1.0,1.0,87.5,100.0,60.0,1.0,86.9,86.9,1.0,117.3,8441.6,84.42,0.012,0.165,9620.0,9620.0
sento_saiyan,tank,ancestral_hope,ancestral_hope,m100,7,1.0,1.0,1.0,1.0,1.0,1.0,87.5,100.0,60.0,1.0,86.9,86.9,1.0,173.8,12506.0,125.06,0.018,0.209,9620.0,9620.0
sento_saiyan,tank,ancestral_hope,brilliant_2,m0,1,1.0,1.0,1.0,1.0,1.0,1.0,87.5,100.0,60.0,1.0,86.9,86.9,1.0,18.2,1313.1,13.13,0.002,0.06,9620.0,9620.0
sento_saiyan,tank,ancestral_hope,brilliant_2,m0,3,1.0,1.0,1.0,1.0,1.0,1.0,87.5,100.0,60.0,1.0,86.9,86.9,1.0,56.5,4064.5,40.64,0.006,0.099,9620.0,9620.0
sento_saiyan,tank,ancestral_hope,brilliant_2,m0,5,1.0,1.0,1.0,1.0,1.0,1.0,87.5,100.0,60.0,1.0,86.9,86.9,1.0,117.3,8441.6,84.42,0.012,0.165,9620.0,9620.0
sento_saiyan,tank,ancestral_hope,brilliant_2,m0,7,1.0,1.0,1.0,1.0,1.0,1.0,87.5,100.0,60.0,1.0,86.9,86.9,1.0,173.8,12506.0,125.06,0.018,0.209,9620.0,9620.0
sento_saiyan,tank,ancestral_hope,brilliant_2,m100,1,1.0,1.0,1.0,1.0,1.0,1.0,87.5,100.0,60.0,1.0,86.9,86.9,1.0,18.2,1313.1,13.13,0.002,0.06,9620.0,9620.0
sento_saiyan,tank,ancestral_hope,brilliant_2,m100,3,1.0,1.0,1.0,1.0,1.0,1.0,87.5,100.0,60.0,1.0,86.9,86.9,1.0,56.5,4064.5,40.64,0.006,0.099,9620.0,9620.0
sento_saiyan,tank,ancestral_hope,brilliant_2,m100,5,1.0,1.0,1.0,1.0,1.0,1.0,87.5,100.0,60.0,1.0,86.9,86.9,1.0,117.3,8441.6,84.42,0.012,0.165,9620.0,9620.0
sento_saiyan,tank,ancestral_hope,brilliant_2,m100,7,1.0,1.0,1.0,1.0,1.0,1.0,87.5,100.0,60.0,1.0,86.9,86.9,1.0,173.8,12506.0,125.06,0.018,0.209,9620.0,9620.0
sento_saiyan,tank,darkness_incarnate,ancestral_despair,m0,1,1.0,1.0,1.0,1.0,1.0,1.0,87.5,100.0,60.0,1.0,86.9,86.9,1.0,18.2,1313.1,13.13,0.002,0.06,9620.0,9620.0
sento_saiyan,tank,darkness_incarnate,ancestral_despair,m0,3,1.0,1.0,1.0,1.0,1.0,1.0,87.5,100.0,60.0,1.0,86.9,86.9,1.0,56.5,4064.5,40.64,0.006,0.099,9620.0,9620.0
sento_saiyan,tank,darkness_incarnate,ancestral_despair,m0,5,1.0,1.0,1.0,1.0,1.0,1.0,87.5,100.0,60.0,1.0,86.9,86.9,1.0,117.3,8441.6,84.42,0.012,0.165,9620.0,9620.0
sento_saiyan,tank,darkness_incarnate,ancestral_despair,m0,7,1.0,1.0,1.0,1.0,1.0,1.0,87.5,100.0,60.0,1.0,86.9,86.9,1.0,173.8,12506.0,125.06,0.018,0.209,9620.0,9620.0
sento_saiyan,tank,darkness_incarnate,ancestral_despair,m100,1,1.0,1.0,1.0,1.0,1.0,1.0,87.5,100.0,60.0,1.0,86.9,86.9,1.0,18.2,1313.1,13.13,0.002,0.06,9620.0,9620.0
sento_saiyan,tank,darkness_incarnate,ancestral_despair,m100,3,1.0,1.0,1.0,1.0,1.0,1.0,87.5,100.0,60.0,1.0,86.9,86.9,1.0,56.5,4064.5,40.64,0.006,0.099,9620.0,9620.0
sento_saiyan,tank,darkness_incarnate,ancestral_despair,m100,5,1.0,1.0,1.0,1.0,1.0,1.0,87.5,100.0,60.0,1.0,86.9,86.9,1.0,117.3,8441.6,84.42,0.012,0.165,9620.0,9620.0
sento_saiyan,tank,darkness_incarnate,ancestral_despair,m100,7,1.0,1.0,1.0,1.0,1.0,1.0,87.5,100.0,60.0,1.0,86.9,86.9,1.0,173.8,12506.0,125.06,0.018,0.209,9620.0,9620.0
sento_saiyan,tank,darkness_incarnate,ancestral_torment,m0,1,1.0,1.0,1.0,1.0,1.0,1.0,87.5,100.0,60.0,1.0,86.9,86.9,1.0,18.2,1313.1,13.13,0.002,0.06,9620.0,9620.0
sento_saiyan,tank,darkness_incarnate,ancestral_torment,m0,3,1.0,1.0,1.0,1.0,1.0,1.0,87.5,100.0,60.0,1.0,86.9,86.9,1.0,56.5,4064.5,40.64,0.006,0.099,9620.0,9620.0
sento_saiyan,tank,darkness_incarnate,ancestral_torment,m0,5,1.0,1.0,1.0,1.0,1.0,1.0,87.5,100.0,60.0,1.0,86.9,86.9,1.0,117.3,8441.6,84.42,0.012,0.165,9620.0,9620.0
sento_saiyan,tank,darkness_incarnate,ancestral_torment,m0,7,1.0,1.0,1.0,1.0,1.0,1.0,87.5,100.0,60.0,1.0,86.9,86.9,1.0,173.8,12506.0,125.06,0.018,0.209,9620.0,9620.0
sento_saiyan,tank,darkness_incarnate,ancestral_torment,m100,1,1.0,1.0,1.0,1.0,1.0,1.0,87.5,100.0,60.0,1.0,86.9,86.9,1.0,18.2,1313.1,13.13,0.002,0.06,9620.0,9620.0
sento_saiyan,tank,darkness_incarnate,ancestral_torment,m100,3,1.0,1.0,1.0,1.0,1.0,1.0,87.5,100.0,60.0,1.0,86.9,86.9,1.0,56.5,4064.5,40.64,0.006,0.099,9620.0,9620.0
sento_saiyan,tank,darkness_incarnate,ancestral_torment,m100,5,1.0,1.0,1.0,1.0,1.0,1.0,87.5,100.0,60.0,1.0,86.9,86.9,1.0,117.3,8441.6,84.42,0.012,0.165,9620.0,9620.0
sento_saiyan,tank,darkness_incarnate,ancestral_torment,m100,7,1.0,1.0,1.0,1.0,1.0,1.0,87.5,100.0,60.0,1.0,86.9,86.9,1.0,173.8,12506.0,125.06,0.018,0.209,9620.0,9620.0
viltrumite,cleric,base,Base,m0,1,1.0,1.0,1.0,1.0,1.0,1.0,50.0,75.0,640.0,1.0,462.8,462.8,1.0,37.2,84.6,0.13,0.06,0.06,620.0,620.0
viltrumite,cleric,base,Base,m0,3,1.0,1.0,1.0,1.0,1.0,1.0,50.0,75.0,640.0,1.0,462.8,462.8,1.0,61.4,261.9,0.41,0.099,0.099,620.0,620.0
viltrumite,cleric,base,Base,m0,5,1.0,1.0,1.0,1.0,1.0,1.0,50.0,75.0,640.0,1.0,462.8,462.8,1.0,102.3,544.1,0.85,0.165,0.165,620.0,620.0
viltrumite,cleric,base,Base,m0,7,1.0,1.0,1.0,1.0,1.0,1.0,50.0,75.0,640.0,1.0,462.8,462.8,1.0,129.6,806.0,1.26,0.209,0.209,620.0,620.0
viltrumite,cleric,androidforms,androidbase,m0,1,2.75,2.75,1.0,1.0,2.75,2.75,137.5,206.2,640.0,2.75,473.5,487.4,0.972,79.4,165.8,0.26,0.048,0.065,1214.9,1670.0
viltrumite,cleric,androidforms,androidbase,m0,3,2.75,2.75,1.0,1.0,2.75,2.75,137.5,206.2,640.0,2.75,476.7,487.4,0.978,140.4,504.1,0.79,0.084,0.118,1193.2,1670.0
viltrumite,cleric,androidforms,androidbase,m0,5,2.75,2.75,1.0,1.0,2.75,2.75,137.5,206.2,640.0,2.75,469.8,487.4,0.964,230.7,1031.8,1.61,0.138,0.196,1175.9,1670.0
viltrumite,cleric,androidforms,androidbase,m0,7,2.75,2.75,1.0,1.0,2.75,2.75,137.5,206.2,640.0,2.75,469.8,487.4,0.964,292.2,1528.6,2.39,0.175,0.248,1175.9,1670.0
viltrumite,cleric,androidforms,androidbase,m100,1,4.12,4.12,1.0,1.0,4.12,4.12,206.2,309.4,640.0,4.12,479.4,506.7,0.946,100.7,217.8,0.34,0.04,0.07,1595.6,2495.0
viltrumite,cleric,androidforms,androidbase,m100,3,4.12,4.12,1.0,1.0,4.12,4.12,206.2,309.4,640.0,4.12,484.3,506.7,0.956,195.3,659.2,1.03,0.078,0.125,1560.1,2495.0
viltrumite,cleric,androidforms,androidbase,m100,5,4.12,4.12,1.0,1.0,4.12,4.12,206.2,309.4,640.0,4.12,473.7,506.7,0.935,319.6,1344.3,2.1,0.128,0.209,1531.9,2495.0
viltrumite,cleric,androidforms,androidbase,m100,7,4.12,4.12,1.0,1.0,4.12,4.12,206.2,309.4,640.0,4.12,473.7,506.7,0.935,404.9,1991.5,3.11,0.162,0.264,1531.9,2495.0
viltrumite,cleric,androidforms,conquestjr,m0,1,6.95,6.95,1.0,1.0,2.75,6.95,347.5,521.2,640.0,6.95,479.2,546.4,0.877,90.6,165.0,0.26,0.054,0.075,1208.9,1670.0
viltrumite,cleric,androidforms,conquestjr,m0,3,6.95,6.95,1.0,1.0,2.75,6.95,347.5,521.2,640.0,6.95,476.0,546.4,0.871,160.1,501.8,0.78,0.096,0.135,1187.6,1670.0
viltrumite,cleric,androidforms,conquestjr,m0,5,6.95,6.95,1.0,1.0,2.75,6.95,347.5,521.2,640.0,6.95,473.5,546.4,0.867,263.0,1027.1,1.6,0.158,0.225,1170.5,1670.0
viltrumite,cleric,androidforms,conquestjr,m0,7,6.95,6.95,1.0,1.0,2.75,6.95,347.5,521.2,640.0,6.95,473.5,546.4,0.867,333.2,1521.6,2.38,0.2,0.285,1170.5,1670.0
viltrumite,cleric,androidforms,conquestjr,m100,1,10.43,10.43,1.0,1.0,4.12,10.43,521.2,781.9,640.0,10.43,482.2,673.3,0.716,101.3,202.1,0.26,0.041,0.079,1480.9,2495.0
viltrumite,cleric,androidforms,conquestjr,m100,3,10.43,10.43,1.0,1.0,4.12,10.43,521.2,781.9,640.0,10.43,478.5,673.3,0.711,210.8,625.7,0.8,0.084,0.142,1480.9,2495.0
viltrumite,cleric,androidforms,conquestjr,m100,5,10.43,10.43,1.0,1.0,4.12,10.43,521.2,781.9,640.0,10.43,475.5,673.3,0.706,347.9,1287.1,1.65,0.139,0.237,1466.7,2495.0
viltrumite,cleric,androidforms,conquestjr,m100,7,10.43,10.43,1.0,1.0,4.12,10.43,521.2,781.9,640.0,10.43,475.5,673.3,0.706,440.7,1906.8,2.44,0.177,0.3,1466.7,2495.0
viltrumite,cleric,androidforms,conquest,m0,1,15.1,15.1,1.0,1.0,2.75,15.1,755.0,1132.5,640.0,15.1,484.5,931.9,0.52,93.3,153.7,0.14,0.056,0.083,1126.3,1670.0
viltrumite,cleric,androidforms,conquest,m0,3,15.1,15.1,1.0,1.0,2.75,15.1,755.0,1132.5,640.0,15.1,480.6,931.9,0.516,168.0,475.9,0.42,0.101,0.149,1126.3,1670.0
viltrumite,cleric,androidforms,conquest,m0,5,15.1,15.1,1.0,1.0,2.75,15.1,755.0,1132.5,640.0,15.1,477.3,931.9,0.512,280.0,988.3,0.87,0.168,0.249,1126.3,1670.0
viltrumite,cleric,androidforms,conquest,m0,7,15.1,15.1,1.0,1.0,2.75,15.1,755.0,1132.5,640.0,15.1,477.3,931.9,0.512,354.7,1464.2,1.29,0.212,0.315,1126.3,1670.0
viltrumite,cleric,androidforms,conquest,m100,1,22.65,22.65,1.0,1.0,4.12,22.65,1132.5,1698.8,640.0,22.65,486.0,1349.5,0.36,102.1,180.0,0.11,0.041,0.087,1318.5,2495.0
viltrumite,cleric,androidforms,conquest,m100,3,22.65,22.65,1.0,1.0,4.12,22.65,1132.5,1698.8,640.0,22.65,482.8,1349.5,0.358,206.6,557.1,0.33,0.083,0.157,1318.5,2495.0
viltrumite,cleric,androidforms,conquest,m100,5,22.65,22.65,1.0,1.0,4.12,22.65,1132.5,1698.8,640.0,22.65,479.0,1349.5,0.355,344.3,1157.0,0.68,0.138,0.261,1318.5,2495.0
viltrumite,cleric,androidforms,conquest,m100,7,22.65,22.65,1.0,1.0,4.12,22.65,1132.5,1698.8,640.0,22.65,479.0,1349.5,0.355,436.1,1714.1,1.01,0.175,0.331,1318.5,2495.0
viltrumite,cleric,androidforms,conquestfull,m0,1,23.0,23.0,1.0,1.0,2.75,23.0,1150.0,1725.0,640.0,23.0,486.1,1368.9,0.355,94.6,148.0,0.09,0.057,0.087,1084.3,1670.0
viltrumite,cleric,androidforms,conquestfull,m0,3,23.0,23.0,1.0,1.0,2.75,23.0,1150.0,1725.0,640.0,23.0,482.9,1368.9,0.353,170.2,458.1,0.27,0.102,0.157,1084.3,1670.0
viltrumite,cleric,androidforms,conquestfull,m0,5,23.0,23.0,1.0,1.0,2.75,23.0,1150.0,1725.0,640.0,23.0,479.1,1368.9,0.35,283.7,951.5,0.55,0.17,0.262,1084.3,1670.0
viltrumite,cleric,androidforms,conquestfull,m0,7,23.0,23.0,1.0,1.0,2.75,23.0,1150.0,1725.0,640.0,23.0,479.1,1368.9,0.35,359.3,1409.6,0.82,0.215,0.331,1084.3,1670.0
viltrumite,cleric,androidforms,conquestfull,m100,1,34.5,34.5,1.0,1.0,4.12,34.5,1725.0,2587.5,640.0,34.5,487.0,2005.0,0.243,102.3,169.3,0.07,0.041,0.091,1240.4,2495.0
viltrumite,cleric,androidforms,conquestfull,m100,3,34.5,34.5,1.0,1.0,4.12,34.5,1725.0,2587.5,640.0,34.5,484.9,2005.0,0.242,204.0,524.1,0.2,0.082,0.164,1240.4,2495.0
viltrumite,cleric,androidforms,conquestfull,m100,5,34.5,34.5,1.0,1.0,4.12,34.5,1725.0,2587.5,640.0,34.5,480.7,2005.0,0.24,340.0,1088.5,0.42,0.136,0.274,1240.4,2495.0
viltrumite,cleric,androidforms,conquestfull,m100,7,34.5,34.5,1.0,1.0,4.12,34.5,1725.0,2587.5,640.0,34.5,480.7,2005.0,0.24,430.6,1612.5,0.62,0.173,0.347,1240.4,2495.0
viltrumite,cleric,superforms,viltrumiterage,m0,1,3.5,3.5,1.0,1.0,1.0,3.15,175.0,262.5,640.0,3.5,476.9,497.9,0.958,42.1,84.6,0.13,0.068,0.068,620.0,620.0
viltrumite,cleric,superforms,viltrumiterage,m0,3,3.5,3.5,1.0,1.0,1.0,3.15,175.0,262.5,640.0,3.5,480.9,497.9,0.966,75.7,261.9,0.41,0.122,0.122,620.0,620.0
viltrumite,cleric,superforms,viltrumiterage,m0,5,3.5,3.5,1.0,1.0,1.0,3.15,175.0,262.5,640.0,3.5,472.0,497.9,0.948,126.2,544.1,0.85,0.204,0.204,620.0,620.0
viltrumite,cleric,superforms,viltrumiterage,m0,7,3.5,3.5,1.0,1.0,1.0,3.15,175.0,262.5,640.0,3.5,472.0,497.9,0.948,159.9,806.0,1.26,0.258,0.258,620.0,620.0
viltrumite,cleric,superforms,viltrumiterage,m100,1,5.25,5.25,1.0,1.0,1.0,4.72,262.5,393.8,640.0,5.25,483.7,522.5,0.926,44.7,84.6,0.13,0.072,0.072,620.0,620.0
viltrumite,cleric,superforms,viltrumiterage,m100,3,5.25,5.25,1.0,1.0,1.0,4.72,262.5,393.8,640.0,5.25,489.8,522.5,0.937,80.4,261.9,0.41,0.13,0.13,620.0,620.0
viltrumite,cleric,superforms,viltrumiterage,m100,5,5.25,5.25,1.0,1.0,1.0,4.72,262.5,393.8,640.0,5.25,476.5,522.5,0.912,134.0,544.1,0.85,0.216,0.216,620.0,620.0
viltrumite,cleric,superforms,viltrumiterage,m100,7,5.25,5.25,1.0,1.0,1.0,4.72,262.5,393.8,640.0,5.25,476.5,522.5,0.912,169.7,806.0,1.26,0.274,0.274,620.0,620.0
viltrumite,cleric,superforms,viltrumitehero,m0,1,6.2,6.2,1.0,1.0,1.0,6.2,310.0,465.0,640.0,6.2,478.4,535.9,0.893,45.7,84.6,0.13,0.074,0.074,620.0,620.0
viltrumite,cleric,superforms,viltrumitehero,m0,3,6.2,6.2,1.0,1.0,1.0,6.2,310.0,465.0,640.0,6.2,475.4,535.9,0.887,82.3,261.9,0.41,0.133,0.133,620.0,620.0
viltrumite,cleric,superforms,viltrumitehero,m0,5,6.2,6.2,1.0,1.0,1.0,6.2,310.0,465.0,640.0,6.2,473.0,535.9,0.883,137.2,544.1,0.85,0.221,0.221,620.0,620.0
viltrumite,cleric,superforms,viltrumitehero,m0,7,6.2,6.2,1.0,1.0,1.0,6.2,310.0,465.0,640.0,6.2,473.0,535.9,0.883,173.7,806.0,1.26,0.28,0.28,620.0,620.0
viltrumite,cleric,superforms,viltrumitehero,m100,1,9.3,9.3,1.0,1.0,1.0,9.3,465.0,697.5,640.0,9.3,481.4,611.1,0.788,48.3,84.6,0.12,0.078,0.078,620.0,620.0
viltrumite,cleric,superforms,viltrumitehero,m100,3,9.3,9.3,1.0,1.0,1.0,9.3,465.0,697.5,640.0,9.3,477.8,611.1,0.782,86.9,261.9,0.38,0.14,0.14,620.0,620.0
viltrumite,cleric,superforms,viltrumitehero,m100,5,9.3,9.3,1.0,1.0,1.0,9.3,465.0,697.5,640.0,9.3,475.0,611.1,0.777,144.9,544.1,0.78,0.234,0.234,620.0,620.0
viltrumite,cleric,superforms,viltrumitehero,m100,7,9.3,9.3,1.0,1.0,1.0,9.3,465.0,697.5,640.0,9.3,475.0,611.1,0.777,183.5,806.0,1.16,0.296,0.296,620.0,620.0
viltrumite,cleric,superforms,aspectofviltrum,m0,1,9.3,9.3,1.0,1.0,1.0,8.65,465.0,697.5,640.0,9.3,481.4,611.1,0.788,48.3,84.6,0.12,0.078,0.078,620.0,620.0
viltrumite,cleric,superforms,aspectofviltrum,m0,3,9.3,9.3,1.0,1.0,1.0,8.65,465.0,697.5,640.0,9.3,477.8,611.1,0.782,86.9,261.9,0.38,0.14,0.14,620.0,620.0
viltrumite,cleric,superforms,aspectofviltrum,m0,5,9.3,9.3,1.0,1.0,1.0,8.65,465.0,697.5,640.0,9.3,475.0,611.1,0.777,144.9,544.1,0.78,0.234,0.234,620.0,620.0
viltrumite,cleric,superforms,aspectofviltrum,m0,7,9.3,9.3,1.0,1.0,1.0,8.65,465.0,697.5,640.0,9.3,475.0,611.1,0.777,183.5,806.0,1.16,0.296,0.296,620.0,620.0
viltrumite,cleric,superforms,aspectofviltrum,m100,1,13.95,13.95,1.0,1.0,1.0,12.98,697.5,1046.2,640.0,13.95,484.2,868.3,0.558,50.9,84.6,0.08,0.082,0.082,620.0,620.0
viltrumite,cleric,superforms,aspectofviltrum,m100,3,13.95,13.95,1.0,1.0,1.0,12.98,697.5,1046.2,640.0,13.95,480.2,868.3,0.553,91.6,261.9,0.25,0.148,0.148,620.0,620.0
viltrumite,cleric,superforms,aspectofviltrum,m100,5,13.95,13.95,1.0,1.0,1.0,12.98,697.5,1046.2,640.0,13.95,476.9,868.3,0.549,152.6,544.1,0.52,0.246,0.246,620.0,620.0
viltrumite,cleric,superforms,aspectofviltrum,m100,7,13.95,13.95,1.0,1.0,1.0,12.98,697.5,1046.2,640.0,13.95,476.9,868.3,0.549,193.3,806.0,0.77,0.312,0.312,620.0,620.0
viltrumite,cleric,superforms,omniman,m0,1,15.0,15.0,1.0,1.0,1.0,12.5,750.0,1125.0,640.0,15.0,484.5,926.4,0.523,51.3,84.6,0.08,0.083,0.083,620.0,620.0
viltrumite,cleric,superforms,omniman,m0,3,15.0,15.0,1.0,1.0,1.0,12.5,750.0,1125.0,640.0,15.0,480.6,926.4,0.519,92.4,261.9,0.23,0.149,0.149,620.0,620.0
viltrumite,cleric,superforms,omniman,m0,5,15.0,15.0,1.0,1.0,1.0,12.5,750.0,1125.0,640.0,15.0,477.2,926.4,0.515,154.0,544.1,0.48,0.248,0.248,620.0,620.0
viltrumite,cleric,superforms,omniman,m0,7,15.0,15.0,1.0,1.0,1.0,12.5,750.0,1125.0,640.0,15.0,477.2,926.4,0.515,195.1,806.0,0.72,0.315,0.315,620.0,620.0
viltrumite,cleric,superforms,omniman,m100,1,22.5,22.5,1.0,1.0,1.0,18.75,1125.0,1687.5,640.0,22.5,486.0,1341.2,0.362,53.9,84.6,0.05,0.087,0.087,620.0,620.0
viltrumite,cleric,superforms,omniman,m100,3,22.5,22.5,1.0,1.0,1.0,18.75,1125.0,1687.5,640.0,22.5,482.8,1341.2,0.36,97.1,261.9,0.16,0.157,0.157,620.0,620.0
viltrumite,cleric,superforms,omniman,m100,5,22.5,22.5,1.0,1.0,1.0,18.75,1125.0,1687.5,640.0,22.5,479.0,1341.2,0.357,161.8,544.1,0.32,0.261,0.261,620.0,620.0
viltrumite,cleric,superforms,omniman,m100,7,22.5,22.5,1.0,1.0,1.0,18.75,1125.0,1687.5,640.0,22.5,479.0,1341.2,0.357,204.9,806.0,0.48,0.33,0.33,620.0,620.0
viltrumite,warrior,base,Base,m0,1,1.0,1.0,1.0,1.0,1.0,1.0,1296.0,200.0,30.0,1.0,886.6,886.6,1.0,44.9,102.2,0.08,0.06,0.06,749.0,749.0
viltrumite,warrior,base,Base,m0,3,1.0,1.0,1.0,1.0,1.0,1.0,1296.0,200.0,30.0,1.0,886.6,886.6,1.0,74.2,316.5,0.24,0.099,0.099,749.0,749.0
viltrumite,warrior,base,Base,m0,5,1.0,1.0,1.0,1.0,1.0,1.0,1296.0,200.0,30.0,1.0,886.6,886.6,1.0,123.6,657.2,0.51,0.165,0.165,749.0,749.0
viltrumite,warrior,base,Base,m0,7,1.0,1.0,1.0,1.0,1.0,1.0,1296.0,200.0,30.0,1.0,886.6,886.6,1.0,156.5,973.7,0.75,0.209,0.209,749.0,749.0
viltrumite,warrior,androidforms,androidbase,m0,1,2.75,2.75,1.0,1.0,2.75,2.75,3564.0,550.0,30.0,2.75,1562.0,2428.6,0.643,96.3,201.1,0.06,0.048,0.065,1473.0,2024.8
viltrumite,warrior,androidforms,androidbase,m0,3,2.75,2.75,1.0,1.0,2.75,2.75,3564.0,550.0,30.0,2.75,1758.0,2428.6,0.724,170.3,611.2,0.17,0.084,0.118,1446.7,2024.8
viltrumite,warrior,androidforms,androidbase,m0,5,2.75,2.75,1.0,1.0,2.75,2.75,3564.0,550.0,30.0,2.75,1329.0,2428.6,0.547,279.7,1251.0,0.35,0.138,0.196,1425.7,2024.8
viltrumite,warrior,androidforms,androidbase,m0,7,2.75,2.75,1.0,1.0,2.75,2.75,3564.0,550.0,30.0,2.75,1329.0,2428.6,0.547,354.2,1853.4,0.52,0.175,0.248,1425.7,2024.8
viltrumite,warrior,androidforms,androidbase,m100,1,4.12,4.12,1.0,1.0,4.12,4.12,5346.0,825.0,30.0,4.12,1930.0,3640.1,0.53,134.6,264.3,0.05,0.044,0.07,1935.9,3027.1
viltrumite,warrior,androidforms,androidbase,m100,3,4.12,4.12,1.0,1.0,4.12,4.12,5346.0,825.0,30.0,4.12,2232.7,3640.1,0.613,237.0,799.7,0.15,0.078,0.125,1892.9,3027.1
viltrumite,warrior,androidforms,androidbase,m100,5,4.12,4.12,1.0,1.0,4.12,4.12,5346.0,825.0,30.0,4.12,1570.0,3640.1,0.431,387.8,1631.0,0.31,0.128,0.209,1858.7,3027.1
viltrumite,warrior,androidforms,androidbase,m100,7,4.12,4.12,1.0,1.0,4.12,4.12,5346.0,825.0,30.0,4.12,1570.0,3640.1,0.431,491.2,2416.2,0.45,0.162,0.264,1858.7,3027.1
viltrumite,warrior,androidforms,conquestjr,m0,1,6.95,6.95,1.0,1.0,2.75,6.95,9007.2,1390.0,30.0,6.95,1916.8,6129.2,0.313,109.8,200.1,0.02,0.054,0.075,1465.7,2024.8
viltrumite,warrior,androidforms,conquestjr,m0,3,6.95,6.95,1.0,1.0,2.75,6.95,9007.2,1390.0,30.0,6.95,1718.8,6129.2,0.28,194.2,608.4,0.07,0.096,0.135,1439.9,2024.8
viltrumite,warrior,androidforms,conquestjr,m0,5,6.95,6.95,1.0,1.0,2.75,6.95,9007.2,1390.0,30.0,6.95,1561.4,6129.2,0.255,318.9,1245.3,0.14,0.158,0.225,1419.1,2024.8
viltrumite,warrior,androidforms,conquestjr,m0,7,6.95,6.95,1.0,1.0,2.75,6.95,9007.2,1390.0,30.0,6.95,1561.4,6129.2,0.255,404.0,1844.9,0.2,0.2,0.285,1419.1,2024.8
viltrumite,warrior,androidforms,conquestjr,m100,1,10.43,10.43,1.0,1.0,4.12,10.43,13510.8,2085.0,30.0,10.43,2105.2,9191.0,0.229,142.1,245.3,0.02,0.047,0.079,1796.7,3027.1
viltrumite,warrior,androidforms,conquestjr,m100,3,10.43,10.43,1.0,1.0,4.12,10.43,13510.8,2085.0,30.0,10.43,1871.1,9191.0,0.204,255.7,759.1,0.06,0.084,0.142,1796.7,3027.1
viltrumite,warrior,androidforms,conquestjr,m100,5,10.43,10.43,1.0,1.0,4.12,10.43,13510.8,2085.0,30.0,10.43,1684.8,9191.0,0.183,422.1,1561.6,0.12,0.139,0.237,1779.6,3027.1
viltrumite,warrior,androidforms,conquestjr,m100,7,10.43,10.43,1.0,1.0,4.12,10.43,13510.8,2085.0,30.0,10.43,1684.8,9191.0,0.183,534.7,2313.4,0.17,0.177,0.3,1779.6,3027.1
viltrumite,warrior,androidforms,conquest,m0,1,15.1,15.1,1.0,1.0,2.75,15.1,19569.6,3020.0,30.0,15.1,2248.2,13310.1,0.169,113.2,186.4,0.01,0.056,0.083,1365.6,2024.8
viltrumite,warrior,androidforms,conquest,m0,3,15.1,15.1,1.0,1.0,2.75,15.1,19569.6,3020.0,30.0,15.1,2005.9,13310.1,0.151,203.7,577.0,0.03,0.101,0.149,1365.6,2024.8
viltrumite,warrior,androidforms,conquest,m0,5,15.1,15.1,1.0,1.0,2.75,15.1,19569.6,3020.0,30.0,15.1,1794.1,13310.1,0.135,339.5,1198.3,0.06,0.168,0.249,1365.6,2024.8
viltrumite,warrior,androidforms,conquest,m0,7,15.1,15.1,1.0,1.0,2.75,15.1,19569.6,3020.0,30.0,15.1,1794.1,13310.1,0.135,430.1,1775.2,0.09,0.212,0.315,1365.6,2024.8
viltrumite,warrior,androidforms,conquest,m100,1,22.65,22.65,1.0,1.0,4.12,22.65,29354.4,4530.0,30.0,22.65,2342.8,19962.5,0.117,139.2,218.4,0.01,0.046,0.087,1599.7,3027.1
viltrumite,warrior,androidforms,conquest,m100,3,22.65,22.65,1.0,1.0,4.12,22.65,29354.4,4530.0,30.0,22.65,2144.9,19962.5,0.107,250.6,675.9,0.02,0.083,0.157,1599.7,3027.1
viltrumite,warrior,androidforms,conquest,m100,5,22.65,22.65,1.0,1.0,4.12,22.65,29354.4,4530.0,30.0,22.65,1906.8,19962.5,0.096,417.7,1403.8,0.05,0.138,0.261,1599.7,3027.1
viltrumite,warrior,androidforms,conquest,m100,7,22.65,22.65,1.0,1.0,4.12,22.65,29354.4,4530.0,30.0,22.65,1906.8,19962.5,0.096,529.1,2079.6,0.07,0.175,0.331,1599.7,3027.1
viltrumite,warrior,androidforms,conquestfull,m0,1,23.0,23.0,1.0,1.0,2.75,23.0,29808.0,4600.0,30.0,23.0,2345.8,20270.8,0.116,114.6,179.5,0.01,0.057,0.087,1314.7,2024.8
viltrumite,warrior,androidforms,conquestfull,m0,3,23.0,23.0,1.0,1.0,2.75,23.0,29808.0,4600.0,30.0,23.0,2149.9,20270.8,0.106,206.3,555.4,0.02,0.102,0.157,1314.7,2024.8
viltrumite,warrior,androidforms,conquestfull,m0,5,23.0,23.0,1.0,1.0,2.75,23.0,29808.0,4600.0,30.0,23.0,1910.9,20270.8,0.094,343.9,1153.6,0.04,0.17,0.262,1314.7,2024.8
viltrumite,warrior,androidforms,conquestfull,m0,7,23.0,23.0,1.0,1.0,2.75,23.0,29808.0,4600.0,30.0,23.0,1910.9,20270.8,0.094,435.6,1709.1,0.06,0.215,0.331,1314.7,2024.8
viltrumite,warrior,androidforms,conquestfull,m100,1,34.5,34.5,1.0,1.0,4.12,34.5,44712.0,6900.0,30.0,34.5,2407.9,30403.5,0.079,137.5,205.4,0.0,0.045,0.091,1505.0,3027.1
viltrumite,warrior,androidforms,conquestfull,m100,3,34.5,34.5,1.0,1.0,4.12,34.5,44712.0,6900.0,30.0,34.5,2274.9,30403.5,0.075,247.5,635.8,0.01,0.082,0.164,1505.0,3027.1
viltrumite,warrior,androidforms,conquestfull,m100,5,34.5,34.5,1.0,1.0,4.12,34.5,44712.0,6900.0,30.0,34.5,2012.2,30403.5,0.066,412.5,1320.6,0.03,0.136,0.274,1505.0,3027.1
viltrumite,warrior,androidforms,conquestfull,m100,7,34.5,34.5,1.0,1.0,4.12,34.5,44712.0,6900.0,30.0,34.5,2012.2,30403.5,0.066,522.5,1956.5,0.04,0.173,0.347,1505.0,3027.1
viltrumite,warrior,superforms,viltrumiterage,m0,1,3.5,3.5,1.0,1.0,1.0,3.15,4536.0,700.0,30.0,3.5,1769.2,3089.4,0.573,50.8,132.8,0.03,0.068,0.068,749.0,749.0
viltrumite,warrior,superforms,viltrumiterage,m0,3,3.5,3.5,1.0,1.0,1.0,3.15,4536.0,700.0,30.0,3.5,2025.3,3089.4,0.656,91.5,385.1,0.08,0.122,0.122,749.0,749.0
viltrumite,warrior,superforms,viltrumiterage,m0,5,3.5,3.5,1.0,1.0,1.0,3.15,4536.0,700.0,30.0,3.5,1464.7,3089.4,0.474,152.5,657.2,0.14,0.204,0.204,749.0,749.0
viltrumite,warrior,superforms,viltrumiterage,m0,7,3.5,3.5,1.0,1.0,1.0,3.15,4536.0,700.0,30.0,3.5,1464.7,3089.4,0.474,193.2,973.7,0.21,0.258,0.258,749.0,749.0
viltrumite,warrior,superforms,viltrumiterage,m100,1,5.25,5.25,1.0,1.0,1.0,4.72,6804.0,1050.0,30.0,5.25,2200.6,4631.3,0.475,53.9,139.9,0.02,0.072,0.072,749.0,749.0
viltrumite,warrior,superforms,viltrumiterage,m100,3,5.25,5.25,1.0,1.0,1.0,4.72,6804.0,1050.0,30.0,5.25,2581.9,4631.3,0.557,97.1,433.0,0.06,0.13,0.13,749.0,749.0
viltrumite,warrior,superforms,viltrumiterage,m100,5,5.25,5.25,1.0,1.0,1.0,4.72,6804.0,1050.0,30.0,5.25,1747.3,4631.3,0.377,161.8,657.2,0.1,0.216,0.216,749.0,749.0
viltrumite,warrior,superforms,viltrumiterage,m100,7,5.25,5.25,1.0,1.0,1.0,4.72,6804.0,1050.0,30.0,5.25,1747.3,4631.3,0.377,205.0,973.7,0.14,0.274,0.274,749.0,749.0
viltrumite,warrior,superforms,viltrumitehero,m0,1,6.2,6.2,1.0,1.0,1.0,6.2,8035.2,1240.0,30.0,6.2,1863.2,5468.4,0.341,55.2,139.9,0.02,0.074,0.074,749.0,749.0
viltrumite,warrior,superforms,viltrumitehero,m0,3,6.2,6.2,1.0,1.0,1.0,6.2,8035.2,1240.0,30.0,6.2,1675.6,5468.4,0.306,99.4,318.6,0.04,0.133,0.133,749.0,749.0
viltrumite,warrior,superforms,viltrumitehero,m0,5,6.2,6.2,1.0,1.0,1.0,6.2,8035.2,1240.0,30.0,6.2,1526.3,5468.4,0.279,165.7,657.2,0.08,0.221,0.221,749.0,749.0
viltrumite,warrior,superforms,viltrumitehero,m0,7,6.2,6.2,1.0,1.0,1.0,6.2,8035.2,1240.0,30.0,6.2,1526.3,5468.4,0.279,209.9,973.7,0.12,0.28,0.28,749.0,749.0
viltrumite,warrior,superforms,viltrumitehero,m100,1,9.3,9.3,1.0,1.0,1.0,9.3,12052.8,1860.0,30.0,9.3,2052.6,8199.8,0.25,58.3,144.1,0.01,0.078,0.078,749.0,749.0
viltrumite,warrior,superforms,viltrumitehero,m100,3,9.3,9.3,1.0,1.0,1.0,9.3,12052.8,1860.0,30.0,9.3,1828.5,8199.8,0.223,105.0,347.7,0.03,0.14,0.14,749.0,749.0
viltrumite,warrior,superforms,viltrumitehero,m100,5,9.3,9.3,1.0,1.0,1.0,9.3,12052.8,1860.0,30.0,9.3,1650.3,8199.8,0.201,175.0,657.2,0.05,0.234,0.234,749.0,749.0
viltrumite,warrior,superforms,viltrumitehero,m100,7,9.3,9.3,1.0,1.0,1.0,9.3,12052.8,1860.0,30.0,9.3,1650.3,8199.8,0.201,221.7,973.7,0.08,0.296,0.296,749.0,749.0
viltrumite,warrior,superforms,aspectofviltrum,m0,1,9.3,9.3,1.0,1.0,1.0,8.65,12052.8,1860.0,30.0,9.3,2052.6,8199.8,0.25,58.3,144.1,0.01,0.078,0.078,749.0,749.0
viltrumite,warrior,superforms,aspectofviltrum,m0,3,9.3,9.3,1.0,1.0,1.0,8.65,12052.8,1860.0,30.0,9.3,1828.5,8199.8,0.223,105.0,347.7,0.03,0.14,0.14,749.0,749.0
viltrumite,warrior,superforms,aspectofviltrum,m0,5,9.3,9.3,1.0,1.0,1.0,8.65,12052.8,1860.0,30.0,9.3,1650.3,8199.8,0.201,175.0,657.2,0.05,0.234,0.234,749.0,749.0
viltrumite,warrior,superforms,aspectofviltrum,m0,7,9.3,9.3,1.0,1.0,1.0,8.65,12052.8,1860.0,30.0,9.3,1650.3,8199.8,0.201,221.7,973.7,0.08,0.296,0.296,749.0,749.0
viltrumite,warrior,superforms,aspectofviltrum,m100,1,13.95,13.95,1.0,1.0,1.0,12.98,18079.2,2790.0,30.0,13.95,2226.4,12296.9,0.181,61.5,147.0,0.01,0.082,0.082,749.0,749.0
viltrumite,warrior,superforms,aspectofviltrum,m100,3,13.95,13.95,1.0,1.0,1.0,12.98,18079.2,2790.0,30.0,13.95,1977.5,12296.9,0.161,110.6,376.0,0.02,0.148,0.148,749.0,749.0
viltrumite,warrior,superforms,aspectofviltrum,m100,5,13.95,13.95,1.0,1.0,1.0,12.98,18079.2,2790.0,30.0,13.95,1771.2,12296.9,0.144,184.4,657.2,0.04,0.246,0.246,749.0,749.0
viltrumite,warrior,superforms,aspectofviltrum,m100,7,13.95,13.95,1.0,1.0,1.0,12.98,18079.2,2790.0,30.0,13.95,1771.2,12296.9,0.144,233.6,973.7,0.05,0.312,0.312,749.0,749.0
viltrumite,warrior,superforms,omniman,m0,1,15.0,15.0,1.0,1.0,1.0,12.5,19440.0,3000.0,30.0,15.0,2246.4,13222.0,0.17,62.0,147.5,0.01,0.083,0.083,749.0,749.0
viltrumite,warrior,superforms,omniman,m0,3,15.0,15.0,1.0,1.0,1.0,12.5,19440.0,3000.0,30.0,15.0,2003.5,13222.0,0.152,111.6,380.9,0.02,0.149,0.149,749.0,749.0
viltrumite,warrior,superforms,omniman,m0,5,15.0,15.0,1.0,1.0,1.0,12.5,19440.0,3000.0,30.0,15.0,1792.2,13222.0,0.136,186.1,657.2,0.03,0.248,0.248,749.0,749.0
viltrumite,warrior,superforms,omniman,m0,7,15.0,15.0,1.0,1.0,1.0,12.5,19440.0,3000.0,30.0,15.0,1792.2,13222.0,0.136,235.7,973.7,0.05,0.315,0.315,749.0,749.0
viltrumite,warrior,superforms,omniman,m100,1,22.5,22.5,1.0,1.0,1.0,18.75,29160.0,4500.0,30.0,22.5,2341.5,19830.3,0.118,65.1,150.5,0.01,0.087,0.087,749.0,749.0
viltrumite,warrior,superforms,omniman,m100,3,22.5,22.5,1.0,1.0,1.0,18.75,29160.0,4500.0,30.0,22.5,2142.7,19830.3,0.108,117.3,407.4,0.01,0.157,0.157,749.0,749.0
viltrumite,warrior,superforms,omniman,m100,5,22.5,22.5,1.0,1.0,1.0,18.75,29160.0,4500.0,30.0,22.5,1905.0,19830.3,0.096,195.4,657.2,0.02,0.261,0.261,749.0,749.0
viltrumite,warrior,superforms,omniman,m100,7,22.5,22.5,1.0,1.0,1.0,18.75,29160.0,4500.0,30.0,22.5,1905.0,19830.3,0.096,247.5,973.7,0.03,0.33,0.33,749.0,749.0
viltrumite,berserker,base,Base,m0,1,1.0,1.0,1.0,1.0,1.0,1.0,1729.0,120.0,10.0,1.0,1161.6,1161.6,1.0,93.0,211.6,0.12,0.06,0.06,1550.0,1550.0
viltrumite,berserker,base,Base,m0,3,1.0,1.0,1.0,1.0,1.0,1.0,1729.0,120.0,10.0,1.0,1161.6,1161.6,1.0,153.5,654.9,0.38,0.099,0.099,1550.0,1550.0
viltrumite,berserker,base,Base,m0,5,1.0,1.0,1.0,1.0,1.0,1.0,1729.0,120.0,10.0,1.0,1161.6,1161.6,1.0,255.8,1360.1,0.79,0.165,0.165,1550.0,1550.0
viltrumite,berserker,base,Base,m0,7,1.0,1.0,1.0,1.0,1.0,1.0,1729.0,120.0,10.0,1.0,1161.6,1161.6,1.0,324.0,2015.0,1.17,0.209,0.209,1550.0,1550.0
viltrumite,berserker,androidforms,androidbase,m0,1,2.75,2.75,1.0,1.0,2.75,2.75,4754.8,330.0,10.0,2.75,2050.0,3189.8,0.643,201.1,419.8,0.09,0.048,0.065,3075.6,4227.5
viltrumite,berserker,androidforms,androidbase,m0,3,2.75,2.75,1.0,1.0,2.75,2.75,4754.8,330.0,10.0,2.75,2307.8,3189.8,0.723,355.5,1276.2,0.27,0.084,0.118,3020.5,4227.5
viltrumite,berserker,androidforms,androidbase,m0,5,2.75,2.75,1.0,1.0,2.75,2.75,4754.8,330.0,10.0,2.75,1743.5,3189.8,0.547,583.9,2612.0,0.55,0.138,0.196,2976.7,4227.5
viltrumite,berserker,androidforms,androidbase,m0,7,2.75,2.75,1.0,1.0,2.75,2.75,4754.8,330.0,10.0,2.75,1743.5,3189.8,0.547,739.6,3869.7,0.81,0.175,0.248,2976.7,4227.5
viltrumite,berserker,androidforms,androidbase,m100,1,4.12,4.12,1.0,1.0,4.12,4.12,7132.1,495.0,10.0,4.12,2533.9,4783.3,0.53,281.6,552.7,0.08,0.044,0.07,4049.0,6331.2
viltrumite,berserker,androidforms,androidbase,m100,3,4.12,4.12,1.0,1.0,4.12,4.12,7132.1,495.0,10.0,4.12,2932.2,4783.3,0.613,495.6,1672.7,0.23,0.078,0.125,3959.0,6331.2
viltrumite,berserker,androidforms,androidbase,m100,5,4.12,4.12,1.0,1.0,4.12,4.12,7132.1,495.0,10.0,4.12,2060.5,4783.3,0.431,811.1,3411.2,0.48,0.128,0.209,3887.4,6331.2
viltrumite,berserker,androidforms,androidbase,m100,7,4.12,4.12,1.0,1.0,4.12,4.12,7132.1,495.0,10.0,4.12,2060.5,4783.3,0.431,1027.4,5053.6,0.71,0.162,0.264,3887.4,6331.2
viltrumite,berserker,androidforms,conquestjr,m0,1,6.95,6.95,1.0,1.0,2.75,6.95,12016.6,834.0,10.0,6.95,2516.6,8057.4,0.312,229.2,417.7,0.03,0.054,0.075,3060.2,4227.5
viltrumite,berserker,androidforms,conquestjr,m0,3,6.95,6.95,1.0,1.0,2.75,6.95,12016.6,834.0,10.0,6.95,2256.2,8057.4,0.28,405.4,1270.2,0.11,0.096,0.135,3006.4,4227.5
viltrumite,berserker,androidforms,conquestjr,m0,5,6.95,6.95,1.0,1.0,2.75,6.95,12016.6,834.0,10.0,6.95,2049.1,8057.4,0.254,665.9,2600.1,0.22,0.158,0.225,2963.0,4227.5
viltrumite,berserker,androidforms,conquestjr,m0,7,6.95,6.95,1.0,1.0,2.75,6.95,12016.6,834.0,10.0,6.95,2049.1,8057.4,0.254,843.4,3851.9,0.32,0.2,0.285,2963.0,4227.5
viltrumite,berserker,androidforms,conquestjr,m100,1,10.43,10.43,1.0,1.0,4.12,10.43,18024.8,1251.0,10.0,10.43,2764.4,12084.8,0.229,297.1,512.9,0.03,0.047,0.079,3757.8,6331.2
viltrumite,berserker,androidforms,conquestjr,m100,3,10.43,10.43,1.0,1.0,4.12,10.43,18024.8,1251.0,10.0,10.43,2456.4,12084.8,0.203,534.9,1587.7,0.09,0.084,0.142,3757.8,6331.2
viltrumite,berserker,androidforms,conquestjr,m100,5,10.43,10.43,1.0,1.0,4.12,10.43,18024.8,1251.0,10.0,10.43,2211.5,12084.8,0.183,882.9,3266.0,0.18,0.139,0.237,3722.0,6331.2
viltrumite,berserker,androidforms,conquestjr,m100,7,10.43,10.43,1.0,1.0,4.12,10.43,18024.8,1251.0,10.0,10.43,2211.5,12084.8,0.183,1118.4,4838.6,0.27,0.177,0.3,3722.0,6331.2
viltrumite,berserker,androidforms,conquest,m0,1,15.1,15.1,1.0,1.0,2.75,15.1,26107.9,1812.0,10.0,15.1,2952.5,17502.9,0.169,236.3,389.2,0.01,0.056,0.083,2851.2,4227.5
viltrumite,berserker,androidforms,conquest,m0,3,15.1,15.1,1.0,1.0,2.75,15.1,26107.9,1812.0,10.0,15.1,2633.8,17502.9,0.15,425.3,1204.6,0.05,0.101,0.149,2851.2,4227.5
viltrumite,berserker,androidforms,conquest,m0,5,15.1,15.1,1.0,1.0,2.75,15.1,26107.9,1812.0,10.0,15.1,2355.2,17502.9,0.135,708.9,2501.9,0.1,0.168,0.249,2851.2,4227.5
viltrumite,berserker,androidforms,conquest,m0,7,15.1,15.1,1.0,1.0,2.75,15.1,26107.9,1812.0,10.0,15.1,2355.2,17502.9,0.135,897.9,3706.5,0.14,0.212,0.315,2851.2,4227.5
viltrumite,berserker,androidforms,conquest,m100,1,22.65,22.65,1.0,1.0,4.12,22.65,39161.8,2718.0,10.0,22.65,3076.9,26253.1,0.117,291.2,456.7,0.01,0.046,0.087,3345.8,6331.2
viltrumite,berserker,androidforms,conquest,m100,3,22.65,22.65,1.0,1.0,4.12,22.65,39161.8,2718.0,10.0,22.65,2816.6,26253.1,0.107,524.2,1413.6,0.04,0.083,0.157,3345.8,6331.2
viltrumite,berserker,androidforms,conquest,m100,5,22.65,22.65,1.0,1.0,4.12,22.65,39161.8,2718.0,10.0,22.65,2503.5,26253.1,0.095,873.7,2936.0,0.07,0.138,0.261,3345.8,6331.2
viltrumite,berserker,androidforms,conquest,m100,7,22.65,22.65,1.0,1.0,4.12,22.65,39161.8,2718.0,10.0,22.65,2503.5,26253.1,0.095,1106.7,4349.6,0.11,0.175,0.331,3345.8,6331.2
viltrumite,berserker,androidforms,conquestfull,m0,1,23.0,23.0,1.0,1.0,2.75,23.0,39767.0,2760.0,10.0,23.0,3080.8,26658.7,0.116,239.4,374.7,0.01,0.057,0.087,2744.9,4227.5
viltrumite,berserker,androidforms,conquestfull,m0,3,23.0,23.0,1.0,1.0,2.75,23.0,39767.0,2760.0,10.0,23.0,2823.2,26658.7,0.106,430.8,1159.7,0.03,0.102,0.157,2744.9,4227.5
viltrumite,berserker,androidforms,conquestfull,m0,5,23.0,23.0,1.0,1.0,2.75,23.0,39767.0,2760.0,10.0,23.0,2508.8,26658.7,0.094,718.1,2408.7,0.06,0.17,0.262,2744.9,4227.5
viltrumite,berserker,androidforms,conquestfull,m0,7,23.0,23.0,1.0,1.0,2.75,23.0,39767.0,2760.0,10.0,23.0,2508.8,26658.7,0.094,909.5,3568.4,0.09,0.215,0.331,2744.9,4227.5
viltrumite,berserker,androidforms,conquestfull,m100,1,34.5,34.5,1.0,1.0,4.12,34.5,59650.5,4140.0,10.0,34.5,3162.6,39986.8,0.079,287.6,429.7,0.01,0.045,0.091,3147.6,6331.2
viltrumite,berserker,androidforms,conquestfull,m100,3,34.5,34.5,1.0,1.0,4.12,34.5,59650.5,4140.0,10.0,34.5,2987.6,39986.8,0.075,517.6,1329.9,0.02,0.082,0.164,3147.6,6331.2
viltrumite,berserker,androidforms,conquestfull,m100,5,34.5,34.5,1.0,1.0,4.12,34.5,59650.5,4140.0,10.0,34.5,2642.1,39986.8,0.066,862.7,2762.1,0.05,0.136,0.274,3147.6,6331.2
viltrumite,berserker,androidforms,conquestfull,m100,7,34.5,34.5,1.0,1.0,4.12,34.5,59650.5,4140.0,10.0,34.5,2642.1,39986.8,0.066,1092.8,4091.9,0.07,0.173,0.347,3147.6,6331.2
viltrumite,berserker,superforms,viltrumiterage,m0,1,3.5,3.5,1.0,1.0,1.0,3.15,6051.5,420.0,10.0,3.5,2322.4,4059.0,0.572,105.2,211.6,0.03,0.068,0.068,1550.0,1550.0
viltrumite,berserker,superforms,viltrumiterage,m0,3,3.5,3.5,1.0,1.0,1.0,3.15,6051.5,420.0,10.0,3.5,2659.3,4059.0,0.655,189.3,654.9,0.11,0.122,0.122,1550.0,1550.0
viltrumite,berserker,superforms,viltrumiterage,m0,5,3.5,3.5,1.0,1.0,1.0,3.15,6051.5,420.0,10.0,3.5,1922.0,4059.0,0.474,315.6,1360.1,0.22,0.204,0.204,1550.0,1550.0
viltrumite,berserker,superforms,viltrumiterage,m0,7,3.5,3.5,1.0,1.0,1.0,3.15,6051.5,420.0,10.0,3.5,1922.0,4059.0,0.474,399.7,2015.0,0.33,0.258,0.258,1550.0,1550.0
viltrumite,berserker,superforms,viltrumiterage,m100,1,5.25,5.25,1.0,1.0,1.0,4.72,9077.2,630.0,10.0,5.25,2889.9,6087.2,0.475,111.6,217.0,0.02,0.072,0.072,1550.0,1550.0
viltrumite,berserker,superforms,viltrumiterage,m100,3,5.25,5.25,1.0,1.0,1.0,4.72,9077.2,630.0,10.0,5.25,3391.4,6087.2,0.557,201.0,654.9,0.07,0.13,0.13,1550.0,1550.0
viltrumite,berserker,superforms,viltrumiterage,m100,5,5.25,5.25,1.0,1.0,1.0,4.72,9077.2,630.0,10.0,5.25,2293.6,6087.2,0.377,334.9,1360.1,0.15,0.216,0.216,1550.0,1550.0
viltrumite,berserker,superforms,viltrumiterage,m100,7,5.25,5.25,1.0,1.0,1.0,4.72,9077.2,630.0,10.0,5.25,2293.6,6087.2,0.377,424.2,2015.0,0.22,0.274,0.274,1550.0,1550.0
viltrumite,berserker,superforms,viltrumitehero,m0,1,6.2,6.2,1.0,1.0,1.0,6.2,10719.8,744.0,10.0,6.2,2446.1,7188.2,0.34,114.3,211.6,0.02,0.074,0.074,1550.0,1550.0
viltrumite,berserker,superforms,viltrumitehero,m0,3,6.2,6.2,1.0,1.0,1.0,6.2,10719.8,744.0,10.0,6.2,2199.3,7188.2,0.306,205.7,654.9,0.06,0.133,0.133,1550.0,1550.0
viltrumite,berserker,superforms,viltrumitehero,m0,5,6.2,6.2,1.0,1.0,1.0,6.2,10719.8,744.0,10.0,6.2,2003.0,7188.2,0.279,342.9,1360.1,0.13,0.221,0.221,1550.0,1550.0
viltrumite,berserker,superforms,viltrumitehero,m0,7,6.2,6.2,1.0,1.0,1.0,6.2,10719.8,744.0,10.0,6.2,2003.0,7188.2,0.279,434.3,2015.0,0.19,0.28,0.28,1550.0,1550.0
viltrumite,berserker,superforms,viltrumitehero,m100,1,9.3,9.3,1.0,1.0,1.0,9.3,16079.7,1116.0,10.0,9.3,2695.2,10781.0,0.25,120.7,211.6,0.01,0.078,0.078,1550.0,1550.0
viltrumite,berserker,superforms,viltrumitehero,m100,3,9.3,9.3,1.0,1.0,1.0,9.3,16079.7,1116.0,10.0,9.3,2400.5,10781.0,0.223,217.3,654.9,0.04,0.14,0.14,1550.0,1550.0
viltrumite,berserker,superforms,viltrumitehero,m100,5,9.3,9.3,1.0,1.0,1.0,9.3,16079.7,1116.0,10.0,9.3,2166.1,10781.0,0.201,362.2,1360.1,0.08,0.234,0.234,1550.0,1550.0
viltrumite,berserker,superforms,viltrumitehero,m100,7,9.3,9.3,1.0,1.0,1.0,9.3,16079.7,1116.0,10.0,9.3,2166.1,10781.0,0.201,458.8,2015.0,0.13,0.296,0.296,1550.0,1550.0
viltrumite,berserker,superforms,aspectofviltrum,m0,1,9.3,9.3,1.0,1.0,1.0,8.65,16079.7,1116.0,10.0,9.3,2695.2,10781.0,0.25,120.7,211.6,0.01,0.078,0.078,1550.0,1550.0
viltrumite,berserker,superforms,aspectofviltrum,m0,3,9.3,9.3,1.0,1.0,1.0,8.65,16079.7,1116.0,10.0,9.3,2400.5,10781.0,0.223,217.3,654.9,0.04,0.14,0.14,1550.0,1550.0
viltrumite,berserker,superforms,aspectofviltrum,m0,5,9.3,9.3,1.0,1.0,1.0,8.65,16079.7,1116.0,10.0,9.3,2166.1,10781.0,0.201,362.2,1360.1,0.08,0.234,0.234,1550.0,1550.0
viltrumite,berserker,superforms,aspectofviltrum,m0,7,9.3,9.3,1.0,1.0,1.0,8.65,16079.7,1116.0,10.0,9.3,2166.1,10781.0,0.201,458.8,2015.0,0.13,0.296,0.296,1550.0,1550.0
viltrumite,berserker,superforms,aspectofviltrum,m100,1,13.95,13.95,1.0,1.0,1.0,12.98,24119.6,1674.0,10.0,13.95,2923.8,16170.1,0.181,127.2,219.5,0.01,0.082,0.082,1550.0,1550.0
viltrumite,berserker,superforms,aspectofviltrum,m100,3,13.95,13.95,1.0,1.0,1.0,12.98,24119.6,1674.0,10.0,13.95,2596.5,16170.1,0.161,229.0,654.9,0.03,0.148,0.148,1550.0,1550.0
viltrumite,berserker,superforms,aspectofviltrum,m100,5,13.95,13.95,1.0,1.0,1.0,12.98,24119.6,1674.0,10.0,13.95,2325.0,16170.1,0.144,381.6,1360.1,0.06,0.246,0.246,1550.0,1550.0
viltrumite,berserker,superforms,aspectofviltrum,m100,7,13.95,13.95,1.0,1.0,1.0,12.98,24119.6,1674.0,10.0,13.95,2325.0,16170.1,0.144,483.4,2015.0,0.08,0.312,0.312,1550.0,1550.0
viltrumite,berserker,superforms,omniman,m0,1,15.0,15.0,1.0,1.0,1.0,12.5,25935.0,1800.0,10.0,15.0,2950.2,17387.0,0.17,128.4,221.5,0.01,0.083,0.083,1550.0,1550.0
viltrumite,berserker,superforms,omniman,m0,3,15.0,15.0,1.0,1.0,1.0,12.5,25935.0,1800.0,10.0,15.0,2630.6,17387.0,0.151,231.0,654.9,0.03,0.149,0.149,1550.0,1550.0
viltrumite,berserker,superforms,omniman,m0,5,15.0,15.0,1.0,1.0,1.0,12.5,25935.0,1800.0,10.0,15.0,2352.7,17387.0,0.135,385.1,1360.1,0.05,0.248,0.248,1550.0,1550.0
viltrumite,berserker,superforms,omniman,m0,7,15.0,15.0,1.0,1.0,1.0,12.5,25935.0,1800.0,10.0,15.0,2352.7,17387.0,0.135,487.7,2015.0,0.08,0.315,0.315,1550.0,1550.0
viltrumite,berserker,superforms,omniman,m100,1,22.5,22.5,1.0,1.0,1.0,18.75,38902.5,2700.0,10.0,22.5,3075.2,26079.3,0.118,134.8,230.9,0.01,0.087,0.087,1550.0,1550.0
viltrumite,berserker,superforms,omniman,m100,3,22.5,22.5,1.0,1.0,1.0,18.75,38902.5,2700.0,10.0,22.5,2813.7,26079.3,0.108,242.7,654.9,0.02,0.157,0.157,1550.0,1550.0
viltrumite,berserker,superforms,omniman,m100,5,22.5,22.5,1.0,1.0,1.0,18.75,38902.5,2700.0,10.0,22.5,2501.1,26079.3,0.096,404.4,1360.1,0.03,0.261,0.261,1550.0,1550.0
viltrumite,berserker,superforms,omniman,m100,7,22.5,22.5,1.0,1.0,1.0,18.75,38902.5,2700.0,10.0,22.5,2501.1,26079.3,0.096,512.3,2015.0,0.05,0.33,0.33,1550.0,1550.0
viltrumite,spiritualist,base,Base,m0,1,1.0,1.0,1.0,1.0,1.0,1.0,45.0,100.0,1729.0,1.0,1188.7,1188.7,1.0,30.6,69.6,0.04,0.06,0.06,510.0,510.0
viltrumite,spiritualist,base,Base,m0,3,1.0,1.0,1.0,1.0,1.0,1.0,45.0,100.0,1729.0,1.0,1188.7,1188.7,1.0,50.5,215.5,0.12,0.099,0.099,510.0,510.0
viltrumite,spiritualist,base,Base,m0,5,1.0,1.0,1.0,1.0,1.0,1.0,45.0,100.0,1729.0,1.0,1188.7,1188.7,1.0,84.1,447.5,0.26,0.165,0.165,510.0,510.0
viltrumite,spiritualist,base,Base,m0,7,1.0,1.0,1.0,1.0,1.0,1.0,45.0,100.0,1729.0,1.0,1188.7,1188.7,1.0,106.6,663.0,0.38,0.209,0.209,510.0,510.0
viltrumite,spiritualist,androidforms,androidbase,m0,1,2.75,2.75,1.0,1.0,2.75,2.75,123.8,275.0,1729.0,2.75,1201.3,1217.3,0.987,65.1,135.8,0.08,0.048,0.065,994.9,1367.5
viltrumite,spiritualist,androidforms,androidbase,m0,3,2.75,2.75,1.0,1.0,2.75,2.75,123.8,275.0,1729.0,2.75,1204.9,1217.3,0.99,115.0,412.8,0.24,0.084,0.118,977.1,1367.5
viltrumite,spiritualist,androidforms,androidbase,m0,5,2.75,2.75,1.0,1.0,2.75,2.75,123.8,275.0,1729.0,2.75,1196.9,1217.3,0.983,188.9,844.9,0.49,0.138,0.196,962.9,1367.5
viltrumite,spiritualist,androidforms,androidbase,m0,7,2.75,2.75,1.0,1.0,2.75,2.75,123.8,275.0,1729.0,2.75,1196.9,1217.3,0.983,239.3,1251.8,0.72,0.175,0.248,962.9,1367.5
viltrumite,spiritualist,androidforms,androidbase,m100,1,4.12,4.12,1.0,1.0,4.12,4.12,185.6,412.5,1729.0,4.12,1208.1,1239.7,0.974,90.8,178.2,0.1,0.044,0.07,1305.4,2041.2
viltrumite,spiritualist,androidforms,androidbase,m100,3,4.12,4.12,1.0,1.0,4.12,4.12,185.6,412.5,1729.0,4.12,1213.7,1239.7,0.979,159.8,539.3,0.31,0.078,0.125,1276.4,2041.2
viltrumite,spiritualist,androidforms,androidbase,m100,5,4.12,4.12,1.0,1.0,4.12,4.12,185.6,412.5,1729.0,4.12,1201.4,1239.7,0.969,261.5,1099.8,0.64,0.128,0.209,1253.3,2041.2
viltrumite,spiritualist,androidforms,androidbase,m100,7,4.12,4.12,1.0,1.0,4.12,4.12,185.6,412.5,1729.0,4.12,1201.4,1239.7,0.969,331.3,1629.3,0.94,0.162,0.264,1253.3,2041.2
viltrumite,spiritualist,androidforms,conquestjr,m0,1,6.95,6.95,1.0,1.0,2.75,6.95,312.8,695.0,1729.0,6.95,1207.8,1285.8,0.939,74.2,135.1,0.08,0.054,0.075,989.9,1367.5
viltrumite,spiritualist,androidforms,conquestjr,m0,3,6.95,6.95,1.0,1.0,2.75,6.95,312.8,695.0,1729.0,6.95,1204.2,1285.8,0.936,131.1,410.9,0.24,0.096,0.135,972.5,1367.5
viltrumite,spiritualist,androidforms,conquestjr,m0,5,6.95,6.95,1.0,1.0,2.75,6.95,312.8,695.0,1729.0,6.95,1201.2,1285.8,0.934,215.4,841.1,0.49,0.158,0.225,958.5,1367.5
viltrumite,spiritualist,androidforms,conquestjr,m0,7,6.95,6.95,1.0,1.0,2.75,6.95,312.8,695.0,1729.0,6.95,1201.2,1285.8,0.934,272.8,1246.0,0.72,0.2,0.285,958.5,1367.5
viltrumite,spiritualist,androidforms,conquestjr,m100,1,10.43,10.43,1.0,1.0,4.12,10.43,469.1,1042.5,1729.0,10.43,1211.3,1342.5,0.902,95.8,165.4,0.1,0.047,0.079,1211.6,2041.2
viltrumite,spiritualist,androidforms,conquestjr,m100,3,10.43,10.43,1.0,1.0,4.12,10.43,469.1,1042.5,1729.0,10.43,1207.0,1342.5,0.899,172.4,511.9,0.3,0.084,0.142,1211.6,2041.2
viltrumite,spiritualist,androidforms,conquestjr,m100,5,10.43,10.43,1.0,1.0,4.12,10.43,469.1,1042.5,1729.0,10.43,1203.5,1342.5,0.896,284.7,1053.0,0.61,0.139,0.237,1200.0,2041.2
viltrumite,spiritualist,androidforms,conquestjr,m100,7,10.43,10.43,1.0,1.0,4.12,10.43,469.1,1042.5,1729.0,10.43,1203.5,1342.5,0.896,360.6,1560.0,0.9,0.177,0.3,1200.0,2041.2
viltrumite,spiritualist,androidforms,conquest,m0,1,15.1,15.1,1.0,1.0,2.75,15.1,679.5,1510.0,1729.0,15.1,1214.0,1418.8,0.856,76.4,125.9,0.07,0.056,0.083,922.3,1367.5
viltrumite,spiritualist,androidforms,conquest,m0,3,15.1,15.1,1.0,1.0,2.75,15.1,679.5,1510.0,1729.0,15.1,1209.5,1418.8,0.852,137.6,389.7,0.23,0.101,0.149,922.3,1367.5
viltrumite,spiritualist,androidforms,conquest,m0,5,15.1,15.1,1.0,1.0,2.75,15.1,679.5,1510.0,1729.0,15.1,1205.5,1418.8,0.85,229.3,809.3,0.47,0.168,0.249,922.3,1367.5
viltrumite,spiritualist,androidforms,conquest,m0,7,15.1,15.1,1.0,1.0,2.75,15.1,679.5,1510.0,1729.0,15.1,1205.5,1418.8,0.85,290.5,1199.0,0.69,0.212,0.315,922.3,1367.5
viltrumite,spiritualist,androidforms,conquest,m100,1,22.65,22.65,1.0,1.0,4.12,22.65,1019.2,2265.0,1729.0,22.65,1215.7,1836.7,0.662,93.9,147.2,0.07,0.046,0.087,1078.7,2041.2
viltrumite,spiritualist,androidforms,conquest,m100,3,22.65,22.65,1.0,1.0,4.12,22.65,1019.2,2265.0,1729.0,22.65,1212.0,1836.7,0.66,169.0,455.8,0.2,0.083,0.157,1078.7,2041.2
viltrumite,spiritualist,androidforms,conquest,m100,5,22.65,22.65,1.0,1.0,4.12,22.65,1019.2,2265.0,1729.0,22.65,1207.6,1836.7,0.657,281.7,946.6,0.42,0.138,0.261,1078.7,2041.2
viltrumite,spiritualist,androidforms,conquest,m100,7,22.65,22.65,1.0,1.0,4.12,22.65,1019.2,2265.0,1729.0,22.65,1207.6,1836.7,0.657,356.8,1402.3,0.62,0.175,0.331,1078.7,2041.2
viltrumite,spiritualist,androidforms,conquestfull,m0,1,23.0,23.0,1.0,1.0,2.75,23.0,1035.0,2300.0,1729.0,23.0,1215.8,1861.7,0.653,77.4,121.2,0.05,0.057,0.087,887.9,1367.5
viltrumite,spiritualist,androidforms,conquestfull,m0,3,23.0,23.0,1.0,1.0,2.75,23.0,1035.0,2300.0,1729.0,23.0,1212.1,1861.7,0.651,139.4,375.1,0.16,0.102,0.157,887.9,1367.5
viltrumite,spiritualist,androidforms,conquestfull,m0,5,23.0,23.0,1.0,1.0,2.75,23.0,1035.0,2300.0,1729.0,23.0,1207.7,1861.7,0.649,232.3,779.2,0.34,0.17,0.262,887.9,1367.5
viltrumite,spiritualist,androidforms,conquestfull,m0,7,23.0,23.0,1.0,1.0,2.75,23.0,1035.0,2300.0,1729.0,23.0,1207.7,1861.7,0.649,294.2,1154.3,0.5,0.215,0.331,887.9,1367.5
viltrumite,spiritualist,androidforms,conquestfull,m100,1,34.5,34.5,1.0,1.0,4.12,34.5,1552.5,3450.0,1729.0,34.5,1216.9,2681.8,0.454,92.7,138.5,0.04,0.045,0.091,1014.8,2041.2
viltrumite,spiritualist,androidforms,conquestfull,m100,3,34.5,34.5,1.0,1.0,4.12,34.5,1552.5,3450.0,1729.0,34.5,1214.4,2681.8,0.453,166.9,428.8,0.12,0.082,0.164,1014.8,2041.2
viltrumite,spiritualist,androidforms,conquestfull,m100,5,34.5,34.5,1.0,1.0,4.12,34.5,1552.5,3450.0,1729.0,34.5,1209.6,2681.8,0.451,278.2,890.5,0.26,0.136,0.274,1014.8,2041.2
viltrumite,spiritualist,androidforms,conquestfull,m100,7,34.5,34.5,1.0,1.0,4.12,34.5,1552.5,3450.0,1729.0,34.5,1209.6,2681.8,0.451,352.3,1319.3,0.38,0.173,0.347,1014.8,2041.2
viltrumite,spiritualist,superforms,viltrumiterage,m0,1,3.5,3.5,1.0,1.0,1.0,3.15,157.5,350.0,1729.0,3.5,1205.1,1229.5,0.98,34.6,90.5,0.05,0.068,0.068,510.0,510.0
viltrumite,spiritualist,superforms,viltrumiterage,m0,3,3.5,3.5,1.0,1.0,1.0,3.15,157.5,350.0,1729.0,3.5,1209.8,1229.5,0.984,62.3,230.0,0.13,0.122,0.122,510.0,510.0
viltrumite,spiritualist,superforms,viltrumiterage,m0,5,3.5,3.5,1.0,1.0,1.0,3.15,157.5,350.0,1729.0,3.5,1199.5,1229.5,0.976,103.8,447.5,0.26,0.204,0.204,510.0,510.0
viltrumite,spiritualist,superforms,viltrumiterage,m0,7,3.5,3.5,1.0,1.0,1.0,3.15,157.5,350.0,1729.0,3.5,1199.5,1229.5,0.976,131.5,663.0,0.38,0.258,0.258,510.0,510.0
viltrumite,spiritualist,superforms,viltrumiterage,m100,1,5.25,5.25,1.0,1.0,1.0,4.72,236.2,525.0,1729.0,5.25,1213.1,1258.1,0.964,36.7,91.1,0.05,0.072,0.072,510.0,510.0
viltrumite,spiritualist,superforms,viltrumiterage,m100,3,5.25,5.25,1.0,1.0,1.0,4.72,236.2,525.0,1729.0,5.25,1220.1,1258.1,0.97,66.1,232.0,0.13,0.13,0.13,510.0,510.0
viltrumite,spiritualist,superforms,viltrumiterage,m100,5,5.25,5.25,1.0,1.0,1.0,4.72,236.2,525.0,1729.0,5.25,1204.7,1258.1,0.958,110.2,447.5,0.26,0.216,0.216,510.0,510.0
viltrumite,spiritualist,superforms,viltrumiterage,m100,7,5.25,5.25,1.0,1.0,1.0,4.72,236.2,525.0,1729.0,5.25,1204.7,1258.1,0.958,139.6,663.0,0.38,0.274,0.274,510.0,510.0
viltrumite,spiritualist,superforms,viltrumitehero,m0,1,6.2,6.2,1.0,1.0,1.0,6.2,279.0,620.0,1729.0,6.2,1206.8,1273.6,0.948,37.6,90.6,0.05,0.074,0.074,510.0,510.0
viltrumite,spiritualist,superforms,viltrumitehero,m0,3,6.2,6.2,1.0,1.0,1.0,6.2,279.0,620.0,1729.0,6.2,1203.4,1273.6,0.945,67.7,228.8,0.13,0.133,0.133,510.0,510.0
viltrumite,spiritualist,superforms,viltrumitehero,m0,5,6.2,6.2,1.0,1.0,1.0,6.2,279.0,620.0,1729.0,6.2,1200.6,1273.6,0.943,112.8,447.5,0.26,0.221,0.221,510.0,510.0
viltrumite,spiritualist,superforms,viltrumitehero,m0,7,6.2,6.2,1.0,1.0,1.0,6.2,279.0,620.0,1729.0,6.2,1200.6,1273.6,0.943,142.9,663.0,0.38,0.28,0.28,510.0,510.0
viltrumite,spiritualist,superforms,viltrumitehero,m100,1,9.3,9.3,1.0,1.0,1.0,9.3,418.5,930.0,1729.0,9.3,1210.3,1324.1,0.914,39.7,90.9,0.05,0.078,0.078,510.0,510.0
viltrumite,spiritualist,superforms,viltrumitehero,m100,3,9.3,9.3,1.0,1.0,1.0,9.3,418.5,930.0,1729.0,9.3,1206.2,1324.1,0.911,71.5,229.3,0.13,0.14,0.14,510.0,510.0
viltrumite,spiritualist,superforms,viltrumitehero,m100,5,9.3,9.3,1.0,1.0,1.0,9.3,418.5,930.0,1729.0,9.3,1202.9,1324.1,0.908,119.2,447.5,0.26,0.234,0.234,510.0,510.0
viltrumite,spiritualist,superforms,viltrumitehero,m100,7,9.3,9.3,1.0,1.0,1.0,9.3,418.5,930.0,1729.0,9.3,1202.9,1324.1,0.908,151.0,663.0,0.38,0.296,0.296,510.0,510.0
viltrumite,spiritualist,superforms,aspectofviltrum,m0,1,9.3,9.3,1.0,1.0,1.0,8.65,418.5,930.0,1729.0,9.3,1210.3,1324.1,0.914,39.7,90.9,0.05,0.078,0.078,510.0,510.0
viltrumite,spiritualist,superforms,aspectofviltrum,m0,3,9.3,9.3,1.0,1.0,1.0,8.65,418.5,930.0,1729.0,9.3,1206.2,1324.1,0.911,71.5,229.3,0.13,0.14,0.14,510.0,510.0
viltrumite,spiritualist,superforms,aspectofviltrum,m0,5,9.3,9.3,1.0,1.0,1.0,8.65,418.5,930.0,1729.0,9.3,1202.9,1324.1,0.908,119.2,447.5,0.26,0.234,0.234,510.0,510.0
viltrumite,spiritualist,superforms,aspectofviltrum,m0,7,9.3,9.3,1.0,1.0,1.0,8.65,418.5,930.0,1729.0,9.3,1202.9,1324.1,0.908,151.0,663.0,0.38,0.296,0.296,510.0,510.0
viltrumite,spiritualist,superforms,aspectofviltrum,m100,1,13.95,13.95,1.0,1.0,1.0,12.98,627.8,1395.0,1729.0,13.95,1213.6,1400.0,0.867,41.9,91.1,0.05,0.082,0.082,510.0,510.0
viltrumite,spiritualist,superforms,aspectofviltrum,m100,3,13.95,13.95,1.0,1.0,1.0,12.98,627.8,1395.0,1729.0,13.95,1208.9,1400.0,0.864,75.3,229.9,0.13,0.148,0.148,510.0,510.0
viltrumite,spiritualist,superforms,aspectofviltrum,m100,5,13.95,13.95,1.0,1.0,1.0,12.98,627.8,1395.0,1729.0,13.95,1205.1,1400.0,0.861,125.6,447.5,0.26,0.246,0.246,510.0,510.0
viltrumite,spiritualist,superforms,aspectofviltrum,m100,7,13.95,13.95,1.0,1.0,1.0,12.98,627.8,1395.0,1729.0,13.95,1205.1,1400.0,0.861,159.0,663.0,0.38,0.312,0.312,510.0,510.0
viltrumite,spiritualist,superforms,omniman,m0,1,15.0,15.0,1.0,1.0,1.0,12.5,675.0,1500.0,1729.0,15.0,1213.9,1417.1,0.857,42.2,91.1,0.05,0.083,0.083,510.0,510.0
viltrumite,spiritualist,superforms,omniman,m0,3,15.0,15.0,1.0,1.0,1.0,12.5,675.0,1500.0,1729.0,15.0,1209.4,1417.1,0.853,76.0,229.9,0.13,0.149,0.149,510.0,510.0
viltrumite,spiritualist,superforms,omniman,m0,5,15.0,15.0,1.0,1.0,1.0,12.5,675.0,1500.0,1729.0,15.0,1205.5,1417.1,0.851,126.7,447.5,0.26,0.248,0.248,510.0,510.0
viltrumite,spiritualist,superforms,omniman,m0,7,15.0,15.0,1.0,1.0,1.0,12.5,675.0,1500.0,1729.0,15.0,1205.5,1417.1,0.851,160.5,663.0,0.38,0.315,0.315,510.0,510.0
viltrumite,spiritualist,superforms,omniman,m100,1,22.5,22.5,1.0,1.0,1.0,18.75,1012.5,2250.0,1729.0,22.5,1215.7,1826.0,0.666,44.4,91.3,0.04,0.087,0.087,510.0,510.0
viltrumite,spiritualist,superforms,omniman,m100,3,22.5,22.5,1.0,1.0,1.0,18.75,1012.5,2250.0,1729.0,22.5,1212.0,1826.0,0.664,79.8,230.4,0.1,0.157,0.157,510.0,510.0
viltrumite,spiritualist,superforms,omniman,m100,5,22.5,22.5,1.0,1.0,1.0,18.75,1012.5,2250.0,1729.0,22.5,1207.6,1826.0,0.661,133.1,447.5,0.2,0.261,0.261,510.0,510.0
viltrumite,spiritualist,superforms,omniman,m100,7,22.5,22.5,1.0,1.0,1.0,18.75,1012.5,2250.0,1729.0,22.5,1207.6,1826.0,0.661,168.6,663.0,0.29,0.33,0.33,510.0,510.0
viltrumite,martialartist,base,Base,m0,1,1.0,1.0,1.0,1.0,1.0,1.0,300.0,1638.0,90.0,1.0,1132.0,1132.0,1.0,61.9,140.9,0.09,0.06,0.06,1032.0,1032.0
viltrumite,martialartist,base,Base,m0,3,1.0,1.0,1.0,1.0,1.0,1.0,300.0,1638.0,90.0,1.0,1132.0,1132.0,1.0,102.2,436.0,0.27,0.099,0.099,1032.0,1032.0
viltrumite,martialartist,base,Base,m0,5,1.0,1.0,1.0,1.0,1.0,1.0,300.0,1638.0,90.0,1.0,1132.0,1132.0,1.0,170.3,905.6,0.55,0.165,0.165,1032.0,1032.0
viltrumite,martialartist,base,Base,m0,7,1.0,1.0,1.0,1.0,1.0,1.0,300.0,1638.0,90.0,1.0,1132.0,1132.0,1.0,215.7,1341.6,0.82,0.209,0.209,1032.0,1032.0
viltrumite,martialartist,androidforms,androidbase,m0,1,2.75,2.75,1.0,1.0,2.75,2.75,825.0,4504.5,90.0,2.75,1989.7,3090.1,0.644,133.3,278.4,0.06,0.048,0.065,2039.2,2803.0
viltrumite,martialartist,androidforms,androidbase,m0,3,2.75,2.75,1.0,1.0,2.75,2.75,825.0,4504.5,90.0,2.75,2238.6,3090.1,0.724,235.7,846.1,0.19,0.084,0.118,2002.7,2803.0
viltrumite,martialartist,androidforms,androidbase,m0,5,2.75,2.75,1.0,1.0,2.75,2.75,825.0,4504.5,90.0,2.75,1693.8,3090.1,0.548,387.2,1731.9,0.38,0.138,0.196,1973.7,2803.0
viltrumite,martialartist,androidforms,androidbase,m0,7,2.75,2.75,1.0,1.0,2.75,2.75,825.0,4504.5,90.0,2.75,1693.8,3090.1,0.548,490.4,2565.7,0.57,0.175,0.248,1973.7,2803.0
viltrumite,martialartist,androidforms,androidbase,m100,1,4.12,4.12,1.0,1.0,4.12,4.12,1237.5,6756.8,90.0,4.12,2456.9,4628.6,0.531,186.6,366.2,0.05,0.044,0.07,2682.5,4194.5
viltrumite,martialartist,androidforms,androidbase,m100,3,4.12,4.12,1.0,1.0,4.12,4.12,1237.5,6756.8,90.0,4.12,2841.4,4628.6,0.614,328.4,1108.2,0.16,0.078,0.125,2622.9,4194.5
viltrumite,martialartist,androidforms,androidbase,m100,5,4.12,4.12,1.0,1.0,4.12,4.12,1237.5,6756.8,90.0,4.12,1999.8,4628.6,0.432,537.4,2259.9,0.33,0.128,0.209,2575.4,4194.5
viltrumite,martialartist,androidforms,androidbase,m100,7,4.12,4.12,1.0,1.0,4.12,4.12,1237.5,6756.8,90.0,4.12,1999.8,4628.6,0.432,680.7,3348.0,0.5,0.162,0.264,2575.4,4194.5
viltrumite,martialartist,androidforms,conquestjr,m0,1,6.95,6.95,1.0,1.0,2.75,6.95,2085.0,11384.1,90.0,6.95,2440.2,7789.6,0.313,152.0,277.0,0.02,0.054,0.075,2029.1,2803.0
viltrumite,martialartist,androidforms,conquestjr,m0,3,6.95,6.95,1.0,1.0,2.75,6.95,2085.0,11384.1,90.0,6.95,2188.8,7789.6,0.281,268.8,842.2,0.07,0.096,0.135,1993.4,2803.0
viltrumite,martialartist,androidforms,conquestjr,m0,5,6.95,6.95,1.0,1.0,2.75,6.95,2085.0,11384.1,90.0,6.95,1988.9,7789.6,0.255,441.5,1723.9,0.15,0.158,0.225,1964.6,2803.0
viltrumite,martialartist,androidforms,conquestjr,m0,7,6.95,6.95,1.0,1.0,2.75,6.95,2085.0,11384.1,90.0,6.95,1988.9,7789.6,0.255,559.2,2554.0,0.22,0.2,0.285,1964.6,2803.0
viltrumite,martialartist,androidforms,conquestjr,m100,1,10.43,10.43,1.0,1.0,4.12,10.43,3127.5,17076.2,90.0,10.43,2679.4,11677.8,0.229,196.9,339.8,0.02,0.047,0.079,2489.6,4194.5
viltrumite,martialartist,androidforms,conquestjr,m100,3,10.43,10.43,1.0,1.0,4.12,10.43,3127.5,17076.2,90.0,10.43,2382.1,11677.8,0.204,354.3,1051.9,0.06,0.084,0.142,2489.6,4194.5
viltrumite,martialartist,androidforms,conquestjr,m100,5,10.43,10.43,1.0,1.0,4.12,10.43,3127.5,17076.2,90.0,10.43,2145.6,11677.8,0.184,584.9,2163.8,0.13,0.139,0.237,2465.8,4194.5
viltrumite,martialartist,androidforms,conquestjr,m100,7,10.43,10.43,1.0,1.0,4.12,10.43,3127.5,17076.2,90.0,10.43,2145.6,11677.8,0.184,740.9,3205.6,0.19,0.177,0.3,2465.8,4194.5
viltrumite,martialartist,androidforms,conquest,m0,1,15.1,15.1,1.0,1.0,2.75,15.1,4530.0,24733.8,90.0,15.1,2861.1,16908.8,0.169,156.7,258.0,0.01,0.056,0.083,1890.4,2803.0
viltrumite,martialartist,androidforms,conquest,m0,3,15.1,15.1,1.0,1.0,2.75,15.1,4530.0,24733.8,90.0,15.1,2553.3,16908.8,0.151,282.0,798.7,0.03,0.101,0.149,1890.4,2803.0
viltrumite,martialartist,androidforms,conquest,m0,5,15.1,15.1,1.0,1.0,2.75,15.1,4530.0,24733.8,90.0,15.1,2284.4,16908.8,0.135,470.0,1658.9,0.07,0.168,0.249,1890.4,2803.0
viltrumite,martialartist,androidforms,conquest,m0,7,15.1,15.1,1.0,1.0,2.75,15.1,4530.0,24733.8,90.0,15.1,2284.4,16908.8,0.135,595.4,2457.6,0.1,0.212,0.315,1890.4,2803.0
viltrumite,martialartist,androidforms,conquest,m100,1,22.65,22.65,1.0,1.0,4.12,22.65,6795.0,37100.7,90.0,22.65,2981.2,25356.7,0.118,192.9,302.6,0.01,0.046,0.087,2216.6,4194.5
viltrumite,martialartist,androidforms,conquest,m100,3,22.65,22.65,1.0,1.0,4.12,22.65,6795.0,37100.7,90.0,22.65,2729.8,25356.7,0.108,347.3,936.5,0.03,0.083,0.157,2216.6,4194.5
viltrumite,martialartist,androidforms,conquest,m100,5,22.65,22.65,1.0,1.0,4.12,22.65,6795.0,37100.7,90.0,22.65,2427.5,25356.7,0.096,578.8,1945.1,0.05,0.138,0.261,2216.6,4194.5
viltrumite,martialartist,androidforms,conquest,m100,7,22.65,22.65,1.0,1.0,4.12,22.65,6795.0,37100.7,90.0,22.65,2427.5,25356.7,0.096,733.2,2881.6,0.08,0.175,0.331,2216.6,4194.5
viltrumite,martialartist,androidforms,conquestfull,m0,1,23.0,23.0,1.0,1.0,2.75,23.0,6900.0,37674.0,90.0,23.0,2984.9,25748.3,0.116,158.7,248.4,0.01,0.057,0.087,1820.0,2803.0
viltrumite,martialartist,androidforms,conquestfull,m0,3,23.0,23.0,1.0,1.0,2.75,23.0,6900.0,37674.0,90.0,23.0,2736.2,25748.3,0.106,285.7,768.9,0.02,0.102,0.157,1820.0,2803.0
viltrumite,martialartist,androidforms,conquestfull,m0,5,23.0,23.0,1.0,1.0,2.75,23.0,6900.0,37674.0,90.0,23.0,2432.7,25748.3,0.094,476.1,1597.0,0.04,0.17,0.262,1820.0,2803.0
viltrumite,martialartist,androidforms,conquestfull,m0,7,23.0,23.0,1.0,1.0,2.75,23.0,6900.0,37674.0,90.0,23.0,2432.7,25748.3,0.094,603.1,2366.0,0.06,0.215,0.331,1820.0,2803.0
viltrumite,martialartist,androidforms,conquestfull,m100,1,34.5,34.5,1.0,1.0,4.12,34.5,10350.0,56511.0,90.0,34.5,3063.9,38616.0,0.079,190.5,284.6,0.01,0.045,0.091,2085.3,4194.5
viltrumite,martialartist,androidforms,conquestfull,m100,3,34.5,34.5,1.0,1.0,4.12,34.5,10350.0,56511.0,90.0,34.5,2894.9,38616.0,0.075,342.9,881.1,0.02,0.082,0.164,2085.3,4194.5
viltrumite,martialartist,androidforms,conquestfull,m100,5,34.5,34.5,1.0,1.0,4.12,34.5,10350.0,56511.0,90.0,34.5,2561.4,38616.0,0.066,571.6,1829.9,0.03,0.136,0.274,2085.3,4194.5
viltrumite,martialartist,androidforms,conquestfull,m100,7,34.5,34.5,1.0,1.0,4.12,34.5,10350.0,56511.0,90.0,34.5,2561.4,38616.0,0.066,724.0,2710.9,0.05,0.173,0.347,2085.3,4194.5
viltrumite,martialartist,superforms,viltrumiterage,m0,1,3.5,3.5,1.0,1.0,1.0,3.15,1050.0,5733.0,90.0,3.5,2252.7,3929.3,0.573,70.0,169.1,0.03,0.068,0.068,1032.0,1032.0
viltrumite,martialartist,superforms,viltrumiterage,m0,3,3.5,3.5,1.0,1.0,1.0,3.15,1050.0,5733.0,90.0,3.5,2578.0,3929.3,0.656,126.1,490.1,0.09,0.122,0.122,1032.0,1032.0
viltrumite,martialartist,superforms,viltrumiterage,m0,5,3.5,3.5,1.0,1.0,1.0,3.15,1050.0,5733.0,90.0,3.5,1866.1,3929.3,0.475,210.1,905.6,0.16,0.204,0.204,1032.0,1032.0
viltrumite,martialartist,superforms,viltrumiterage,m0,7,3.5,3.5,1.0,1.0,1.0,3.15,1050.0,5733.0,90.0,3.5,1866.1,3929.3,0.475,266.1,1341.6,0.23,0.258,0.258,1032.0,1032.0
viltrumite,martialartist,superforms,viltrumiterage,m100,1,5.25,5.25,1.0,1.0,1.0,4.72,1575.0,8599.5,90.0,5.25,2800.6,5887.4,0.476,74.3,192.7,0.02,0.072,0.072,1032.0,1032.0
viltrumite,martialartist,superforms,viltrumiterage,m100,3,5.25,5.25,1.0,1.0,1.0,4.72,1575.0,8599.5,90.0,5.25,3284.8,5887.4,0.558,133.8,596.6,0.07,0.13,0.13,1032.0,1032.0
viltrumite,martialartist,superforms,viltrumiterage,m100,5,5.25,5.25,1.0,1.0,1.0,4.72,1575.0,8599.5,90.0,5.25,2224.9,5887.4,0.378,223.0,905.6,0.11,0.216,0.216,1032.0,1032.0
viltrumite,martialartist,superforms,viltrumiterage,m100,7,5.25,5.25,1.0,1.0,1.0,4.72,1575.0,8599.5,90.0,5.25,2224.9,5887.4,0.378,282.5,1341.6,0.16,0.274,0.274,1032.0,1032.0
viltrumite,martialartist,superforms,viltrumitehero,m0,1,6.2,6.2,1.0,1.0,1.0,6.2,1860.0,10155.6,90.0,6.2,2372.1,6950.4,0.341,76.1,178.1,0.02,0.074,0.074,1032.0,1032.0
viltrumite,martialartist,superforms,viltrumitehero,m0,3,6.2,6.2,1.0,1.0,1.0,6.2,1860.0,10155.6,90.0,6.2,2133.8,6950.4,0.307,137.0,436.0,0.04,0.133,0.133,1032.0,1032.0
viltrumite,martialartist,superforms,viltrumitehero,m0,5,6.2,6.2,1.0,1.0,1.0,6.2,1860.0,10155.6,90.0,6.2,1944.3,6950.4,0.28,228.3,905.6,0.09,0.221,0.221,1032.0,1032.0
viltrumite,martialartist,superforms,viltrumitehero,m0,7,6.2,6.2,1.0,1.0,1.0,6.2,1860.0,10155.6,90.0,6.2,1944.3,6950.4,0.28,289.2,1341.6,0.13,0.28,0.28,1032.0,1032.0
viltrumite,martialartist,superforms,viltrumitehero,m100,1,9.3,9.3,1.0,1.0,1.0,9.3,2790.0,15233.4,90.0,9.3,2612.6,10419.1,0.251,80.4,196.1,0.01,0.078,0.078,1032.0,1032.0
viltrumite,martialartist,superforms,viltrumitehero,m100,3,9.3,9.3,1.0,1.0,1.0,9.3,2790.0,15233.4,90.0,9.3,2328.1,10419.1,0.223,144.7,442.6,0.03,0.14,0.14,1032.0,1032.0
viltrumite,martialartist,superforms,viltrumitehero,m100,5,9.3,9.3,1.0,1.0,1.0,9.3,2790.0,15233.4,90.0,9.3,2101.8,10419.1,0.202,241.2,905.6,0.06,0.234,0.234,1032.0,1032.0
viltrumite,martialartist,superforms,viltrumitehero,m100,7,9.3,9.3,1.0,1.0,1.0,9.3,2790.0,15233.4,90.0,9.3,2101.8,10419.1,0.202,305.5,1341.6,0.09,0.296,0.296,1032.0,1032.0
viltrumite,martialartist,superforms,aspectofviltrum,m0,1,9.3,9.3,1.0,1.0,1.0,8.65,2790.0,15233.4,90.0,9.3,2612.6,10419.1,0.251,80.4,196.1,0.01,0.078,0.078,1032.0,1032.0
viltrumite,martialartist,superforms,aspectofviltrum,m0,3,9.3,9.3,1.0,1.0,1.0,8.65,2790.0,15233.4,90.0,9.3,2328.1,10419.1,0.223,144.7,442.6,0.03,0.14,0.14,1032.0,1032.0
viltrumite,martialartist,superforms,aspectofviltrum,m0,5,9.3,9.3,1.0,1.0,1.0,8.65,2790.0,15233.4,90.0,9.3,2101.8,10419.1,0.202,241.2,905.6,0.06,0.234,0.234,1032.0,1032.0
viltrumite,martialartist,superforms,aspectofviltrum,m0,7,9.3,9.3,1.0,1.0,1.0,8.65,2790.0,15233.4,90.0,9.3,2101.8,10419.1,0.202,305.5,1341.6,0.09,0.296,0.296,1032.0,1032.0
viltrumite,martialartist,superforms,aspectofviltrum,m100,1,13.95,13.95,1.0,1.0,1.0,12.98,4185.0,22850.1,90.0,13.95,2833.3,15622.1,0.181,84.7,202.6,0.01,0.082,0.082,1032.0,1032.0
viltrumite,martialartist,superforms,aspectofviltrum,m100,3,13.95,13.95,1.0,1.0,1.0,12.98,4185.0,22850.1,90.0,13.95,2517.3,15622.1,0.161,152.4,478.6,0.02,0.148,0.148,1032.0,1032.0
viltrumite,martialartist,superforms,aspectofviltrum,m100,5,13.95,13.95,1.0,1.0,1.0,12.98,4185.0,22850.1,90.0,13.95,2255.2,15622.1,0.144,254.1,905.6,0.04,0.246,0.246,1032.0,1032.0
viltrumite,martialartist,superforms,aspectofviltrum,m100,7,13.95,13.95,1.0,1.0,1.0,12.98,4185.0,22850.1,90.0,13.95,2255.2,15622.1,0.144,321.8,1341.6,0.06,0.312,0.312,1032.0,1032.0
viltrumite,martialartist,superforms,omniman,m0,1,15.0,15.0,1.0,1.0,1.0,12.5,4500.0,24570.0,90.0,15.0,2858.8,16796.9,0.17,85.5,203.3,0.01,0.083,0.083,1032.0,1032.0
viltrumite,martialartist,superforms,omniman,m0,3,15.0,15.0,1.0,1.0,1.0,12.5,4500.0,24570.0,90.0,15.0,2550.3,16796.9,0.152,153.8,484.9,0.02,0.149,0.149,1032.0,1032.0
viltrumite,martialartist,superforms,omniman,m0,5,15.0,15.0,1.0,1.0,1.0,12.5,4500.0,24570.0,90.0,15.0,2282.0,16796.9,0.136,256.4,905.6,0.04,0.248,0.248,1032.0,1032.0
viltrumite,martialartist,superforms,omniman,m0,7,15.0,15.0,1.0,1.0,1.0,12.5,4500.0,24570.0,90.0,15.0,2282.0,16796.9,0.136,324.7,1341.6,0.05,0.315,0.315,1032.0,1032.0
viltrumite,martialartist,superforms,omniman,m100,1,22.5,22.5,1.0,1.0,1.0,18.75,6750.0,36855.0,90.0,22.5,2979.5,25188.9,0.118,89.8,207.4,0.01,0.087,0.087,1032.0,1032.0
viltrumite,martialartist,superforms,omniman,m100,3,22.5,22.5,1.0,1.0,1.0,18.75,6750.0,36855.0,90.0,22.5,2727.0,25188.9,0.108,161.6,518.5,0.01,0.157,0.157,1032.0,1032.0
viltrumite,martialartist,superforms,omniman,m100,5,22.5,22.5,1.0,1.0,1.0,18.75,6750.0,36855.0,90.0,22.5,2425.3,25188.9,0.096,269.3,905.6,0.02,0.261,0.261,1032.0,1032.0
viltrumite,martialartist,superforms,omniman,m100,7,22.5,22.5,1.0,1.0,1.0,18.75,6750.0,36855.0,90.0,22.5,2425.3,25188.9,0.096,341.1,1341.6,0.04,0.33,0.33,1032.0,1032.0
viltrumite,paladin,base,Base,m0,1,1.0,1.0,1.0,1.0,1.0,1.0,280.0,426.0,120.0,1.0,330.5,330.5,1.0,61.8,140.6,0.33,0.06,0.06,1030.0,1030.0
viltrumite,paladin,base,Base,m0,3,1.0,1.0,1.0,1.0,1.0,1.0,280.0,426.0,120.0,1.0,330.5,330.5,1.0,102.0,435.2,1.02,0.099,0.099,1030.0,1030.0
viltrumite,paladin,base,Base,m0,5,1.0,1.0,1.0,1.0,1.0,1.0,280.0,426.0,120.0,1.0,330.5,330.5,1.0,170.0,903.8,2.12,0.165,0.165,1030.0,1030.0
viltrumite,paladin,base,Base,m0,7,1.0,1.0,1.0,1.0,1.0,1.0,280.0,426.0,120.0,1.0,330.5,330.5,1.0,215.3,1339.0,3.14,0.209,0.209,1030.0,1030.0
viltrumite,paladin,androidforms,androidbase,m0,1,2.75,2.75,1.0,1.0,2.75,2.75,770.0,1171.5,120.0,2.75,570.9,879.5,0.649,119.9,277.8,0.24,0.043,0.065,2035.2,2797.5
viltrumite,paladin,androidforms,androidbase,m0,3,2.75,2.75,1.0,1.0,2.75,2.75,770.0,1171.5,120.0,2.75,640.7,879.5,0.729,235.3,844.5,0.72,0.084,0.118,1998.8,2797.5
viltrumite,paladin,androidforms,androidbase,m0,5,2.75,2.75,1.0,1.0,2.75,2.75,770.0,1171.5,120.0,2.75,488.0,879.5,0.555,386.4,1728.5,1.48,0.138,0.196,1969.8,2797.5
viltrumite,paladin,androidforms,androidbase,m0,7,2.75,2.75,1.0,1.0,2.75,2.75,770.0,1171.5,120.0,2.75,488.0,879.5,0.555,489.4,2560.7,2.19,0.175,0.248,1969.8,2797.5
viltrumite,paladin,androidforms,androidbase,m100,1,4.12,4.12,1.0,1.0,4.12,4.12,1155.0,1757.2,120.0,4.12,702.0,1310.9,0.535,147.4,365.4,0.21,0.035,0.07,2677.2,4186.2
viltrumite,paladin,androidforms,androidbase,m100,3,4.12,4.12,1.0,1.0,4.12,4.12,1155.0,1757.2,120.0,4.12,809.8,1310.9,0.618,327.7,1106.0,0.63,0.078,0.125,2617.7,4186.2
viltrumite,paladin,androidforms,androidbase,m100,5,4.12,4.12,1.0,1.0,4.12,4.12,1155.0,1757.2,120.0,4.12,573.8,1310.9,0.438,536.3,2255.5,1.28,0.128,0.209,2570.4,4186.2
viltrumite,paladin,androidforms,androidbase,m100,7,4.12,4.12,1.0,1.0,4.12,4.12,1155.0,1757.2,120.0,4.12,573.8,1310.9,0.438,679.3,3341.5,1.9,0.162,0.264,2570.4,4186.2
viltrumite,paladin,androidforms,conquestjr,m0,1,6.95,6.95,1.0,1.0,2.75,6.95,1946.0,2960.7,120.0,6.95,697.3,2197.1,0.317,146.4,276.4,0.09,0.052,0.075,2025.1,2797.5
viltrumite,paladin,androidforms,conquestjr,m0,3,6.95,6.95,1.0,1.0,2.75,6.95,1946.0,2960.7,120.0,6.95,626.8,2197.1,0.285,268.3,840.5,0.28,0.096,0.135,1989.5,2797.5
viltrumite,paladin,androidforms,conquestjr,m0,5,6.95,6.95,1.0,1.0,2.75,6.95,1946.0,2960.7,120.0,6.95,570.7,2197.1,0.26,440.6,1720.6,0.58,0.158,0.225,1960.7,2797.5
viltrumite,paladin,androidforms,conquestjr,m0,7,6.95,6.95,1.0,1.0,2.75,6.95,1946.0,2960.7,120.0,6.95,570.7,2197.1,0.26,558.1,2549.0,0.86,0.2,0.285,1960.7,2797.5
viltrumite,paladin,androidforms,conquestjr,m100,1,10.43,10.43,1.0,1.0,4.12,10.43,2919.0,4441.1,120.0,10.43,764.3,3287.3,0.233,160.5,339.2,0.08,0.038,0.079,2484.7,4186.2
viltrumite,paladin,androidforms,conquestjr,m100,3,10.43,10.43,1.0,1.0,4.12,10.43,2919.0,4441.1,120.0,10.43,681.0,3287.3,0.207,353.7,1049.8,0.24,0.084,0.142,2484.7,4186.2
viltrumite,paladin,androidforms,conquestjr,m100,5,10.43,10.43,1.0,1.0,4.12,10.43,2919.0,4441.1,120.0,10.43,614.7,3287.3,0.187,583.8,2159.5,0.49,0.139,0.237,2461.0,4186.2
viltrumite,paladin,androidforms,conquestjr,m100,7,10.43,10.43,1.0,1.0,4.12,10.43,2919.0,4441.1,120.0,10.43,614.7,3287.3,0.187,739.5,3199.3,0.72,0.177,0.3,2461.0,4186.2
viltrumite,paladin,androidforms,conquest,m0,1,15.1,15.1,1.0,1.0,2.75,15.1,4228.0,6432.6,120.0,15.1,815.3,4754.0,0.171,156.4,257.5,0.04,0.056,0.083,1886.7,2797.5
viltrumite,paladin,androidforms,conquest,m0,3,15.1,15.1,1.0,1.0,2.75,15.1,4228.0,6432.6,120.0,15.1,729.0,4754.0,0.153,281.5,797.1,0.12,0.101,0.149,1886.7,2797.5
viltrumite,paladin,androidforms,conquest,m0,5,15.1,15.1,1.0,1.0,2.75,15.1,4228.0,6432.6,120.0,15.1,653.6,4754.0,0.137,469.1,1655.6,0.26,0.168,0.249,1886.7,2797.5
viltrumite,paladin,androidforms,conquest,m0,7,15.1,15.1,1.0,1.0,2.75,15.1,4228.0,6432.6,120.0,15.1,653.6,4754.0,0.137,594.2,2452.8,0.38,0.212,0.315,1886.7,2797.5
viltrumite,paladin,androidforms,conquest,m100,1,22.65,22.65,1.0,1.0,4.12,22.65,6342.0,9648.9,120.0,22.65,848.9,7122.6,0.119,178.3,302.0,0.03,0.043,0.087,2212.3,4186.2
viltrumite,paladin,androidforms,conquest,m100,3,22.65,22.65,1.0,1.0,4.12,22.65,6342.0,9648.9,120.0,22.65,778.5,7122.6,0.109,346.6,934.7,0.1,0.083,0.157,2212.3,4186.2
viltrumite,paladin,androidforms,conquest,m100,5,22.65,22.65,1.0,1.0,4.12,22.65,6342.0,9648.9,120.0,22.65,693.7,7122.6,0.097,577.7,1941.3,0.2,0.138,0.261,2212.3,4186.2
viltrumite,paladin,androidforms,conquest,m100,7,22.65,22.65,1.0,1.0,4.12,22.65,6342.0,9648.9,120.0,22.65,693.7,7122.6,0.097,731.7,2876.0,0.3,0.175,0.331,2212.3,4186.2
viltrumite,paladin,androidforms,conquestfull,m0,1,23.0,23.0,1.0,1.0,2.75,23.0,6440.0,9798.0,120.0,23.0,850.0,7232.4,0.118,158.4,247.9,0.03,0.057,0.087,1816.4,2797.5
viltrumite,paladin,androidforms,conquestfull,m0,3,23.0,23.0,1.0,1.0,2.75,23.0,6440.0,9798.0,120.0,23.0,780.3,7232.4,0.108,285.1,767.4,0.08,0.102,0.157,1816.4,2797.5
viltrumite,paladin,androidforms,conquestfull,m0,5,23.0,23.0,1.0,1.0,2.75,23.0,6440.0,9798.0,120.0,23.0,695.2,7232.4,0.096,475.2,1593.9,0.16,0.17,0.262,1816.4,2797.5
viltrumite,paladin,androidforms,conquestfull,m0,7,23.0,23.0,1.0,1.0,2.75,23.0,6440.0,9798.0,120.0,23.0,695.2,7232.4,0.096,601.9,2361.3,0.24,0.215,0.331,1816.4,2797.5
viltrumite,paladin,androidforms,conquestfull,m100,1,34.5,34.5,1.0,1.0,4.12,34.5,9660.0,14697.0,120.0,34.5,872.1,10840.3,0.08,183.1,284.1,0.02,0.044,0.091,2081.2,4186.2
viltrumite,paladin,androidforms,conquestfull,m100,3,34.5,34.5,1.0,1.0,4.12,34.5,9660.0,14697.0,120.0,34.5,824.8,10840.3,0.076,342.3,879.3,0.06,0.082,0.164,2081.2,4186.2
viltrumite,paladin,androidforms,conquestfull,m100,5,34.5,34.5,1.0,1.0,4.12,34.5,9660.0,14697.0,120.0,34.5,731.2,10840.3,0.067,570.4,1826.3,0.12,0.136,0.274,2081.2,4186.2
viltrumite,paladin,androidforms,conquestfull,m100,7,34.5,34.5,1.0,1.0,4.12,34.5,9660.0,14697.0,120.0,34.5,731.2,10840.3,0.067,722.6,2705.6,0.18,0.173,0.347,2081.2,4186.2
viltrumite,paladin,superforms,viltrumiterage,m0,1,3.5,3.5,1.0,1.0,1.0,3.15,980.0,1491.0,120.0,3.5,644.7,1114.8,0.578,69.9,140.6,0.09,0.068,0.068,1030.0,1030.0
viltrumite,paladin,superforms,viltrumiterage,m0,3,3.5,3.5,1.0,1.0,1.0,3.15,980.0,1491.0,120.0,3.5,735.9,1114.8,0.66,125.8,435.2,0.29,0.122,0.122,1030.0,1030.0
viltrumite,paladin,superforms,viltrumiterage,m0,5,3.5,3.5,1.0,1.0,1.0,3.15,980.0,1491.0,120.0,3.5,536.3,1114.8,0.481,209.7,903.8,0.61,0.204,0.204,1030.0,1030.0
viltrumite,paladin,superforms,viltrumiterage,m0,7,3.5,3.5,1.0,1.0,1.0,3.15,980.0,1491.0,120.0,3.5,536.3,1114.8,0.481,265.6,1339.0,0.9,0.258,0.258,1030.0,1030.0
viltrumite,paladin,superforms,viltrumiterage,m100,1,5.25,5.25,1.0,1.0,1.0,4.72,1470.0,2236.5,120.0,5.25,798.3,1663.8,0.48,74.2,140.6,0.06,0.072,0.072,1030.0,1030.0
viltrumite,paladin,superforms,viltrumiterage,m100,3,5.25,5.25,1.0,1.0,1.0,4.72,1470.0,2236.5,120.0,5.25,934.1,1663.8,0.561,133.5,435.2,0.19,0.13,0.13,1030.0,1030.0
viltrumite,paladin,superforms,viltrumiterage,m100,5,5.25,5.25,1.0,1.0,1.0,4.72,1470.0,2236.5,120.0,5.25,636.9,1663.8,0.383,222.6,903.8,0.4,0.216,0.216,1030.0,1030.0
viltrumite,paladin,superforms,viltrumiterage,m100,7,5.25,5.25,1.0,1.0,1.0,4.72,1470.0,2236.5,120.0,5.25,636.9,1663.8,0.383,281.9,1339.0,0.6,0.274,0.274,1030.0,1030.0
viltrumite,paladin,superforms,viltrumitehero,m0,1,6.2,6.2,1.0,1.0,1.0,6.2,1736.0,2641.2,120.0,6.2,678.2,1961.8,0.346,75.9,140.6,0.05,0.074,0.074,1030.0,1030.0
viltrumite,paladin,superforms,viltrumitehero,m0,3,6.2,6.2,1.0,1.0,1.0,6.2,1736.0,2641.2,120.0,6.2,611.4,1961.8,0.312,136.7,435.2,0.16,0.133,0.133,1030.0,1030.0
viltrumite,paladin,superforms,viltrumitehero,m0,5,6.2,6.2,1.0,1.0,1.0,6.2,1736.0,2641.2,120.0,6.2,558.2,1961.8,0.285,227.8,903.8,0.34,0.221,0.221,1030.0,1030.0
viltrumite,paladin,superforms,viltrumitehero,m0,7,6.2,6.2,1.0,1.0,1.0,6.2,1736.0,2641.2,120.0,6.2,558.2,1961.8,0.285,288.6,1339.0,0.51,0.28,0.28,1030.0,1030.0
viltrumite,paladin,superforms,viltrumitehero,m100,1,9.3,9.3,1.0,1.0,1.0,9.3,2604.0,3961.8,120.0,9.3,745.6,2934.4,0.254,80.2,140.6,0.04,0.078,0.078,1030.0,1030.0
viltrumite,paladin,superforms,viltrumitehero,m100,3,9.3,9.3,1.0,1.0,1.0,9.3,2604.0,3961.8,120.0,9.3,665.8,2934.4,0.227,144.4,435.2,0.11,0.14,0.14,1030.0,1030.0
viltrumite,paladin,superforms,viltrumitehero,m100,5,9.3,9.3,1.0,1.0,1.0,9.3,2604.0,3961.8,120.0,9.3,602.4,2934.4,0.205,240.7,903.8,0.23,0.234,0.234,1030.0,1030.0
viltrumite,paladin,superforms,viltrumitehero,m100,7,9.3,9.3,1.0,1.0,1.0,9.3,2604.0,3961.8,120.0,9.3,602.4,2934.4,0.205,304.9,1339.0,0.34,0.296,0.296,1030.0,1030.0
viltrumite,paladin,superforms,aspectofviltrum,m0,1,9.3,9.3,1.0,1.0,1.0,8.65,2604.0,3961.8,120.0,9.3,745.6,2934.4,0.254,80.2,140.6,0.04,0.078,0.078,1030.0,1030.0
viltrumite,paladin,superforms,aspectofviltrum,m0,3,9.3,9.3,1.0,1.0,1.0,8.65,2604.0,3961.8,120.0,9.3,665.8,2934.4,0.227,144.4,435.2,0.11,0.14,0.14,1030.0,1030.0
viltrumite,paladin,superforms,aspectofviltrum,m0,5,9.3,9.3,1.0,1.0,1.0,8.65,2604.0,3961.8,120.0,9.3,602.4,2934.4,0.205,240.7,903.8,0.23,0.234,0.234,1030.0,1030.0
viltrumite,paladin,superforms,aspectofviltrum,m0,7,9.3,9.3,1.0,1.0,1.0,8.65,2604.0,3961.8,120.0,9.3,602.4,2934.4,0.205,304.9,1339.0,0.34,0.296,0.296,1030.0,1030.0
viltrumite,paladin,superforms,aspectofviltrum,m100,1,13.95,13.95,1.0,1.0,1.0,12.98,3906.0,5942.7,120.0,13.95,807.5,4393.2,0.184,84.5,140.6,0.02,0.082,0.082,1030.0,1030.0
viltrumite,paladin,superforms,aspectofviltrum,m100,3,13.95,13.95,1.0,1.0,1.0,12.98,3906.0,5942.7,120.0,13.95,718.9,4393.2,0.164,152.1,435.2,0.07,0.148,0.148,1030.0,1030.0
viltrumite,paladin,superforms,aspectofviltrum,m100,5,13.95,13.95,1.0,1.0,1.0,12.98,3906.0,5942.7,120.0,13.95,645.4,4393.2,0.147,253.6,903.8,0.15,0.246,0.246,1030.0,1030.0
viltrumite,paladin,superforms,aspectofviltrum,m100,7,13.95,13.95,1.0,1.0,1.0,12.98,3906.0,5942.7,120.0,13.95,645.4,4393.2,0.147,321.2,1339.0,0.23,0.312,0.312,1030.0,1030.0
viltrumite,paladin,superforms,omniman,m0,1,15.0,15.0,1.0,1.0,1.0,12.5,4200.0,6390.0,120.0,15.0,814.6,4722.6,0.172,85.3,140.6,0.02,0.083,0.083,1030.0,1030.0
viltrumite,paladin,superforms,omniman,m0,3,15.0,15.0,1.0,1.0,1.0,12.5,4200.0,6390.0,120.0,15.0,728.1,4722.6,0.154,153.5,435.2,0.07,0.149,0.149,1030.0,1030.0
viltrumite,paladin,superforms,omniman,m0,5,15.0,15.0,1.0,1.0,1.0,12.5,4200.0,6390.0,120.0,15.0,652.9,4722.6,0.138,255.9,903.8,0.14,0.248,0.248,1030.0,1030.0
viltrumite,paladin,superforms,omniman,m0,7,15.0,15.0,1.0,1.0,1.0,12.5,4200.0,6390.0,120.0,15.0,652.9,4722.6,0.138,324.1,1339.0,0.21,0.315,0.315,1030.0,1030.0
viltrumite,paladin,superforms,omniman,m100,1,22.5,22.5,1.0,1.0,1.0,18.75,6300.0,9585.0,120.0,22.5,848.5,7075.6,0.12,89.6,140.6,0.01,0.087,0.087,1030.0,1030.0
viltrumite,paladin,superforms,omniman,m100,3,22.5,22.5,1.0,1.0,1.0,18.75,6300.0,9585.0,120.0,22.5,777.7,7075.6,0.11,161.2,435.2,0.05,0.157,0.157,1030.0,1030.0
viltrumite,paladin,superforms,omniman,m100,5,22.5,22.5,1.0,1.0,1.0,18.75,6300.0,9585.0,120.0,22.5,693.1,7075.6,0.098,268.7,903.8,0.09,0.261,0.261,1030.0,1030.0
viltrumite,paladin,superforms,omniman,m100,7,22.5,22.5,1.0,1.0,1.0,18.75,6300.0,9585.0,120.0,22.5,693.1,7075.6,0.098,340.4,1339.0,0.14,0.33,0.33,1030.0,1030.0
viltrumite,tank,base,Base,m0,1,1.0,1.0,1.0,1.0,1.0,1.0,160.0,140.0,50.0,1.0,128.8,128.8,1.0,27.1,245.0,1.53,0.015,0.06,1795.0,1795.0
viltrumite,tank,base,Base,m0,3,1.0,1.0,1.0,1.0,1.0,1.0,160.0,140.0,50.0,1.0,128.8,128.8,1.0,83.7,758.4,4.74,0.047,0.099,1795.0,1795.0
viltrumite,tank,base,Base,m0,5,1.0,1.0,1.0,1.0,1.0,1.0,160.0,140.0,50.0,1.0,128.8,128.8,1.0,173.9,1575.1,9.84,0.097,0.165,1795.0,1795.0
viltrumite,tank,base,Base,m0,7,1.0,1.0,1.0,1.0,1.0,1.0,160.0,140.0,50.0,1.0,128.8,128.8,1.0,257.6,2333.5,14.58,0.144,0.209,1795.0,1795.0
viltrumite,tank,androidforms,androidbase,m0,1,2.75,2.75,1.0,1.0,2.75,2.75,440.0,385.0,50.0,2.75,222.1,341.9,0.65,46.6,486.7,1.11,0.01,0.065,3565.7,4901.2
viltrumite,tank,androidforms,androidbase,m0,3,2.75,2.75,1.0,1.0,2.75,2.75,440.0,385.0,50.0,2.75,249.2,341.9,0.729,162.0,1479.5,3.36,0.033,0.118,3501.9,4901.2
viltrumite,tank,androidforms,androidbase,m0,5,2.75,2.75,1.0,1.0,2.75,2.75,440.0,385.0,50.0,2.75,189.9,341.9,0.556,271.8,3028.3,6.88,0.055,0.196,3451.1,4901.2
viltrumite,tank,androidforms,androidbase,m0,7,2.75,2.75,1.0,1.0,2.75,2.75,440.0,385.0,50.0,2.75,189.9,341.9,0.556,417.9,4486.4,10.2,0.085,0.248,3451.1,4901.2
viltrumite,tank,androidforms,androidbase,m100,1,4.12,4.12,1.0,1.0,4.12,4.12,660.0,577.5,50.0,4.12,273.0,509.3,0.536,57.3,640.9,0.97,0.008,0.07,4695.3,7341.9
viltrumite,tank,androidforms,androidbase,m100,3,4.12,4.12,1.0,1.0,4.12,4.12,660.0,577.5,50.0,4.12,314.8,509.3,0.618,204.6,1939.7,2.94,0.028,0.125,4590.9,7341.9
viltrumite,tank,androidforms,androidbase,m100,5,4.12,4.12,1.0,1.0,4.12,4.12,660.0,577.5,50.0,4.12,223.2,509.3,0.438,319.5,3955.7,5.99,0.044,0.209,4507.9,7341.9
viltrumite,tank,androidforms,androidbase,m100,7,4.12,4.12,1.0,1.0,4.12,4.12,660.0,577.5,50.0,4.12,223.2,509.3,0.438,491.1,5860.3,8.88,0.067,0.264,4507.9,7341.9
viltrumite,tank,androidforms,conquestjr,m0,1,6.95,6.95,1.0,1.0,2.75,6.95,1112.0,973.0,50.0,6.95,271.2,853.2,0.318,56.9,484.3,0.44,0.012,0.075,3548.0,4901.2
viltrumite,tank,androidforms,conquestjr,m0,3,6.95,6.95,1.0,1.0,2.75,6.95,1112.0,973.0,50.0,6.95,243.8,853.2,0.286,158.5,1472.6,1.32,0.032,0.135,3485.6,4901.2
viltrumite,tank,androidforms,conquestjr,m0,5,6.95,6.95,1.0,1.0,2.75,6.95,1112.0,973.0,50.0,6.95,222.1,853.2,0.26,317.8,3014.4,2.71,0.065,0.225,3435.3,4901.2
viltrumite,tank,androidforms,conquestjr,m0,7,6.95,6.95,1.0,1.0,2.75,6.95,1112.0,973.0,50.0,6.95,222.1,853.2,0.26,488.5,4465.8,4.02,0.1,0.285,3435.3,4901.2
viltrumite,tank,androidforms,conquestjr,m100,1,10.43,10.43,1.0,1.0,4.12,10.43,1668.0,1459.5,50.0,10.43,297.2,1276.3,0.233,62.4,594.8,0.36,0.009,0.079,4357.7,7341.9
viltrumite,tank,androidforms,conquestjr,m100,3,10.43,10.43,1.0,1.0,4.12,10.43,1668.0,1459.5,50.0,10.43,264.8,1276.3,0.208,172.1,1841.1,1.1,0.023,0.142,4357.7,7341.9
viltrumite,tank,androidforms,conquestjr,m100,5,10.43,10.43,1.0,1.0,4.12,10.43,1668.0,1459.5,50.0,10.43,239.1,1276.3,0.187,342.2,3787.4,2.27,0.047,0.237,4316.1,7341.9
viltrumite,tank,androidforms,conquestjr,m100,7,10.43,10.43,1.0,1.0,4.12,10.43,1668.0,1459.5,50.0,10.43,239.1,1276.3,0.187,526.0,5610.9,3.36,0.072,0.3,4316.1,7341.9
viltrumite,tank,androidforms,conquest,m0,1,15.1,15.1,1.0,1.0,2.75,15.1,2416.0,2114.0,50.0,15.1,317.0,1845.5,0.172,66.6,451.2,0.19,0.014,0.083,3305.6,4901.2
viltrumite,tank,androidforms,conquest,m0,3,15.1,15.1,1.0,1.0,2.75,15.1,2416.0,2114.0,50.0,15.1,283.5,1845.5,0.154,184.3,1396.6,0.58,0.038,0.149,3305.6,4901.2
viltrumite,tank,androidforms,conquest,m0,5,15.1,15.1,1.0,1.0,2.75,15.1,2416.0,2114.0,50.0,15.1,254.2,1845.5,0.138,363.8,2900.6,1.2,0.074,0.249,3305.6,4901.2
viltrumite,tank,androidforms,conquest,m0,7,15.1,15.1,1.0,1.0,2.75,15.1,2416.0,2114.0,50.0,15.1,254.2,1845.5,0.138,559.3,4297.3,1.78,0.114,0.315,3305.6,4901.2
viltrumite,tank,androidforms,conquest,m100,1,22.65,22.65,1.0,1.0,4.12,22.65,3624.0,3171.0,50.0,22.65,330.0,2764.7,0.119,69.3,529.6,0.15,0.009,0.087,3879.9,7341.9
viltrumite,tank,androidforms,conquest,m100,3,22.65,22.65,1.0,1.0,4.12,22.65,3624.0,3171.0,50.0,22.65,302.7,2764.7,0.109,196.7,1639.3,0.45,0.027,0.157,3879.9,7341.9
viltrumite,tank,androidforms,conquest,m100,5,22.65,22.65,1.0,1.0,4.12,22.65,3624.0,3171.0,50.0,22.65,269.8,2764.7,0.098,386.1,3404.6,0.94,0.053,0.261,3879.9,7341.9
viltrumite,tank,androidforms,conquest,m100,7,22.65,22.65,1.0,1.0,4.12,22.65,3624.0,3171.0,50.0,22.65,269.8,2764.7,0.098,593.5,5043.9,1.39,0.081,0.331,3879.9,7341.9
viltrumite,tank,androidforms,conquestfull,m0,1,23.0,23.0,1.0,1.0,2.75,23.0,3680.0,3220.0,50.0,23.0,330.4,2807.3,0.118,69.4,434.4,0.12,0.014,0.087,3182.4,4901.2
viltrumite,tank,androidforms,conquestfull,m0,3,23.0,23.0,1.0,1.0,2.75,23.0,3680.0,3220.0,50.0,23.0,303.4,2807.3,0.108,197.2,1344.6,0.37,0.04,0.157,3182.4,4901.2
viltrumite,tank,androidforms,conquestfull,m0,5,23.0,23.0,1.0,1.0,2.75,23.0,3680.0,3220.0,50.0,23.0,270.3,2807.3,0.096,386.9,2792.5,0.76,0.079,0.262,3182.4,4901.2
viltrumite,tank,androidforms,conquestfull,m0,7,23.0,23.0,1.0,1.0,2.75,23.0,3680.0,3220.0,50.0,23.0,270.3,2807.3,0.096,594.8,4137.1,1.12,0.121,0.331,3182.4,4901.2
viltrumite,tank,androidforms,conquestfull,m100,1,34.5,34.5,1.0,1.0,4.12,34.5,5520.0,4830.0,50.0,34.5,339.0,4207.4,0.081,71.2,498.2,0.09,0.01,0.091,3650.1,7341.9
viltrumite,tank,androidforms,conquestfull,m100,3,34.5,34.5,1.0,1.0,4.12,34.5,5520.0,4830.0,50.0,34.5,320.6,4207.4,0.076,208.4,1542.2,0.28,0.028,0.164,3650.1,7341.9
viltrumite,tank,androidforms,conquestfull,m100,5,34.5,34.5,1.0,1.0,4.12,34.5,5520.0,4830.0,50.0,34.5,284.3,4207.4,0.068,406.9,3202.9,0.58,0.055,0.274,3650.1,7341.9
viltrumite,tank,androidforms,conquestfull,m100,7,34.5,34.5,1.0,1.0,4.12,34.5,5520.0,4830.0,50.0,34.5,284.3,4207.4,0.068,625.6,4745.1,0.86,0.085,0.347,3650.1,7341.9
viltrumite,tank,superforms,viltrumiterage,m0,1,3.5,3.5,1.0,1.0,1.0,3.15,560.0,490.0,50.0,3.5,250.8,433.2,0.579,52.7,245.0,0.44,0.029,0.068,1795.0,1795.0
viltrumite,tank,superforms,viltrumiterage,m0,3,3.5,3.5,1.0,1.0,1.0,3.15,560.0,490.0,50.0,3.5,286.2,433.2,0.661,186.0,758.4,1.35,0.104,0.122,1795.0,1795.0
viltrumite,tank,superforms,viltrumiterage,m0,5,3.5,3.5,1.0,1.0,1.0,3.15,560.0,490.0,50.0,3.5,208.7,433.2,0.482,298.6,1575.1,2.81,0.166,0.204,1795.0,1795.0
viltrumite,tank,superforms,viltrumiterage,m0,7,3.5,3.5,1.0,1.0,1.0,3.15,560.0,490.0,50.0,3.5,208.7,433.2,0.482,459.1,2333.5,4.17,0.256,0.258,1795.0,1795.0
viltrumite,tank,superforms,viltrumiterage,m100,1,5.25,5.25,1.0,1.0,1.0,4.72,840.0,735.0,50.0,5.25,310.4,646.3,0.48,65.2,245.0,0.29,0.036,0.072,1795.0,1795.0
viltrumite,tank,superforms,viltrumiterage,m100,3,5.25,5.25,1.0,1.0,1.0,4.72,840.0,735.0,50.0,5.25,363.1,646.3,0.562,232.7,758.4,0.9,0.13,0.13,1795.0,1795.0
viltrumite,tank,superforms,viltrumiterage,m100,5,5.25,5.25,1.0,1.0,1.0,4.72,840.0,735.0,50.0,5.25,247.7,646.3,0.383,354.5,1575.1,1.88,0.198,0.216,1795.0,1795.0
viltrumite,tank,superforms,viltrumiterage,m100,7,5.25,5.25,1.0,1.0,1.0,4.72,840.0,735.0,50.0,5.25,247.7,646.3,0.383,491.3,2333.5,2.78,0.274,0.274,1795.0,1795.0
viltrumite,tank,superforms,viltrumitehero,m0,1,6.2,6.2,1.0,1.0,1.0,6.2,992.0,868.0,50.0,6.2,263.8,761.9,0.346,55.4,245.0,0.25,0.031,0.074,1795.0,1795.0
viltrumite,tank,superforms,viltrumitehero,m0,3,6.2,6.2,1.0,1.0,1.0,6.2,992.0,868.0,50.0,6.2,237.8,761.9,0.312,154.6,758.4,0.76,0.086,0.133,1795.0,1795.0
viltrumite,tank,superforms,viltrumitehero,m0,5,6.2,6.2,1.0,1.0,1.0,6.2,992.0,868.0,50.0,6.2,217.2,761.9,0.285,310.8,1575.1,1.59,0.173,0.221,1795.0,1795.0
viltrumite,tank,superforms,viltrumitehero,m0,7,6.2,6.2,1.0,1.0,1.0,6.2,992.0,868.0,50.0,6.2,217.2,761.9,0.285,477.8,2333.5,2.35,0.266,0.28,1795.0,1795.0
viltrumite,tank,superforms,viltrumitehero,m100,1,9.3,9.3,1.0,1.0,1.0,9.3,1488.0,1302.0,50.0,9.3,289.9,1139.3,0.254,60.9,245.0,0.16,0.034,0.078,1795.0,1795.0
viltrumite,tank,superforms,viltrumitehero,m100,3,9.3,9.3,1.0,1.0,1.0,9.3,1488.0,1302.0,50.0,9.3,259.0,1139.3,0.227,168.3,758.4,0.51,0.094,0.14,1795.0,1795.0
viltrumite,tank,superforms,viltrumitehero,m100,5,9.3,9.3,1.0,1.0,1.0,9.3,1488.0,1302.0,50.0,9.3,234.3,1139.3,0.206,335.3,1575.1,1.06,0.187,0.234,1795.0,1795.0
viltrumite,tank,superforms,viltrumitehero,m100,7,9.3,9.3,1.0,1.0,1.0,9.3,1488.0,1302.0,50.0,9.3,234.3,1139.3,0.206,515.6,2333.5,1.57,0.287,0.296,1795.0,1795.0
viltrumite,tank,superforms,aspectofviltrum,m0,1,9.3,9.3,1.0,1.0,1.0,8.65,1488.0,1302.0,50.0,9.3,289.9,1139.3,0.254,60.9,245.0,0.16,0.034,0.078,1795.0,1795.0
viltrumite,tank,superforms,aspectofviltrum,m0,3,9.3,9.3,1.0,1.0,1.0,8.65,1488.0,1302.0,50.0,9.3,259.0,1139.3,0.227,168.3,758.4,0.51,0.094,0.14,1795.0,1795.0
viltrumite,tank,superforms,aspectofviltrum,m0,5,9.3,9.3,1.0,1.0,1.0,8.65,1488.0,1302.0,50.0,9.3,234.3,1139.3,0.206,335.3,1575.1,1.06,0.187,0.234,1795.0,1795.0
viltrumite,tank,superforms,aspectofviltrum,m0,7,9.3,9.3,1.0,1.0,1.0,8.65,1488.0,1302.0,50.0,9.3,234.3,1139.3,0.206,515.6,2333.5,1.57,0.287,0.296,1795.0,1795.0
viltrumite,tank,superforms,aspectofviltrum,m100,1,13.95,13.95,1.0,1.0,1.0,12.98,2232.0,1953.0,50.0,13.95,313.9,1705.5,0.184,65.9,245.0,0.11,0.037,0.082,1795.0,1795.0
viltrumite,tank,superforms,aspectofviltrum,m100,3,13.95,13.95,1.0,1.0,1.0,12.98,2232.0,1953.0,50.0,13.95,279.6,1705.5,0.164,181.7,758.4,0.34,0.101,0.148,1795.0,1795.0
viltrumite,tank,superforms,aspectofviltrum,m100,5,13.95,13.95,1.0,1.0,1.0,12.98,2232.0,1953.0,50.0,13.95,251.0,1705.5,0.147,359.2,1575.1,0.71,0.2,0.246,1795.0,1795.0
viltrumite,tank,superforms,aspectofviltrum,m100,7,13.95,13.95,1.0,1.0,1.0,12.98,2232.0,1953.0,50.0,13.95,251.0,1705.5,0.147,552.3,2333.5,1.05,0.308,0.312,1795.0,1795.0
viltrumite,tank,superforms,omniman,m0,1,15.0,15.0,1.0,1.0,1.0,12.5,2400.0,2100.0,50.0,15.0,316.7,1833.3,0.173,66.5,245.0,0.1,0.037,0.083,1795.0,1795.0
viltrumite,tank,superforms,omniman,m0,3,15.0,15.0,1.0,1.0,1.0,12.5,2400.0,2100.0,50.0,15.0,283.1,1833.3,0.154,184.0,758.4,0.32,0.103,0.149,1795.0,1795.0
viltrumite,tank,superforms,omniman,m0,5,15.0,15.0,1.0,1.0,1.0,12.5,2400.0,2100.0,50.0,15.0,253.9,1833.3,0.139,363.4,1575.1,0.66,0.202,0.248,1795.0,1795.0
viltrumite,tank,superforms,omniman,m0,7,15.0,15.0,1.0,1.0,1.0,12.5,2400.0,2100.0,50.0,15.0,253.9,1833.3,0.139,558.7,2333.5,0.97,0.311,0.315,1795.0,1795.0
viltrumite,tank,superforms,omniman,m100,1,22.5,22.5,1.0,1.0,1.0,18.75,3600.0,3150.0,50.0,22.5,329.8,2746.4,0.12,69.3,245.0,0.07,0.039,0.087,1795.0,1795.0
viltrumite,tank,superforms,omniman,m100,3,22.5,22.5,1.0,1.0,1.0,18.75,3600.0,3150.0,50.0,22.5,302.4,2746.4,0.11,196.5,758.4,0.21,0.109,0.157,1795.0,1795.0
viltrumite,tank,superforms,omniman,m100,5,22.5,22.5,1.0,1.0,1.0,18.75,3600.0,3150.0,50.0,22.5,269.5,2746.4,0.098,385.7,1575.1,0.44,0.215,0.261,1795.0,1795.0
viltrumite,tank,superforms,omniman,m100,7,22.5,22.5,1.0,1.0,1.0,18.75,3600.0,3150.0,50.0,22.5,269.5,2746.4,0.098,593.0,2333.5,0.65,0.33,0.33,1795.0,1795.0
